track_id,song_id,artist_id,artist_name,song_title,genre,dot_match_1_artist,dot_match_1_song,dot_match_1_genre,dot_match_1_score,dot_match_2_artist,dot_match_2_song,dot_match_2_genre,dot_match_2_score,dot_match_3_artist,dot_match_3_song,dot_match_3_genre,dot_match_3_score,cov_match_1_artist,cov_match_1_song,cov_match_1_genre,cov_match_1_score,cov_match_2_artist,cov_match_2_song,cov_match_2_genre,cov_match_2_score,cov_match_3_artist,cov_match_3_song,cov_match_3_genre,cov_match_3_score,corr_match_1_artist,corr_match_1_song,corr_match_1_genre,corr_match_1_score,corr_match_2_artist,corr_match_2_song,corr_match_2_genre,corr_match_2_score,corr_match_3_artist,corr_match_3_song,corr_match_3_genre,corr_match_3_score,cosine_match_1_artist,cosine_match_1_song,cosine_match_1_genre,cosine_match_1_score,cosine_match_2_artist,cosine_match_2_song,cosine_match_2_genre,cosine_match_2_score,cosine_match_3_artist,cosine_match_3_song,cosine_match_3_genre,cosine_match_3_score,tfidf_dot_match_1_artist,tfidf_dot_match_1_song,tfidf_dot_match_1_genre,tfidf_dot_match_1_score,tfidf_dot_match_2_artist,tfidf_dot_match_2_song,tfidf_dot_match_2_genre,tfidf_dot_match_2_score,tfidf_dot_match_3_artist,tfidf_dot_match_3_song,tfidf_dot_match_3_genre,tfidf_dot_match_3_score,tfidf_cov_match_1_artist,tfidf_cov_match_1_song,tfidf_cov_match_1_genre,tfidf_cov_match_1_score,tfidf_cov_match_2_artist,tfidf_cov_match_2_song,tfidf_cov_match_2_genre,tfidf_cov_match_2_score,tfidf_cov_match_3_artist,tfidf_cov_match_3_song,tfidf_cov_match_3_genre,tfidf_cov_match_3_score,tfidf_corr_match_1_artist,tfidf_corr_match_1_song,tfidf_corr_match_1_genre,tfidf_corr_match_1_score,tfidf_corr_match_2_artist,tfidf_corr_match_2_song,tfidf_corr_match_2_genre,tfidf_corr_match_2_score,tfidf_corr_match_3_artist,tfidf_corr_match_3_song,tfidf_corr_match_3_genre,tfidf_corr_match_3_score,tfidf_cosine_match_1_artist,tfidf_cosine_match_1_song,tfidf_cosine_match_1_genre,tfidf_cosine_match_1_score,tfidf_cosine_match_2_artist,tfidf_cosine_match_2_song,tfidf_cosine_match_2_genre,tfidf_cosine_match_2_score,tfidf_cosine_match_3_artist,tfidf_cosine_match_3_song,tfidf_cosine_match_3_genre,tfidf_cosine_match_3_score
TRVYEUW128F148C08D,SOFCCWD12AF72A6BC0,ARXPPEY1187FB51DF4,Michael Jackson,All The Things You Are,blues,Lauryn Hill,Interlude 5,r&b/soul,3570.0,Twista,I'm A Winner (Amended Album Version),hip hop,2865.0,Katy Perry,Hot N Cold (Innerpartysystem Main),electronic,2436.0,Lauryn Hill,Interlude 5,r&b/soul,4.138199999999999,Twista,I'm A Winner (Amended Album Version),hip hop,3.369309374999999,Katy Perry,Hot N Cold (Innerpartysystem Main),electronic,2.955773437499995,Tony Bennett,You're All The World To Me,jazz,0.7336968310393819,Patricia Barber,You're The Top,jazz,0.7271838626050467,Husker Du,You're A Soldier,rock,0.6887269177639506,Tony Bennett,You're All The World To Me,jazz,0.73913808345401,Patricia Barber,You're The Top,jazz,0.7316274421252662,Husker Du,You're A Soldier,rock,0.694669413787504,Aqua,Happy Boys & Girls,pop,108.95266031131071,Flipsyde,Angel,hip hop,101.61049527314846,Cathy Dennis,Being With You,pop,100.58760870915184,Aqua,Happy Boys & Girls,pop,91.6896816727753,Cathy Dennis,Being With You,pop,85.06942124454032,Michael Jackson,Baby Be Mine,pop,81.05918663573189,Colin James,These Arms Of Mine,blues,0.3338268050133871,Big Bad Voodoo Daddy,Please Baby,jazz,0.2840742950004401,Michael Jackson,Baby Be Mine,pop,0.2643398109394357,Colin James,These Arms Of Mine,blues,0.35382379729512425,Big Bad Voodoo Daddy,Please Baby,jazz,0.3051595525279233,Michael Jackson,Baby Be Mine,pop,0.30170735811526317
TRCXKPC128F92FD04C,SOEFNXT12AB017E829,ARZENOX1187B98A645,John Mayer,Vultures,blues,Beastie Boys,B-Boy Bouillabaisse: A.W.O.L. (2009 Digital Remaster),hip hop,3132.0,Lauryn Hill,Interlude 5,r&b/soul,3012.0,R. Kelly,I Mean (I Don't Mean It),r&b/soul,2988.0,R. Kelly,I Mean (I Don't Mean It),r&b/soul,3.5052687499999986,Beastie Boys,B-Boy Bouillabaisse: A.W.O.L. (2009 Digital Remaster),hip hop,3.461068750000001,Eminem,8 Mile,hip hop,3.3624312500000006,Naked Aggression,Plastic World,punk,0.6568703206763429,Ozma,The Ups And Downs,rock,0.6411269509264954,Sage Francis,Keep Moving,hip hop,0.6134740359507632,Naked Aggression,Plastic World,punk,0.6692922727596603,Ozma,The Ups And Downs,rock,0.6557604034160445,Sage Francis,Keep Moving,hip hop,0.6349611011001333,Lauryn Hill,Interlude 5,r&b/soul,246.4825821114706,Beastie Boys,B-Boy Bouillabaisse: A.W.O.L. (2009 Digital Remaster),hip hop,215.60734612751932,Binary Star,Honest Expression,hip hop,200.281270949443,Matisyahu,Fire and Heights,reggae,119.36185905416376,OutKast,Mainstream,hip hop,114.52732773604721,Barry White,Never Gonna Give You Up,r&b/soul,106.12027186592677,Barry White,Never Gonna Give You Up,r&b/soul,0.26690847626005315,Matisyahu,Fire and Heights,reggae,0.2615810013065218,Matisyahu,Jerusalem,reggae,0.25483448266391645,Matisyahu,Fire and Heights,reggae,0.3421506732540316,Barry White,Never Gonna Give You Up,r&b/soul,0.32940827919320403,Matisyahu,Jerusalem,reggae,0.3182902209314574
TRMMALW128F92FD049,SOVUCRS12A58A7D207,ARZENOX1187B98A645,John Mayer,Out Of My Mind,blues,Lauryn Hill,Interlude 5,r&b/soul,4597.0,Beastie Boys,B-Boy Bouillabaisse: A.W.O.L. (2009 Digital Remaster),hip hop,3722.0,Twista,I'm A Winner (Amended Album Version),hip hop,3671.0,Lauryn Hill,Interlude 5,r&b/soul,5.32765,Twista,I'm A Winner (Amended Album Version),hip hop,4.315181250000001,Beastie Boys,B-Boy Bouillabaisse: A.W.O.L. (2009 Digital Remaster),hip hop,4.302434374999999,Fat Joe,Preacher On A Sunday Morning,hip hop,0.6669323712356581,Calvin Harris,Ready For The Weekend,electronic,0.6648010039503743,KATAKLYSM,Beyond Salvation,metal,0.6619949063669094,Fat Joe,Preacher On A Sunday Morning,hip hop,0.6782620363865318,Calvin Harris,Ready For The Weekend,electronic,0.6750246601106777,KATAKLYSM,Beyond Salvation,metal,0.6703596100206974,Lauryn Hill,Interlude 5,r&b/soul,178.61903824220047,Eminem,If I Had,hip hop,162.43307034762321,Beastie Boys,B-Boy Bouillabaisse: A.W.O.L. (2009 Digital Remaster),hip hop,155.14230418241527,Eminem,If I Had,hip hop,121.36155582512134,Lauryn Hill,Interlude 5,r&b/soul,93.3082081855372,Nelly,Say Now,hip hop,92.2168653935195,Heatmiser,Half Right,rock,0.26481860217002906,Pop Levi,Hades Lady,rock,0.24657499773370326,Camper Van Beethoven,Sad Lover's Waltz,rock,0.24414805428864475,Heatmiser,Half Right,rock,0.2977239544664077,Eminem,If I Had,hip hop,0.2921640239717054,Gary Allan,Half Of My Mistakes,country,0.2764968207302844
TRJWAJC128F9327C4F,SORMDVX12AB01816AA,ARLMXEA1187B9A7D04,R. Kelly,Hump Bounce,blues,Lauryn Hill,Interlude 5,r&b/soul,5557.0,Beastie Boys,B-Boy Bouillabaisse: A.W.O.L. (2009 Digital Remaster),hip hop,4567.0,Erykah Badu,I Want You,r&b/soul,4088.0,Lauryn Hill,Interlude 5,r&b/soul,6.364349999999997,Beastie Boys,B-Boy Bouillabaisse: A.W.O.L. (2009 Digital Remaster),hip hop,5.2221203125,Erykah Badu,I Want You,r&b/soul,4.896135937500007,The Derek Trucks Band,All I Do,blues,0.6579208891618353,Avalon,Overjoyed,pop,0.6397699791344647,Billie Piper,Day And Night,pop,0.6306836382560342,The Derek Trucks Band,All I Do,blues,0.667718031491555,Avalon,Overjoyed,pop,0.6534939234987447,Billie Piper,Day And Night,pop,0.6430239888722205,Dilated Peoples,Ear Drums Pop,hip hop,207.0776268700607,Ying Yang Twins,1st Booty On Duty,hip hop,197.78061056192914,Beastie Boys,B-Boy Bouillabaisse: A.W.O.L. (2009 Digital Remaster),hip hop,196.09871987916367,Dilated Peoples,Ear Drums Pop,hip hop,131.6163327088382,Afroman,Let's All Get Drunk,hip hop,127.10593738059637,Ying Yang Twins,1st Booty On Duty,hip hop,123.86617016810453,Bowling For Soup,Here We Go,punk,0.3014172856362232,Wade Hayes,Don't Stop,country,0.29480518619703155,The Adicts,Disco,punk,0.29314565282763405,Bowling For Soup,Here We Go,punk,0.34600192665468676,Wade Hayes,Don't Stop,country,0.339255625264981,UB40,Here I Am (Come And Take Me),reggae,0.33139706999048885
TRPEBTH128F9327C4D,SOYTJAC12AF729F49D,ARLMXEA1187B9A7D04,R. Kelly,Intro - The Sermon,blues,Lauryn Hill,Interlude 5,r&b/soul,6673.0,Beastie Boys,B-Boy Bouillabaisse: A.W.O.L. (2009 Digital Remaster),hip hop,5569.0,Twista,I'm A Winner (Amended Album Version),hip hop,5237.0,Lauryn Hill,Interlude 5,r&b/soul,7.593749999999997,Beastie Boys,B-Boy Bouillabaisse: A.W.O.L. (2009 Digital Remaster),hip hop,6.336132812500001,Twista,I'm A Winner (Amended Album Version),hip hop,6.057734375,Blues Traveler,Hook,blues,0.7430112475755679,G-Unit,I Don't Want To Talk About It,hip hop,0.7428348407469483,Beastie Boys,B-Boy Bouillabaisse: A.W.O.L. (2009 Digital Remaster),hip hop,0.741684672691692,Beastie Boys,B-Boy Bouillabaisse: A.W.O.L. (2009 Digital Remaster),hip hop,0.758552189169887,Blues Traveler,Hook,blues,0.756381455883275,G-Unit,I Don't Want To Talk About It,hip hop,0.7561220426091677,Lauryn Hill,Interlude 5,r&b/soul,386.37062301779616,Michael Jackson,Man In The Mirror,pop,294.5114529659673,Binary Star,Honest Expression,hip hop,281.1417357740439,Michael Jackson,Man In The Mirror,pop,198.78504720412639,Lauryn Hill,Interlude 5,r&b/soul,195.92225239076532,Binary Star,Honest Expression,hip hop,150.09117548923592,Jennifer Lopez,The Way It Is,pop,0.28278810071128985,Beastie Boys,Pass The Mic (Pt. 2_ Skills To Pay The Bills) (2009 Digital Remaster),hip hop,0.27007245555962317,Fiona Apple,Oh Well,folk,0.26357206738852745,Beastie Boys,Pass The Mic (Pt. 2_ Skills To Pay The Bills) (2009 Digital Remaster),hip hop,0.35258464957091434,Lauryn Hill,Interlude 5,r&b/soul,0.3430340905035264,Jennifer Lopez,The Way It Is,pop,0.3382566839745338
TRNWHUD128F932E304,SOXUKQZ12AB01860EE,ARXPPEY1187FB51DF4,Michael Jackson,Call On Me,blues,Lauryn Hill,Interlude 5,r&b/soul,8789.0,Twista,I'm A Winner (Amended Album Version),hip hop,7434.0,Beastie Boys,B-Boy Bouillabaisse: A.W.O.L. (2009 Digital Remaster),hip hop,7016.0,Lauryn Hill,Interlude 5,r&b/soul,10.09155,Twista,I'm A Winner (Amended Album Version),hip hop,8.707784375000001,Erykah Badu,I Want You,r&b/soul,8.426173437500005,Albert Hammond Jr,G Up,rock,0.8027120628514783,Anastacia,Club Megamix,rock,0.798845643223062,Blues Traveler,Hook,blues,0.7916165377099667,Albert Hammond Jr,G Up,rock,0.8100800277820065,Anastacia,Club Megamix,rock,0.8097786208426687,Blues Traveler,Hook,blues,0.8019385595698869,Lauryn Hill,Interlude 5,r&b/soul,318.7886076067768,Beastie Boys,B-Boy Bouillabaisse: A.W.O.L. (2009 Digital Remaster),hip hop,315.63720227537294,Ryan Leslie,Just Right,r&b/soul,271.10241459181435,Ryan Leslie,Just Right,r&b/soul,205.5374263589826,Omarion,I'm Gon' Change,r&b/soul,150.9011209392557,Eternal,Oh Baby I,r&b/soul,150.09015280814978,Ryan Leslie,Just Right,r&b/soul,0.3209059754271073,Eternal,Oh Baby I,r&b/soul,0.2977159665699192,Matt Wertz,5:19,folk,0.2937370937322219,Ryan Leslie,Just Right,r&b/soul,0.383527295702394,Eternal,Oh Baby I,r&b/soul,0.36091538382648203,Matt Wertz,5:19,folk,0.3492689868880623
TRFGGSX128F427A723,SOIBZAN12D02191BAF,ARS8GNX1187B9B5141,The Black Keys,Oceans and Streams,blues,Lauryn Hill,Interlude 5,r&b/soul,2328.0,Beastie Boys,B-Boy Bouillabaisse: A.W.O.L. (2009 Digital Remaster),hip hop,2215.0,Eminem,8 Mile,hip hop,1918.0,Lauryn Hill,Interlude 5,r&b/soul,2.611,Beastie Boys,B-Boy Bouillabaisse: A.W.O.L. (2009 Digital Remaster),hip hop,2.518703125,Eminem,8 Mile,hip hop,2.208796875000001,Manafest,Runaway,hip hop,0.7038249879695571,The Cat Empire,The Car Song,reggae,0.6949109189982385,Ballboy,I Don't Have Time To Stand Here With You Fighting About The Size Of My Dick,pop,0.6864159482424248,Manafest,Runaway,hip hop,0.7156599537949512,The Cat Empire,The Car Song,reggae,0.7093541132995728,Ballboy,I Don't Have Time To Stand Here With You Fighting About The Size Of My Dick,pop,0.7006955849653108,Eminem,8 Mile,hip hop,149.59886905913177,Michael Jackson,Man In The Mirror,pop,137.7536234919156,Wu-Tang Clan,Da Mystery Of Chessboxin',hip hop,131.27990257475392,Michael Jackson,Man In The Mirror,pop,87.07941180321065,Gabrielle,Dreams,r&b/soul,83.4526100907892,Pennywise,Living For Today,punk,80.02903595078563,Udo,What Can I Say,metal,0.23641812027629425,Gabrielle,Dreams,r&b/soul,0.22687927232212193,Lemar,Time To Grow,r&b/soul,0.22517607412480092,Udo,What Can I Say,metal,0.28387782377696485,Lemar,Time To Grow,r&b/soul,0.2829780824267779,Gabrielle,Dreams,r&b/soul,0.27730858603431674
TRPTCMZ128F9340B09,SOLKOOO12AB018794A,ARS8GNX1187B9B5141,The Black Keys,10 A.M. Automatic,blues,Lauryn Hill,Interlude 5,r&b/soul,1913.0,Twista,I'm A Winner (Amended Album Version),hip hop,1790.0,Michael Jackson,Man In The Mirror,pop,1585.0,Lauryn Hill,Interlude 5,r&b/soul,2.18885,Twista,I'm A Winner (Amended Album Version),hip hop,2.105225,Michael Jackson,Man In The Mirror,pop,1.807725,Warrant,Bad Tattoo,metal,0.6446113692397284,Doyle Bramhall,Dimples,jazz,0.6116015460079216,Ayo,Only You,r&b/soul,0.6044967567223918,Warrant,Bad Tattoo,metal,0.6552596777324119,Doyle Bramhall,Dimples,jazz,0.6187185674368255,Ayo,Only You,r&b/soul,0.6164341452711488,Lauryn Hill,Interlude 5,r&b/soul,151.97499503722088,OutKast,Hey Ya!,hip hop,119.41702431327542,Twiztid,She Ain't Afraid,hip hop,105.885959212277,OutKast,Hey Ya!,hip hop,97.61469109551784,Lauryn Hill,Interlude 5,r&b/soul,86.50047648912741,Ledisi,Alright,r&b/soul,81.12442743615048,Fishbone,Bonin' In The Boneyard,r&b/soul,0.4012205699845264,Johnny Winter,Rockin' Pneumonia,blues,0.33290032099361805,Percy Sledge,Baby Help Me,r&b/soul,0.29048719802810985,Fishbone,Bonin' In The Boneyard,r&b/soul,0.41092873200223506,Johnny Winter,Rockin' Pneumonia,blues,0.34532516072582653,Percy Sledge,Baby Help Me,r&b/soul,0.3228046834011955
TRVKLGW12903CB4523,SOZCSPA12AB0185672,ARS8GNX1187B9B5141,The Black Keys,Aeroplane Blues,blues,Lauryn Hill,Interlude 5,r&b/soul,1486.0,Beastie Boys,B-Boy Bouillabaisse: A.W.O.L. (2009 Digital Remaster),hip hop,1480.0,R. Kelly,I Mean (I Don't Mean It),r&b/soul,1471.0,R. Kelly,I Mean (I Don't Mean It),r&b/soul,1.7725562499999998,Beastie Boys,B-Boy Bouillabaisse: A.W.O.L. (2009 Digital Remaster),hip hop,1.7192062499999998,Kandi,I Wanna Know,r&b/soul,1.7113249999999989,Johnny Cash,I Don't Know Where I'm Bound,country,0.7786412276587253,LMFAO,I Am Not A Whore,electronic,0.7519388605715421,Sneaky Sound System,16,pop,0.747201899335671,Johnny Cash,I Don't Know Where I'm Bound,country,0.7834660807446496,LMFAO,I Am Not A Whore,electronic,0.7553117160686514,Sneaky Sound System,16,pop,0.7532525144739896,The Pharcyde,Otha Fish,hip hop,69.94024940338288,Eminem,8 Mile,hip hop,69.23213744542862,Beastie Boys,B-Boy Bouillabaisse: A.W.O.L. (2009 Digital Remaster),hip hop,66.17074759325436,Tankard,Land Of The Free,metal,53.295141942789186,Ziggy Marley And The Melody Makers,13 Months Of Sunshine,reggae,49.40110303552141,The Pharcyde,Otha Fish,hip hop,47.872232379481,Ziggy Marley And The Melody Makers,13 Months Of Sunshine,reggae,0.3345186615012768,Jimmy Cliff,Sufferin' In The Land,reggae,0.30445558606160017,Body Count,Masters Of Revenge,rock,0.26373792901032567,Ziggy Marley And The Melody Makers,13 Months Of Sunshine,reggae,0.35608490895083494,Jimmy Cliff,Sufferin' In The Land,reggae,0.32122032787994115,The Cave Singers,Elephant Clouds,folk,0.2887049104200338
TRFBNZN128F9340B0E,SONGYFE12AB018562D,ARS8GNX1187B9B5141,The Black Keys,All Hands Against His Own,blues,Lauryn Hill,Interlude 5,r&b/soul,2681.0,Twista,I'm A Winner (Amended Album Version),hip hop,1936.0,Michael Jackson,Man In The Mirror,pop,1542.0,Lauryn Hill,Interlude 5,r&b/soul,2.9533500000000004,Twista,I'm A Winner (Amended Album Version),hip hop,2.159959375,Eminem,My Darling,hip hop,1.6401984375,Brandy,Give Me You,r&b/soul,0.473395396702547,Leonard Cohen,The Stranger Song,folk,0.471917827695693,Athlete,New Project,rock,0.4704744722867666,Leonard Cohen,The Stranger Song,folk,0.4971205446381256,Brandy,Give Me You,r&b/soul,0.4888152706435525,Athlete,New Project,rock,0.4878990560684231,Lyfe Jennings,She Got Kids,r&b/soul,301.63555337323805,Jill Scott,Brotha,r&b/soul,269.3721923276803,Big Brovaz,Find A Way,hip hop,243.82556760932928,Lyfe Jennings,She Got Kids,r&b/soul,252.16260325832792,Jill Scott,Brotha,r&b/soul,248.57250050427362,Slipknot,Gehenna,metal,216.4703478458847,Gang Of Four,Outside The Trains Don't Run On Time,punk,0.460349947613129,Jill Scott,Brotha,r&b/soul,0.43906797282796733,Blink-182,GO,punk,0.415535368964244,Gang Of Four,Outside The Trains Don't Run On Time,punk,0.4779317461993666,Jill Scott,Brotha,r&b/soul,0.4585728531941818,Blink-182,GO,punk,0.4407217351770495
TRBYDKJ12903CA9D33,SOTXSMC12AB0182217,ARS8GNX1187B9B5141,The Black Keys,Black Door,blues,Kandi,I Wanna Know,r&b/soul,1868.0,Lauryn Hill,Interlude 5,r&b/soul,1536.0,Mario Vazquez,Everytime I...,r&b/soul,1227.0,Kandi,I Wanna Know,r&b/soul,2.283006250000001,Lauryn Hill,Interlude 5,r&b/soul,1.7843000000000009,Mario Vazquez,Everytime I...,r&b/soul,1.4922656250000037,Kandi,I Wanna Know,r&b/soul,0.841282992631075,Julia Fordham,Genius,electronic,0.7249993384308571,Psapp,I Want That,electronic,0.6876158558692408,Kandi,I Wanna Know,r&b/soul,0.8441646524652541,Julia Fordham,Genius,electronic,0.7291485984915439,Psapp,I Want That,electronic,0.6922102848214412,Masta Ace Incorporated,Jeep Ass Niguh,hip hop,92.00491687882672,Michael Jackson,Man In The Mirror,pop,84.50928500481145,The Donnas,Take Me To The Backseat (Album Version),rock,68.74978008302547,Masta Ace Incorporated,Jeep Ass Niguh,hip hop,72.86507206310267,Michael Jackson,Man In The Mirror,pop,64.01861209916675,The Donnas,Take Me To The Backseat (Album Version),rock,62.86607021353665,The Donnas,Take Me To The Backseat (Album Version),rock,0.38077795303047207,Eternal,Oh Baby I,r&b/soul,0.2771741243567825,Bad Brains,Don't Bother Me (Bad Brains),punk,0.2716883931050217,The Donnas,Take Me To The Backseat (Album Version),rock,0.4015492970454037,Masta Ace Incorporated,Jeep Ass Niguh,hip hop,0.3091774593488236,Eternal,Oh Baby I,r&b/soul,0.30754823060929
TRWJKJK128F9338FEF,SOIFDQD12AB01822F5,ARS8GNX1187B9B5141,The Black Keys,Busted,blues,Lauryn Hill,Interlude 5,r&b/soul,8737.0,Twista,I'm A Winner (Amended Album Version),hip hop,8094.0,Erykah Badu,I Want You,r&b/soul,6661.0,Lauryn Hill,Interlude 5,r&b/soul,10.159949999999998,Twista,I'm A Winner (Amended Album Version),hip hop,9.619965625,Erykah Badu,I Want You,r&b/soul,8.046451562500003,Bow Wow,Sunshine,hip hop,0.7536221354329563,The Clash,1-2 Crush On You,punk,0.7443815803404388,Hawthorne Heights,Rescue Me,punk,0.731451726910114,Bow Wow,Sunshine,hip hop,0.7627562450752137,The Clash,1-2 Crush On You,punk,0.7517032510777701,Hawthorne Heights,Rescue Me,punk,0.7407423330399565,Beastie Boys,B-Boy Bouillabaisse: A.W.O.L. (2009 Digital Remaster),hip hop,311.7638795908029,Lauryn Hill,Interlude 5,r&b/soul,310.4789152158893,Onyx,Slam Harder,hip hop,268.31197110334307,Keith Sweat,Caught Up,r&b/soul,199.94949798326445,Onyx,Slam Harder,hip hop,191.65178459663267,Onyx,Slam,hip hop,191.65178459663267,Heideroosjes,If Trust Is Broken...,punk,0.28022358990612534,Keith Sweat,Caught Up,r&b/soul,0.2698183713074009,Bunny Wailer,Walk The Proud Land,reggae,0.2536549312225019,Keith Sweat,Caught Up,r&b/soul,0.32424836843443805,Heideroosjes,If Trust Is Broken...,punk,0.3181565540334715,Jessica Simpson,These Boots Are Made For Walkin',pop,0.29877986430275405
TRUULBP12903CA9D23,SORMOIW12AB01887F0,ARS8GNX1187B9B5141,The Black Keys,Give Your Heart Away,blues,Lauryn Hill,Interlude 5,r&b/soul,1215.0,Michael Jackson,Man In The Mirror,pop,1196.0,Beastie Boys,B-Boy Bouillabaisse: A.W.O.L. (2009 Digital Remaster),hip hop,1055.0,Michael Jackson,Man In The Mirror,pop,1.3273906249999998,Lauryn Hill,Interlude 5,r&b/soul,1.3232500000000005,Twista,I'm A Winner (Amended Album Version),hip hop,1.1684843750000002,Elton John,Heart In The Right Place,pop,0.5441008891197938,Kenny Rogers,Endless love,country,0.5403284263397533,Dru Hill,Share My World,r&b/soul,0.5322735785615375,Elton John,Heart In The Right Place,pop,0.5617462530236114,Kenny Rogers,Endless love,country,0.5577415118492398,Dru Hill,Share My World,r&b/soul,0.5532563735196885,Michael Jackson,Man In The Mirror,pop,125.32897303728876,Brownstone,5 Miles To Empty,r&b/soul,91.37112785293053,Beastie Boys,B-Boy Bouillabaisse: A.W.O.L. (2009 Digital Remaster),hip hop,88.45696273386201,Michael Jackson,Man In The Mirror,pop,95.37153587585736,Brownstone,5 Miles To Empty,r&b/soul,74.02120375031502,Dru Hill,Share My World,r&b/soul,66.37637930883976,Dru Hill,Share My World,r&b/soul,0.2961880285407956,Sean Lennon,One Night,pop,0.29503198293003674,Twenty 4 Seven,Take Me Away,electronic,0.29238428017494655,Dru Hill,Share My World,r&b/soul,0.3385618035136831,Kelly Clarkson,Anytime,pop,0.33404400665249234,Sean Lennon,One Night,pop,0.3323801756476486
TRYYJHJ128F9340B19,SOKGVJH12A58A77920,ARS8GNX1187B9B5141,The Black Keys,Grown So Ugly,blues,Lauryn Hill,Interlude 5,r&b/soul,1853.0,Beastie Boys,B-Boy Bouillabaisse: A.W.O.L. (2009 Digital Remaster),hip hop,1496.0,Eminem,My Darling,hip hop,1283.0,Lauryn Hill,Interlude 5,r&b/soul,2.106949999999998,Beastie Boys,B-Boy Bouillabaisse: A.W.O.L. (2009 Digital Remaster),hip hop,1.6949671874999992,Eminem,My Darling,hip hop,1.4756390625,Robert Johnson,32 20 Blues,blues,0.67108836437466,Robert Johnson,Kindhearted Woman Blues,blues,0.6515867411708284,Once Nothing,The Dust Of A Town,metal,0.6510583634580336,Robert Johnson,32 20 Blues,blues,0.6855150363674519,Once Nothing,The Dust Of A Town,metal,0.6679150172978023,Jodeci,My Phone,jazz,0.6672072895572354,Lauryn Hill,Interlude 5,r&b/soul,145.31602378060185,Snoop Dogg,Snoopafella (Edited),hip hop,138.67060131327636,DJ Quik,Safe + Sound,hip hop,110.3146965060428,Snoop Dogg,Snoopafella (Edited),hip hop,92.57975976694198,Mississippi Fred McDowell,Louise,blues,87.14217819303416,Lauryn Hill,Interlude 5,r&b/soul,73.55156614266265,Elmore James,Whose Muddy Shoes,blues,0.32981411338380234,Mississippi Fred McDowell,Louise,blues,0.2993066180195051,Snoop Dogg,Snoopafella (Edited),hip hop,0.24587179363709832,Elmore James,Whose Muddy Shoes,blues,0.3607213994761934,Mississippi Fred McDowell,Louise,blues,0.33869978276733104,Snoop Dogg,Snoopafella (Edited),hip hop,0.3170216853353792
TRHHJCL12903CB44B7,SOFRWHG12A58A7DF46,ARS8GNX1187B9B5141,The Black Keys,Hard Row,blues,Lauryn Hill,Interlude 5,r&b/soul,2371.0,Twista,I'm A Winner (Amended Album Version),hip hop,2137.0,Michael Jackson,Man In The Mirror,pop,1713.0,Lauryn Hill,Interlude 5,r&b/soul,2.7130499999999995,Twista,I'm A Winner (Amended Album Version),hip hop,2.5074093750000004,Michael Jackson,Man In The Mirror,pop,1.9263156249999995,Dance Hall Crashers,Othello,reggae,0.611726074001341,Eyes Set to Kill,All You Ever Knew,metal,0.6078508917863574,The Acacia Strain,Skynet,metal,0.6011325136942293,Dance Hall Crashers,Othello,reggae,0.6276589313861644,Eyes Set to Kill,All You Ever Knew,metal,0.621784412849926,The Acacia Strain,Skynet,metal,0.6164340419701512,Michael Jackson,Man In The Mirror,pop,169.67550623501444,Aceyalone,Mr. Outsider,hip hop,147.2831440900591,Ty Herndon,Pray For Me,country,132.10855843173545,Michael Jackson,Man In The Mirror,pop,132.1078190797503,Aceyalone,Mr. Outsider,hip hop,104.20990981564982,The Jacksons,Enjoy Yourself,r&b/soul,101.17353566269902,The Jacksons,Enjoy Yourself,r&b/soul,0.38423758263486046,Ella Fitzgerald,Let Yourself Go,jazz,0.3217388192832359,Lighthouse Family,Whatever Gets You Through The Day,jazz,0.29845252157354335,The Jacksons,Enjoy Yourself,r&b/soul,0.4127939008864306,Ella Fitzgerald,Let Yourself Go,jazz,0.3494767766393315,Lighthouse Family,Whatever Gets You Through The Day,jazz,0.3357116162525008
TRWZXDS128F427A71B,SOAJJDS12A8C13A3FB,ARS8GNX1187B9B5141,The Black Keys,I Got Mine,blues,Mario Vazquez,Everytime I...,r&b/soul,2429.0,Eminem,8 Mile,hip hop,2295.0,Erykah Badu,I Want You,r&b/soul,2292.0,Mario Vazquez,Everytime I...,r&b/soul,2.96875,Erykah Badu,I Want You,r&b/soul,2.783849999999996,Eminem,8 Mile,hip hop,2.729399999999998,Gary Moore,Ain't Nobody,blues,0.6978075195678626,Veronica Maggio,I staden växer inga blommor,pop,0.6900789820755522,Judy Garland,I Got Rhythm,pop,0.6830195837462247,Gary Moore,Ain't Nobody,blues,0.7023112300132486,Veronica Maggio,I staden växer inga blommor,pop,0.6898684822115774,Judy Garland,I Got Rhythm,pop,0.6884824576413187,The Maine,You Left Me,electronic,114.37569097531079,The Simpsons,Do The Bartman,hip hop,105.97978663579781,Talib Kweli,A game,hip hop,103.65163091631204,The Maine,You Left Me,electronic,101.79780674934584,Nina Simone,Nobody,jazz,89.06826309370011,Ashanti,Rock Wit U (Awww Baby),r&b/soul,82.57814316629498,Fairground Attraction,Winter Rose,folk,0.3771669925837566,Big Bad Voodoo Daddy,Please Baby,jazz,0.3525920682233276,Blind Willie McTell,Rollin' Mama Blues,blues,0.3201457760710288,Fairground Attraction,Winter Rose,folk,0.3867543745297672,Big Bad Voodoo Daddy,Please Baby,jazz,0.37032913562248576,Blind Willie McTell,Rollin' Mama Blues,blues,0.3451403260481924
TRZDLWE12903CB44DE,SOURIRH12A58A7B408,ARS8GNX1187B9B5141,The Black Keys,If You See Me,blues,Twista,I'm A Winner (Amended Album Version),hip hop,2415.0,Lauryn Hill,Interlude 5,r&b/soul,2268.0,Erykah Badu,I Want You,r&b/soul,2044.0,Twista,I'm A Winner (Amended Album Version),hip hop,2.887978124999998,Lauryn Hill,Interlude 5,r&b/soul,2.6349,Erykah Badu,I Want You,r&b/soul,2.4814578125000017,Ann Lee,Smooth & Sweet,pop,0.737369736517244,Hafdis Huld,Plastic Halo,pop,0.7349057529957574,Ginuwine,Only When ur Lonely,r&b/soul,0.7277855959236309,Ann Lee,Smooth & Sweet,pop,0.7445770452629388,Hafdis Huld,Plastic Halo,pop,0.7422477473632884,Ginuwine,Only When ur Lonely,r&b/soul,0.7358409409036905,Michael Jackson,Man In The Mirror,pop,115.49243408686775,Petey Pablo,Fool For Love,hip hop,110.75874164326609,Redman,Soopaman Luva 3,hip hop,102.29923380482178,Michael Jackson,Man In The Mirror,pop,87.66050554101106,Katerine,Treat Me Like A Lady,pop,79.57092162904151,Petey Pablo,Fool For Love,hip hop,77.97419636557544,Katerine,Treat Me Like A Lady,pop,0.3207336185373162,Buddy Holly,Door To My Heart,country,0.31357215274242173,Roy Orbison,Candy Man,blues,0.2885113904243015,Katerine,Treat Me Like A Lady,pop,0.350284644653024,Buddy Holly,Door To My Heart,country,0.33299181842709663,Jimmy Cliff,Treat The Youths Right,reggae,0.3129583201570932
TRNZQVO128F427A71E,SOIQUSV12A8C13A402,ARS8GNX1187B9B5141,The Black Keys,Lies,blues,Lauryn Hill,Interlude 5,r&b/soul,1825.0,Beastie Boys,B-Boy Bouillabaisse: A.W.O.L. (2009 Digital Remaster),hip hop,1532.0,Twista,I'm A Winner (Amended Album Version),hip hop,1506.0,Lauryn Hill,Interlude 5,r&b/soul,2.01215,Twista,I'm A Winner (Amended Album Version),hip hop,1.706634375,Beastie Boys,B-Boy Bouillabaisse: A.W.O.L. (2009 Digital Remaster),hip hop,1.6899578125000003,Pop Will Eat Itself,I've Always Been A Coward Baby,electronic,0.6242314817702721,Das Ich,Lügen Und Das Ich,electronic,0.6200440763937248,Linda Ronstadt,Lies  (LP Version),folk,0.6084335483863177,Pop Will Eat Itself,I've Always Been A Coward Baby,electronic,0.6401766373602283,Das Ich,Lügen Und Das Ich,electronic,0.6287694619975158,Linda Ronstadt,Lies  (LP Version),folk,0.6225176217771732,Ja Rule,One of Us,hip hop,133.94897306491728,Lauryn Hill,Interlude 5,r&b/soul,121.85371818425683,OutKast,Hey Ya!,hip hop,120.89324008646057,OutKast,Hey Ya!,hip hop,88.8326987618977,Johnny Winter,Blinded By Love,blues,85.6387820704084,Warlock,Kiss Of Death,metal,84.91870285680181,Public Image Ltd,Where Are You?,punk,0.2732428394341288,Utada,Crossover Interlude,pop,0.2718689917707447,Warlock,Kiss Of Death,metal,0.2709885433631498,Warlock,Kiss Of Death,metal,0.3104165524557226,Ian McCulloch,Close Your Eyes,punk,0.3053264652465491,Pop Will Eat Itself,I've Always Been A Coward Baby,electronic,0.30069774358957896
TRAECHJ12903CC36DA,SOCQQSU12AB0185BF4,ARS8GNX1187B9B5141,The Black Keys,Next Girl,blues,Beastie Boys,B-Boy Bouillabaisse: A.W.O.L. (2009 Digital Remaster),hip hop,2459.0,Calvin Harris,The Girls,electronic,2248.0,Eminem,8 Mile,hip hop,2121.0,Beastie Boys,B-Boy Bouillabaisse: A.W.O.L. (2009 Digital Remaster),hip hop,2.7602296875000025,Calvin Harris,The Girls,electronic,2.7020124999999973,Eminem,8 Mile,hip hop,2.4146453125,Jesse Johnson,I Want My Girl,r&b/soul,0.7258311267502788,OTT,Be My Girl,electronic,0.6669760036417841,The Jeff Healey Band,My Little Girl,blues,0.6612700940139825,Jesse Johnson,I Want My Girl,r&b/soul,0.7358411173733655,OTT,Be My Girl,electronic,0.6751375721634584,The Jeff Healey Band,My Little Girl,blues,0.6748369848356612,Twiztid,She Ain't Afraid,hip hop,183.64447542779783,Beastie Boys,B-Boy Bouillabaisse: A.W.O.L. (2009 Digital Remaster),hip hop,182.4997740268485,Lauryn Hill,Interlude 5,r&b/soul,178.80420375329848,Twiztid,She Ain't Afraid,hip hop,115.73692762715132,Yerba Buena,Guajira (I Love U 2 Much),latin,108.77702327412061,Eric B. & Rakim,What's On Your Mind,hip hop,102.00837395599558,Frank Sinatra,The Girl That I Marry,jazz,0.3128762245779093,Paul Potts,Cavatina,classical,0.29610276362482263,Frank Sinatra,The Girl Next Door,jazz,0.2917931650775228,Frank Sinatra,The Girl That I Marry,jazz,0.33575818723326717,Paul Potts,Cavatina,classical,0.3312260688596559,Frank Sinatra,The Girl Next Door,jazz,0.32761495410447483
TRRVSIN128F9338FD5,SOSICNK12AB01876BB,ARS8GNX1187B9B5141,The Black Keys,No Fun,blues,Enrique Iglesias,Miss You,latin,1584.0,Tracey Ullman,Breakaway,pop,1418.0,Janis Joplin,Kozmic Blues,blues,1222.0,Enrique Iglesias,Miss You,latin,1.9072656250000024,Tracey Ullman,Breakaway,pop,1.7282468750000006,Janis Joplin,Kozmic Blues,blues,1.4527750000000008,The Stooges,No Fun (Remasterd LP Version),punk,0.8684616207768242,Yerba Buena,No No No,latin,0.5649271907256376,Mecano,La Estación,latin,0.5337115544310206,The Stooges,No Fun (Remasterd LP Version),punk,0.8699962032182403,Yerba Buena,No No No,latin,0.5712988047253571,Mecano,La Estación,latin,0.5381112296108773,The Stooges,No Fun (Remasterd LP Version),punk,209.6796133760853,Cyndi Lauper,Girls Just Want To Have Fun,pop,119.62478716033553,Young Jeezy,By The Way,hip hop,113.74174409470577,The Stooges,No Fun (Remasterd LP Version),punk,201.23887292037463,Cyndi Lauper,Girls Just Want To Have Fun,pop,108.11697829564739,Devo,Time Out For Fun,punk,99.39164070541234,The Stooges,No Fun (Remasterd LP Version),punk,0.6557596405180579,The Presets,Kicking And Screaming,electronic,0.3460399580720223,Devo,Time Out For Fun,punk,0.3265190706352219,The Stooges,No Fun (Remasterd LP Version),punk,0.6646743300372232,The Presets,Kicking And Screaming,electronic,0.36214574970551544,Devo,Time Out For Fun,punk,0.34947955496185706
TRYMMVG128F9340B1B,SOHKBXW12AB0185660,ARS8GNX1187B9B5141,The Black Keys,Stack Shot Billy,blues,Lauryn Hill,Interlude 5,r&b/soul,655.0,Beastie Boys,B-Boy Bouillabaisse: A.W.O.L. (2009 Digital Remaster),hip hop,542.0,The Pharcyde,Otha Fish,hip hop,529.0,Lauryn Hill,Interlude 5,r&b/soul,0.6462499999999998,The Pharcyde,Otha Fish,hip hop,0.5716015625000012,Beastie Boys,B-Boy Bouillabaisse: A.W.O.L. (2009 Digital Remaster),hip hop,0.533242187500001,George Jones,Who Shot Sam,country,0.4701107987034362,Thursday,Unintended Long Term Effects,punk,0.4454531732992485,John Hiatt,Trudy And Dave,rock,0.431786946877041,George Jones,Who Shot Sam,country,0.4892419435797377,Thursday,Unintended Long Term Effects,punk,0.4641938517020844,John Hiatt,Trudy And Dave,rock,0.4567400573695089,Bob Dylan,Shot Of Love,blues,123.60052885098702,Onyx,Face Down,hip hop,117.55843660857778,Beastie Boys,B-Boy Bouillabaisse: A.W.O.L. (2009 Digital Remaster),hip hop,116.83260286105872,Bob Dylan,Shot Of Love,blues,104.13689007034792,Suicidal Tendencies,I Shot The Devil,punk,100.47335542689319,Neil Young,Down By The River [Live At Massey Hall 1971],folk,99.15525981093205,Suicidal Tendencies,I Shot The Devil,punk,0.34296503581870486,Neil Young,Down By The River [Live At Massey Hall 1971],folk,0.32868272084891,Carbon Leaf,American Tale,folk,0.3110107192658628,Suicidal Tendencies,I Shot The Devil,punk,0.36147734078795424,Neil Young,Down By The River [Live At Massey Hall 1971],folk,0.3541920714938153,Bob Dylan,Shot Of Love,blues,0.344489045378207
TRKSEEY12903CCD312,SOTEPSZ12AB018C99D,ARS8GNX1187B9B5141,The Black Keys,Ten Cent Pistol,blues,The Corrs,Queen Of Hollywood ( LP Version ),pop,902.0,Twiztid,She Ain't Afraid,hip hop,889.0,Lauryn Hill,Interlude 5,r&b/soul,799.0,The Corrs,Queen Of Hollywood ( LP Version ),pop,1.0378781250000002,Twiztid,She Ain't Afraid,hip hop,0.9519015625000002,Beastie Boys,B-Boy Bouillabaisse: A.W.O.L. (2009 Digital Remaster),hip hop,0.7598609374999996,The Boomtown Rats,Diamond Smiles,rock,0.536455216973206,The Corrs,Queen Of Hollywood ( LP Version ),pop,0.5226359783709558,Tracy Byrd,Right About Now,country,0.4882027329799318,The Boomtown Rats,Diamond Smiles,rock,0.5586788128389328,The Corrs,Queen Of Hollywood ( LP Version ),pop,0.5431163452312806,Tracy Byrd,Right About Now,country,0.5124992210182767,Beastie Boys,B-Boy Bouillabaisse: A.W.O.L. (2009 Digital Remaster),hip hop,216.5780461443953,Twiztid,She Ain't Afraid,hip hop,180.2164477238455,Lauryn Hill,Interlude 5,r&b/soul,172.8889613210213,Twiztid,She Ain't Afraid,hip hop,119.86128187548445,Beastie Boys,B-Boy Bouillabaisse: A.W.O.L. (2009 Digital Remaster),hip hop,117.24912434584576,The Corrs,Queen Of Hollywood ( LP Version ),pop,101.92383440935743,Marilyn Manson,Cyclops,metal,0.2807512788133261,Tracy Byrd,Right About Now,country,0.2763175987398175,Dave Barnes,You Do The Same For Me,jazz,0.26107522694834734,Tracy Byrd,Right About Now,country,0.3215858754059264,Alabama,Lady Down On Love,country,0.30384065086483375,Marilyn Manson,Cyclops,metal,0.3016933514840455
TRFOGQC12903CA9D2E,SOTDIMP12AB01821E8,ARS8GNX1187B9B5141,The Black Keys,The Flame,blues,Lauryn Hill,Interlude 5,r&b/soul,2219.0,Twista,I'm A Winner (Amended Album Version),hip hop,1494.0,Eminem,My Darling,hip hop,1236.0,Lauryn Hill,Interlude 5,r&b/soul,2.5552500000000005,Twista,I'm A Winner (Amended Album Version),hip hop,1.7247031250000004,Danity Kane,Hold Me Down (Album Version),r&b/soul,1.4300156249999991,Midtown,Knew It All Along (Acoustic),folk,0.6133117060829759,Digital Underground,Sex Packets (LP Version),hip hop,0.6126989488661158,Lauryn Hill,Interlude 5,r&b/soul,0.6102791149807196,Digital Underground,Sex Packets (LP Version),hip hop,0.6299231171848717,Lauryn Hill,Interlude 5,r&b/soul,0.6291489352766583,Midtown,Knew It All Along (Acoustic),folk,0.6268797913336144,Lauryn Hill,Interlude 5,r&b/soul,107.75685593204494,Beastie Boys,B-Boy Bouillabaisse: A.W.O.L. (2009 Digital Remaster),hip hop,97.97994526950497,GG Allin,Kissing The Flames,country,90.6085081613586,GG Allin,Kissing The Flames,country,83.06239656341897,ERIC SARDINAS,Flames of Love,blues,80.31252382289048,Tina Turner,All The Woman (Recorded Live In London '99),pop,73.84296272867844,ERIC SARDINAS,Flames of Love,blues,0.3822092814490431,GG Allin,Kissing The Flames,country,0.37440573047480086,Dinah Washington,Wheel Of Fortune,jazz,0.3308544379325871,ERIC SARDINAS,Flames of Love,blues,0.4074026792725458,GG Allin,Kissing The Flames,country,0.39458570458723463,Dinah Washington,Wheel Of Fortune,jazz,0.35593119667528456
TREVCQU12903CCD318,SOGECRB12AB018C9AB,ARS8GNX1187B9B5141,The Black Keys,These Days,blues,Lauryn Hill,Interlude 5,r&b/soul,2558.0,Beastie Boys,B-Boy Bouillabaisse: A.W.O.L. (2009 Digital Remaster),hip hop,2148.0,Erykah Badu,I Want You,r&b/soul,1884.0,Lauryn Hill,Interlude 5,r&b/soul,2.845600000000001,Beastie Boys,B-Boy Bouillabaisse: A.W.O.L. (2009 Digital Remaster),hip hop,2.3907140625000007,Erykah Badu,I Want You,r&b/soul,2.2256671875000005,Gregg Allman,These Days,country,0.6577582435087537,Hot Water Music,The Sense,punk,0.6141180233274937,Rhymefest,These Days,hip hop,0.601615712468455,Gregg Allman,These Days,country,0.670605161857436,Hot Water Music,The Sense,punk,0.6307612191887608,Rhymefest,These Days,hip hop,0.6219959378222331,Lauryn Hill,Interlude 5,r&b/soul,221.23296922537733,Beastie Boys,B-Boy Bouillabaisse: A.W.O.L. (2009 Digital Remaster),hip hop,184.20043579657573,The Brand New Heavies,Last to Know,jazz,173.63880725733367,The Brand New Heavies,Last to Know,jazz,132.85249816841667,Lauryn Hill,Interlude 5,r&b/soul,107.96889902991626,Michael Jackson,Man In The Mirror,pop,92.74193385271387,The Brand New Heavies,Last to Know,jazz,0.271654324062663,Rich Mullins,The Howling,folk,0.2601883616457555,Zimmers Hole,Death To The Dodgers Of Soap,metal,0.25227942496697875,The Brand New Heavies,Last to Know,jazz,0.3273610145068825,Rich Mullins,The Howling,folk,0.32222864354274455,Josh Groban,Vincent (Starry_ Starry Night) (Album Version),classical,0.2942971396329301
TRFLJNE12903CB44F1,SOBJBEU12AF729D526,ARS8GNX1187B9B5141,The Black Keys,When The Lights Go Out,blues,Lauryn Hill,Interlude 5,r&b/soul,2209.0,Twista,I'm A Winner (Amended Album Version),hip hop,1781.0,Erykah Badu,I Want You,r&b/soul,1457.0,Lauryn Hill,Interlude 5,r&b/soul,2.49445,Twista,I'm A Winner (Amended Album Version),hip hop,2.0518875000000008,Erykah Badu,I Want You,r&b/soul,1.7231937500000003,Donnie,Do You Know?,r&b/soul,0.5652622259575328,Shannon McNally,Down And Dirty,blues,0.5648937104498957,Bon Jovi,Superman Tonight,rock,0.5602434622845045,Shannon McNally,Down And Dirty,blues,0.5795693115308373,Donnie,Do You Know?,r&b/soul,0.5781506783083159,Bon Jovi,Superman Tonight,rock,0.5774632974445119,Beastie Boys,B-Boy Bouillabaisse: A.W.O.L. (2009 Digital Remaster),hip hop,117.88441118364433,Lauryn Hill,Interlude 5,r&b/soul,116.29627701855419,R. Kelly,I Mean (I Don't Mean It),r&b/soul,98.74623614769385,R. Kelly,I Mean (I Don't Mean It),r&b/soul,70.35455889130716,Natalie Cole,Your Eyes,r&b/soul,68.56146454222068,Ledisi,Alright,r&b/soul,62.48943859173624,Regina Belle,Just Don't Want To Be Lonely,r&b/soul,0.30777913862449596,Cake,Alpha Beta Parking Lot,rock,0.25984598016198474,Disco,Enemmän,pop,0.2596968691802425,Regina Belle,Just Don't Want To Be Lonely,r&b/soul,0.33483532495307416,Chemlab,Force Quit,rock,0.29124156743377655,Ian McCulloch,Playgrounds And City Parks,punk,0.28843303371699863
TRQNNKX12903CB44CA,SOCULJG12A8AE4714D,ARS8GNX1187B9B5141,The Black Keys,Have Love Will Travel,blues,Erykah Badu,I Want You,r&b/soul,2215.0,Lauryn Hill,Interlude 5,r&b/soul,2205.0,Twista,I'm A Winner (Amended Album Version),hip hop,2108.0,Erykah Badu,I Want You,r&b/soul,2.6444890624999995,Lauryn Hill,Interlude 5,r&b/soul,2.41815,Twista,I'm A Winner (Amended Album Version),hip hop,2.414040625,Lisa Stansfield,Somewhere In Time,jazz,0.6597663237313358,Burden Of A Day,My Forfeit,metal,0.6182797427861487,Bronski Beat,I Feel Love,pop,0.6164859183592399,Lisa Stansfield,Somewhere In Time,jazz,0.6698115401794407,Burden Of A Day,My Forfeit,metal,0.6271956421817664,Rufus Wainwright,Baby,folk,0.6264826776685397,KMD,Plumskinzz (Loose Hoe_ God & Cupid),hip hop,193.30564433264738,Onyx,Slam Harder,hip hop,189.28379570452975,Onyx,Slam,hip hop,189.28379570452975,Onyx,Slam,hip hop,148.39767935782788,Onyx,Slam Harder,hip hop,148.39767935782788,KMD,Plumskinzz (Loose Hoe_ God & Cupid),hip hop,146.46270001008887,The Dells,I Miss You,r&b/soul,0.4000576616896381,Shania Twain,I'm Not In The Mood (To Say No)!,country,0.3531317376986634,Bob Marley & The Wailers,Reggae On Broadway,reggae,0.34207793763701105,The Dells,I Miss You,r&b/soul,0.4311475064344071,Shania Twain,I'm Not In The Mood (To Say No)!,country,0.38186699761741727,Bob Marley & The Wailers,Reggae On Broadway,reggae,0.36837951516042916
TRKNKGC128F42A746A,SOUZEJD12D021B5336,AR20CFC1187B98A25D,Ray Charles,C.C. Rider,blues,Lauryn Hill,Interlude 5,r&b/soul,7547.0,Twista,I'm A Winner (Amended Album Version),hip hop,6158.0,Eminem,My Darling,hip hop,5473.0,Lauryn Hill,Interlude 5,r&b/soul,8.718449999999997,Twista,I'm A Winner (Amended Album Version),hip hop,7.230028125,Erykah Badu,I Want You,r&b/soul,6.4096078125,Harry Belafonte,Angelina,latin,0.7030176047073946,Jeff Timmons,Can't You See,pop,0.6977799812634016,Shannon McNally,Down And Dirty,blues,0.6937393530547815,Harry Belafonte,Angelina,latin,0.713714348878679,Jeff Timmons,Can't You See,pop,0.7060401258180394,Shannon McNally,Down And Dirty,blues,0.7038096574177413,Beastie Boys,B-Boy Bouillabaisse: A.W.O.L. (2009 Digital Remaster),hip hop,206.3638509939273,Savatage,The Hourglass,metal,192.48427995106925,Twista,Overdose (Album Version),hip hop,191.3112035944382,Duran Duran,All Along The Water,pop,154.4592645870994,Madness,Forever Young,reggae,116.62788454219884,Johnny Winter,Blinded By Love,blues,114.98700065409389,Duran Duran,All Along The Water,pop,0.3080807762094685,Fats Domino,Careless Love,blues,0.30044830643212717,Richard Hawley,Coming Home (Live At Sheffield City Hall),pop,0.2684334403112247,Duran Duran,All Along The Water,pop,0.34063634228869344,Fats Domino,Careless Love,blues,0.32623604489266544,Molly Hatchet,The Price You Pay,rock,0.30953327770931865
TRWEHQE128F935A2D6,SOKQSDH12AB0188B1A,AR20CFC1187B98A25D,Ray Charles,I Got a Woman,blues,Beastie Boys,B-Boy Bouillabaisse: A.W.O.L. (2009 Digital Remaster),hip hop,2251.0,Lauryn Hill,Interlude 5,r&b/soul,2160.0,Twiztid,She Ain't Afraid,hip hop,2066.0,Beastie Boys,B-Boy Bouillabaisse: A.W.O.L. (2009 Digital Remaster),hip hop,2.45214375,Twiztid,She Ain't Afraid,hip hop,2.3307562499999985,Eminem,8 Mile,hip hop,2.279606250000001,The Pharcyde,Passin' Me By,hip hop,0.6087311125223542,Josh Turner,Haywire,country,0.6038000443257137,Gentleman,Empress,reggae,0.6030790764798434,The Pharcyde,Passin' Me By,hip hop,0.6271014613120457,Gentleman,Empress,reggae,0.6211101328495388,Josh Turner,Haywire,country,0.6205870537019557,Beastie Boys,B-Boy Bouillabaisse: A.W.O.L. (2009 Digital Remaster),hip hop,221.39316875832867,Shaggy,Luv Me Up,reggae,179.6494375605286,Four Tops,Ain't No Woman (Like The One I've Got),r&b/soul,172.72057926336814,Gary Moore,Only Fool In Town (2002 Digital Remaster),blues,146.70558180752718,Four Tops,Ain't No Woman (Like The One I've Got),r&b/soul,136.9043613202805,Shaggy,Luv Me Up,reggae,126.29967509948284,Gary Moore,Only Fool In Town (2002 Digital Remaster),blues,0.401040746811028,The Fabulous Thunderbirds,Full-Time Lover,blues,0.34381432033141834,Ohio Players,It's All Over,jazz,0.33383660629368317,Gary Moore,Only Fool In Town (2002 Digital Remaster),blues,0.4316836006551534,The Fabulous Thunderbirds,Full-Time Lover,blues,0.3798647058354822,Ohio Players,It's All Over,jazz,0.37173208330659396
TRPMJOK128F92F317A,SOQWJXH12AAF3B5B0F,AR20CFC1187B98A25D,Ray Charles,The Sun's Gonna Shine Again,blues,Lauryn Hill,Interlude 5,r&b/soul,2103.0,Beastie Boys,B-Boy Bouillabaisse: A.W.O.L. (2009 Digital Remaster),hip hop,1440.0,Twista,I'm A Winner (Amended Album Version),hip hop,1435.0,Lauryn Hill,Interlude 5,r&b/soul,2.3803500000000004,Twista,I'm A Winner (Amended Album Version),hip hop,1.6314124999999997,Erykah Badu,I Want You,r&b/soul,1.5974562500000002,Skip James,Devil Got My Woman,blues,0.5526260631506806,Robben Ford,The Way You Treated Me (You're Gonna Be Sorry),blues,0.543469737304919,Lauryn Hill,Interlude 1,r&b/soul,0.5295659750403525,Skip James,Devil Got My Woman,blues,0.5696912691762414,Robben Ford,The Way You Treated Me (You're Gonna Be Sorry),blues,0.5577570277273353,Lauryn Hill,Interlude 1,r&b/soul,0.5491798622456296,Hayseed Dixie,Black Dog,country,138.57148134751674,Warren G,Keepin' It Strong,hip hop,128.00857569441874,Ja Rule,One of Us,hip hop,124.8100515847761,Hayseed Dixie,Black Dog,country,117.38697410621356,Simian Mobile Disco,I BELIEVE,electronic,96.8763277380338,Pepper,Davey Jones Locker,reggae,90.21257896454506,Hayseed Dixie,Black Dog,country,0.30043334976881214,Simian Mobile Disco,I BELIEVE,electronic,0.29919760970521275,The Kingston Trio,When The Saints Go Marching In,country,0.27890141769694593,Hayseed Dixie,Black Dog,country,0.3357026124527508,Simian Mobile Disco,I BELIEVE,electronic,0.33230887210274873,The Kingston Trio,When The Saints Go Marching In,country,0.30403978041413954
TRGXECP12903CDDC43,SOCLEEQ12D021B23E0,AR20CFC1187B98A25D,Ray Charles,Losing Hand,blues,Lauryn Hill,Interlude 5,r&b/soul,3227.0,Twista,I'm A Winner (Amended Album Version),hip hop,2963.0,Erykah Badu,I Want You,r&b/soul,2841.0,Lauryn Hill,Interlude 5,r&b/soul,3.73935,Twista,I'm A Winner (Amended Album Version),hip hop,3.51135,Erykah Badu,I Want You,r&b/soul,3.4430500000000013,Wild Strawberries,Heroine,folk,0.7490418712182675,LL Cool J,Lollipop,hip hop,0.7480762379464739,Rufus Wainwright,Baby,folk,0.739750837234626,LL Cool J,Lollipop,hip hop,0.7561962839199741,Wild Strawberries,Heroine,folk,0.756067027843703,Rufus Wainwright,Baby,folk,0.747349575969435,Lauryn Hill,Interlude 5,r&b/soul,150.9591179839856,Keith Sweat,Caught Up,r&b/soul,148.8373280875691,Beastie Boys,B-Boy Bouillabaisse: A.W.O.L. (2009 Digital Remaster),hip hop,116.07342223157131,Keith Sweat,Caught Up,r&b/soul,119.87110520590967,The Emotions,I Don't Wanna Lose Your Love,r&b/soul,95.56190394712773,Amerie,Higher,r&b/soul,86.34461554632365,Keith Sweat,Caught Up,r&b/soul,0.28601031737394705,The Emotions,I Don't Wanna Lose Your Love,r&b/soul,0.2726574652953823,Amerie,Higher,r&b/soul,0.262759000754433,Keith Sweat,Caught Up,r&b/soul,0.329169849090275,The Emotions,I Don't Wanna Lose Your Love,r&b/soul,0.3111146676583439,Amerie,Higher,r&b/soul,0.3039388107958251
TREQYGT128E07859FA,SOZOJBP12A6701E425,ARV9LSS1187B98C471,Blake Shelton,Nobody But Me (Album Version),blues,Lauryn Hill,Interlude 5,r&b/soul,4601.0,Twista,I'm A Winner (Amended Album Version),hip hop,3701.0,Erykah Badu,I Want You,r&b/soul,3608.0,Lauryn Hill,Interlude 5,r&b/soul,5.24295,Erykah Badu,I Want You,r&b/soul,4.323185937499999,Twista,I'm A Winner (Amended Album Version),hip hop,4.294059375000002,Webb Pierce,I Ain't Never,country,0.7001392651379817,En Vogue,Love Don't Love You (LP Version),r&b/soul,0.6915751644784802,Ray Charles,Let's Go,jazz,0.6873740898651675,Webb Pierce,I Ain't Never,country,0.7093228630758824,En Vogue,Love Don't Love You (LP Version),r&b/soul,0.700632809590511,Ray Charles,Let's Go,jazz,0.6958892324018713,Lauryn Hill,Interlude 5,r&b/soul,188.72763441896328,Beastie Boys,B-Boy Bouillabaisse: A.W.O.L. (2009 Digital Remaster),hip hop,165.68065722584467,Adina Howard,Nasty Grind,r&b/soul,161.6104201861799,Adina Howard,Nasty Grind,r&b/soul,140.38443709335922,Blind Willie McTell,Come On Around To My House Mama,blues,115.3120319375317,Ledisi,Joy,r&b/soul,99.26430475193004,Adina Howard,Nasty Grind,r&b/soul,0.36045147943402733,Tina Dico,Nobody's Man,pop,0.32926355711338073,Ohio Players,It's All Over,jazz,0.31294272788880234,Adina Howard,Nasty Grind,r&b/soul,0.3934478501806994,Tina Dico,Nobody's Man,pop,0.36187800862412023,Ohio Players,It's All Over,jazz,0.34707029184653865
TROFEVE12903CD8AAA,SONQLUB12D02199FCD,AR66H0N1187B9AE91E,Etta James,A Sunday Kind of Love,blues,Lauryn Hill,Interlude 5,r&b/soul,2268.0,Beastie Boys,B-Boy Bouillabaisse: A.W.O.L. (2009 Digital Remaster),hip hop,2092.0,Eminem,8 Mile,hip hop,1772.0,Lauryn Hill,Interlude 5,r&b/soul,2.5130000000000003,Beastie Boys,B-Boy Bouillabaisse: A.W.O.L. (2009 Digital Remaster),hip hop,2.3457187500000005,Eminem,8 Mile,hip hop,2.0117812500000003,Astrud Gilberto,And Roses And Roses,jazz,0.638785748743474,Melissa Etheridge,Fearless Love,rock,0.6243458212698526,W.A.S.P.,Fistful Of Diamonds,metal,0.6204365192080412,Astrud Gilberto,And Roses And Roses,jazz,0.6520805604100922,Melissa Etheridge,Fearless Love,rock,0.6374657574594913,W.A.S.P.,Fistful Of Diamonds,metal,0.6311391808738567,Big Brovaz,Find A Way,hip hop,211.96369010441828,Mariah Carey,Sprung,r&b/soul,198.2383897484197,Lyfe Jennings,She Got Kids,r&b/soul,190.85303739883008,Mariah Carey,Sprung,r&b/soul,174.28905973443867,Big Brovaz,Find A Way,hip hop,160.67117285084242,Fats Domino,I'm Ready,rock,157.4030762470633,Mariah Carey,Sprung,r&b/soul,0.36759595573591736,T.Rex,London Boys,rock,0.363856231295574,Reel Big Fish,I'm Cool,reggae,0.3298358263373414,Mariah Carey,Sprung,r&b/soul,0.39798701658819746,T.Rex,London Boys,rock,0.3828997838040731,Reel Big Fish,I'm Cool,reggae,0.357378210530358
TRCFPJF128F428A872,SOKCCML12D021B0FC6,AR66H0N1187B9AE91E,Etta James,I Just Want To Make Love To You,blues,Lauryn Hill,Interlude 5,r&b/soul,7889.0,Twista,I'm A Winner (Amended Album Version),hip hop,7104.0,Erykah Badu,I Want You,r&b/soul,6291.0,Lauryn Hill,Interlude 5,r&b/soul,9.362150000000003,Twista,I'm A Winner (Amended Album Version),hip hop,8.553821875,Erykah Badu,I Want You,r&b/soul,7.6803171874999965,Willie Dixon,I Just Want To Make Love To You,blues,0.8572527623051506,Jesse Johnson,Love Struck,r&b/soul,0.8294796744438521,Jon Secada,Want You_ Miss You_ Love You,latin,0.797053884415605,Willie Dixon,I Just Want To Make Love To You,blues,0.8602212578815764,Jesse Johnson,Love Struck,r&b/soul,0.8335277879280489,Jon Secada,Want You_ Miss You_ Love You,latin,0.8014557433217919,Lauryn Hill,Interlude 5,r&b/soul,150.22731499091103,Incognito,Blue (I'm Still Here With You),jazz,130.73627575323727,Shaggy,Luv Me Up,reggae,125.88843649885,Incognito,Blue (I'm Still Here With You),jazz,109.71351555173024,Willie Dixon,I Just Want To Make Love To You,blues,109.27370127728639,Keith Sweat,Give Me What I Want (LP Version),r&b/soul,96.86111242812805,Willie Dixon,I Just Want To Make Love To You,blues,0.696046168514115,Tristan Prettyman,You Got Me,folk,0.34563655271368354,Keith Sweat,Give Me What I Want (LP Version),r&b/soul,0.3304930478460012,Willie Dixon,I Just Want To Make Love To You,blues,0.7093138579497328,Tristan Prettyman,You Got Me,folk,0.3821812375360419,Keith Sweat,Give Me What I Want (LP Version),r&b/soul,0.36757191179765425
TRBFTHL128C7196B42,SODJRCC12D02192374,AR66H0N1187B9AE91E,Etta James,My Dearest Darling,blues,Lauryn Hill,Interlude 5,r&b/soul,1609.0,Twista,I'm A Winner (Amended Album Version),hip hop,1603.0,Eminem,My Darling,hip hop,1567.0,Twista,I'm A Winner (Amended Album Version),hip hop,1.8774874999999989,Eminem,My Darling,hip hop,1.84049375,Lauryn Hill,Interlude 5,r&b/soul,1.8180499999999995,Kenny Rogers,Endless love,country,0.6989731103223137,Angie Stone,Snowflakes,r&b/soul,0.6900703783444941,Mint Condition,Breakin' My Heart (Pretty Brown Eyes),r&b/soul,0.6869805448877184,Kenny Rogers,Endless love,country,0.7090147186016058,Angie Stone,Snowflakes,r&b/soul,0.7016972764662263,Mint Condition,Breakin' My Heart (Pretty Brown Eyes),r&b/soul,0.6981418553632347,Eminem,My Darling,hip hop,152.5164969190978,Martin Jondo,Hold You,reggae,101.44192931450264,Natalie Cole,Your Eyes,r&b/soul,92.88704938162866,Eminem,My Darling,hip hop,110.92504260754477,Martin Jondo,Hold You,reggae,79.8076559690842,Sonya Kitchell,Too Beautiful,folk,78.78734157635674,UB40,Come Back Darling,reggae,0.3882496388518624,Johnny Nash,Stir It Up,reggae,0.3822930110479695,Percy Sledge,My Special Prayer,r&b/soul,0.3660233660467249,UB40,Come Back Darling,reggae,0.4076260866728643,Johnny Nash,Stir It Up,reggae,0.4053314550560442,Percy Sledge,My Special Prayer,r&b/soul,0.3896993340669455
TRFEGGQ128E07898AA,SOMPSXS12D021B12D7,AR66H0N1187B9AE91E,Etta James,W.O.M.A.N.,blues,Lauryn Hill,Interlude 5,r&b/soul,2237.0,Electrelane,Cut And Run,punk,1879.0,Twista,I'm A Winner (Amended Album Version),hip hop,1744.0,Lauryn Hill,Interlude 5,r&b/soul,2.5156499999999995,Electrelane,Cut And Run,punk,2.2835562499999984,Twista,I'm A Winner (Amended Album Version),hip hop,1.99661875,Pretty Maids,Perfect Stranger,metal,0.7352704095327427,The Darkness,Givin' Up (Clean Version),rock,0.7313282315519746,Little Anthony & The Imperials,Shimmy_ Shimmy_ Ko-Ko-Bop (Single Version),latin,0.7258297353358554,Pretty Maids,Perfect Stranger,metal,0.7408304133687239,The Darkness,Givin' Up (Clean Version),rock,0.7350005406724144,Little Anthony & The Imperials,Shimmy_ Shimmy_ Ko-Ko-Bop (Single Version),latin,0.7317444599241864,Gyptian,Take My Money,reggae,152.32534121660066,The Isley Brothers,Touch Me,blues,138.0647886861763,Shania Twain,Man! I Feel Like A Woman!,country,132.01513515969464,Gyptian,Take My Money,reggae,123.1224752747566,Shania Twain,Man! I Feel Like A Woman!,country,112.92338038793508,Bette Midler,I'm A Woman,blues,105.87676733217464,Nine Inch Nails,The Great Collapse,electronic,0.4043369236069298,Bette Midler,I'm A Woman,blues,0.3929143465662523,Eric Clapton,Kind Hearted Woman Blues (Album Version),blues,0.37769830055584885,Bette Midler,I'm A Woman,blues,0.4224368904492078,Nine Inch Nails,The Great Collapse,electronic,0.4136833020132849,Eric Clapton,Kind Hearted Woman Blues (Album Version),blues,0.40427036347076034
TRDDDDX128E0793212,SOIOOIR12A58A7EBB8,ARLAUED1187B9ACEAF,Eric Clapton,Alberta,blues,Lauryn Hill,Interlude 5,r&b/soul,1647.0,Twista,I'm A Winner (Amended Album Version),hip hop,1532.0,Eminem,My Darling,hip hop,1249.0,Lauryn Hill,Interlude 5,r&b/soul,1.8701499999999995,Twista,I'm A Winner (Amended Album Version),hip hop,1.79174375,Eminem,My Darling,hip hop,1.4458093750000005,Bay City Rollers,Lovely To See You,pop,0.617000771010754,Shannon McNally,Down And Dirty,blues,0.6132646651337131,Jennifer Lopez,Theme From Mahagony (Do You Know Where You're Going To),electronic,0.6086252255072367,Bay City Rollers,Lovely To See You,pop,0.626346080342961,Shannon McNally,Down And Dirty,blues,0.623717588308047,Jennifer Lopez,Theme From Mahagony (Do You Know Where You're Going To),electronic,0.6182644199064222,Brian McKnight,Try Our Love Again,r&b/soul,96.33294195918275,Connie Smith,Ain't Had No Lovin',country,84.89185849967309,Eminem,8 Mile,hip hop,81.96100040334667,Brian McKnight,Try Our Love Again,r&b/soul,82.77794197766265,Connie Smith,Ain't Had No Lovin',country,76.75653251846985,Brian McKnight,Been So Long,r&b/soul,69.6630451943262,Connie Smith,Ain't Had No Lovin',country,0.3748212781843276,Brian McKnight,Been So Long,r&b/soul,0.3520447779730296,Brian McKnight,Try Our Love Again,r&b/soul,0.32778265448258187,Connie Smith,Ain't Had No Lovin',country,0.39845904902159585,Brian McKnight,Been So Long,r&b/soul,0.38161751897302926,Brian McKnight,Try Our Love Again,r&b/soul,0.3599418499251933
TRWBAGY128F93034BF,SOXIVQT12AB0181061,ARLAUED1187B9ACEAF,Eric Clapton,Before You Accuse Me (Take A Look At Yourself),blues,Lauryn Hill,Interlude 5,r&b/soul,1431.0,Eminem,My Darling,hip hop,1312.0,Beastie Boys,B-Boy Bouillabaisse: A.W.O.L. (2009 Digital Remaster),hip hop,1285.0,Lauryn Hill,Interlude 5,r&b/soul,1.5679499999999995,Eminem,My Darling,hip hop,1.5048499999999998,Twista,I'm A Winner (Amended Album Version),hip hop,1.45445,Bo Diddley,Before You Accuse Me,blues,0.8800229295853711,Fat Joe,Preacher On A Sunday Morning,hip hop,0.6131911839346953,Joss Stone,You Had Me (Live),r&b/soul,0.6047578537285804,Bo Diddley,Before You Accuse Me,blues,0.885745926261553,Fat Joe,Preacher On A Sunday Morning,hip hop,0.6330220103140114,Joss Stone,You Had Me (Live),r&b/soul,0.6217482026427427,Bo Diddley,Before You Accuse Me,blues,195.342585706263,Beastie Boys,B-Boy Bouillabaisse: A.W.O.L. (2009 Digital Remaster),hip hop,134.7364309707027,Lauryn Hill,Interlude 5,r&b/soul,119.33567925290177,Bo Diddley,Before You Accuse Me,blues,184.0972106297366,Clipse,Dirty Money,hip hop,77.55217521317782,Nelly,Splurge,hip hop,77.06239535948237,Bo Diddley,Before You Accuse Me,blues,0.8209281184345182,Rancid,Up To No Good,reggae,0.3073885702867373,Metallic Falcons,four hearts,folk,0.257646602431551,Bo Diddley,Before You Accuse Me,blues,0.829475352819951,Rancid,Up To No Good,reggae,0.3396377737200749,Gretchen Wilson,If You Want A Mother,country,0.28419799410805074
TRLWIBC128E0792E2C,SORMUAO12A6D4F9262,ARLAUED1187B9ACEAF,Eric Clapton,Early In The Morning,blues,Lauryn Hill,Interlude 5,r&b/soul,2719.0,Beastie Boys,B-Boy Bouillabaisse: A.W.O.L. (2009 Digital Remaster),hip hop,2110.0,Danity Kane,Hold Me Down (Album Version),r&b/soul,1773.0,Lauryn Hill,Interlude 5,r&b/soul,3.03535,Beastie Boys,B-Boy Bouillabaisse: A.W.O.L. (2009 Digital Remaster),hip hop,2.333596875000002,Danity Kane,Hold Me Down (Album Version),r&b/soul,2.04788125,Seventh Day Slumber,Broken Buildings,rock,0.5768927835311528,Gil Scott-Heron,Me And The Devil,blues,0.5755248582468059,Opeth,The Moor,metal,0.561942102742824,Gil Scott-Heron,Me And The Devil,blues,0.5968675616148561,Seventh Day Slumber,Broken Buildings,rock,0.5930414797492458,Opeth,The Moor,metal,0.5812763812852317,Beastie Boys,B-Boy Bouillabaisse: A.W.O.L. (2009 Digital Remaster),hip hop,177.3253408017631,Brand Nubian,All For One (Explicit) (2006 Remastered LP Version),hip hop,135.4114122843105,Eric B. & Rakim,What's On Your Mind,hip hop,126.98308675170357,The Isley Brothers,Lay Lady Lay,r&b/soul,88.35088124680061,Usher,Roni,r&b/soul,86.96977274258253,Tyrese,Morning After,r&b/soul,83.27039549980469,Fleetwood Mac,Allow Me One More Show,blues,0.2796495923287886,Townes Van Zandt,If I Needed You,folk,0.2672287668917422,Tab Benoit,Shining Moon,blues,0.26456757461920866,Fleetwood Mac,Allow Me One More Show,blues,0.3173628368895968,Townes Van Zandt,If I Needed You,folk,0.300876624066005,Tab Benoit,Shining Moon,blues,0.2952230874794379
TRAZQIG128F146372E,SOFZYKR12A6D4F72A5,ARLAUED1187B9ACEAF,Eric Clapton,Floating Bridge,blues,Lauryn Hill,Interlude 5,r&b/soul,2423.0,Beastie Boys,B-Boy Bouillabaisse: A.W.O.L. (2009 Digital Remaster),hip hop,2285.0,Eminem,8 Mile,hip hop,1863.0,Lauryn Hill,Interlude 5,r&b/soul,2.66765,Beastie Boys,B-Boy Bouillabaisse: A.W.O.L. (2009 Digital Remaster),hip hop,2.5542703125,Eminem,8 Mile,hip hop,2.100854687499999,Lupe Fiasco,Hurt Me Soul (Explicit Album Version),hip hop,0.649920828161681,Jackie Greene,About Cell Block #9,blues,0.6376201798270498,Onyx,Feel Me,hip hop,0.6374150792990884,Lupe Fiasco,Hurt Me Soul (Explicit Album Version),hip hop,0.6664681902367555,Onyx,Feel Me,hip hop,0.656911610446021,Jackie Greene,About Cell Block #9,blues,0.653763644614063,Beastie Boys,B-Boy Bouillabaisse: A.W.O.L. (2009 Digital Remaster),hip hop,176.5857883088816,Lauryn Hill,Interlude 5,r&b/soul,167.98133773368298,Aaron Carter,That's How I Beat Shaq,pop,161.7411780743346,Aaron Carter,That's How I Beat Shaq,pop,108.03533970748215,Blind Willie Johnson,If I Had My Way I'd Tear This Building Down,blues,102.62457426738489,Billy Paul,Your Song,r&b/soul,94.52601938508553,The Allman Brothers Band,Stormy Monday,blues,0.2869692640110078,John Lee Hooker,Down At The Landing,blues,0.24337488303531174,Anatomy Of A Ghost,Since Yesterday,punk,0.23284613488148476,The Allman Brothers Band,Stormy Monday,blues,0.31500095678640405,Anatomy Of A Ghost,Since Yesterday,punk,0.2763772706992261,John Lee Hooker,Down At The Landing,blues,0.2760864804031255
TRQUJCP128F4238206,SOICNJH12A81C22263,ARLAUED1187B9ACEAF,Eric Clapton,Kind Hearted Woman Blues (Album Version),blues,Lauryn Hill,Interlude 5,r&b/soul,1804.0,Beastie Boys,B-Boy Bouillabaisse: A.W.O.L. (2009 Digital Remaster),hip hop,1711.0,Twista,I'm A Winner (Amended Album Version),hip hop,1577.0,Lauryn Hill,Interlude 5,r&b/soul,2.001999999999999,Beastie Boys,B-Boy Bouillabaisse: A.W.O.L. (2009 Digital Remaster),hip hop,1.927171874999999,Erykah Badu,I Want You,r&b/soul,1.8482656249999976,Robert Johnson,Kindhearted Woman Blues,blues,0.9459268741555856,Jonny Lang,Breakin Me,blues,0.6862688998070468,The Mick Fleetwood Blues Band,Black Magic Woman,blues,0.6838707621408127,Robert Johnson,Kindhearted Woman Blues,blues,0.9482073883144873,Jonny Lang,Breakin Me,blues,0.7003492917357614,Anastacia,Club Megamix,rock,0.6961442495270542,Robert Johnson,Kindhearted Woman Blues,blues,160.17813471173758,Ryan Leslie,Just Right,r&b/soul,110.6742305996227,Lauryn Hill,Interlude 5,r&b/soul,106.07046847951305,Robert Johnson,Kindhearted Woman Blues,blues,151.2307745991459,Ryan Leslie,Just Right,r&b/soul,86.97199144370913,Ashanti,Rock Wit U (Awww Baby),r&b/soul,85.95762610852053,Robert Johnson,Kindhearted Woman Blues,blues,0.9162718752646959,Ten Years After,Woman Trouble,blues,0.41579887945661703,Etta James,W.O.M.A.N.,blues,0.37769830055584885,Robert Johnson,Kindhearted Woman Blues,blues,0.9205114386740808,Ten Years After,Woman Trouble,blues,0.44344685886782426,Etta James,W.O.M.A.N.,blues,0.40427036347076034
TRIDJMD128E078B984,SOWGAGY12A6701F305,ARN0YZ71187B9BA57B,Michael Bublé,That's All (Album Version),classical,Lauryn Hill,Interlude 5,r&b/soul,4289.0,Twista,I'm A Winner (Amended Album Version),hip hop,2974.0,Michael Jackson,Man In The Mirror,pop,2837.0,Lauryn Hill,Interlude 5,r&b/soul,5.025449999999999,Twista,I'm A Winner (Amended Album Version),hip hop,3.4980437499999995,Michael Jackson,Man In The Mirror,pop,3.2583562499999994,Hindi Zahra,Fascination (Album Version),jazz,0.7790582980879664,Mayday Parade,One Man Drinking Games,punk,0.7268641223323977,KC And The Sunshine Band,All My Love,r&b/soul,0.7260595305313345,Hindi Zahra,Fascination (Album Version),jazz,0.7865780716762889,Mayday Parade,One Man Drinking Games,punk,0.7373932721322488,KC And The Sunshine Band,All My Love,r&b/soul,0.7342440698752284,Lauryn Hill,Interlude 5,r&b/soul,119.45376472370819,Savatage,The Hourglass,metal,112.46379417760906,Beastie Boys,B-Boy Bouillabaisse: A.W.O.L. (2009 Digital Remaster),hip hop,110.19498330600297,S Club,Straight From The Heart,pop,81.60658141026668,Michelle Williams,Till The End Of The World,r&b/soul,77.3120633882107,Jon Secada,Take Me,pop,73.21293886868578,S Club,Straight From The Heart,pop,0.31303816661873396,Paul Anka,Love Me Warm And Tender,punk,0.2993688097401035,Webb Pierce,Even Tho',country,0.29686092063916797,S Club,Straight From The Heart,pop,0.3612785856716811,Webb Pierce,Even Tho',country,0.33789735804776594,Paul Anka,Love Me Warm And Tender,punk,0.33456942975035703
TRYRCXF128F424183D,SOWXYFO12A8AE46AD3,ARGVJPK1187B9909EA,Josh Groban,America (Revised Live Version),classical,Lauryn Hill,Interlude 5,r&b/soul,2325.0,Beastie Boys,B-Boy Bouillabaisse: A.W.O.L. (2009 Digital Remaster),hip hop,2240.0,Eminem,8 Mile,hip hop,1876.0,Lauryn Hill,Interlude 5,r&b/soul,2.60725,Beastie Boys,B-Boy Bouillabaisse: A.W.O.L. (2009 Digital Remaster),hip hop,2.549953125,Eminem,8 Mile,hip hop,2.156296875000001,Simon & Garfunkel,America,folk,0.9944536467064888,Brand Nubian,All For One (Explicit) (2006 Remastered LP Version),hip hop,0.7371923298814145,The Streets,The Irony Of It All (Album Version),electronic,0.7230060150130584,Simon & Garfunkel,America,folk,0.9947246396459664,Brand Nubian,All For One (Explicit) (2006 Remastered LP Version),hip hop,0.7508391938954497,The Streets,The Irony Of It All (Album Version),electronic,0.7387241738395302,Beastie Boys,B-Boy Bouillabaisse: A.W.O.L. (2009 Digital Remaster),hip hop,216.26779078657188,Simon & Garfunkel,America,folk,196.05663187288664,Lauryn Hill,Interlude 5,r&b/soul,179.91127711739483,Simon & Garfunkel,America,folk,180.76983965180426,Beastie Boys,B-Boy Bouillabaisse: A.W.O.L. (2009 Digital Remaster),hip hop,112.82051008554882,Leonard Cohen,Death Of A Ladies' Man,folk,94.95474109548067,Simon & Garfunkel,America,folk,0.9924969031656133,Leonard Cohen,Death Of A Ladies' Man,folk,0.29581013960420194,Geggy Tah,I Forgot,rock,0.2913504025137247,Simon & Garfunkel,America,folk,0.9930742512462812,Leonard Cohen,Death Of A Ladies' Man,folk,0.3623117521888438,Geggy Tah,I Forgot,rock,0.3477847176137586
TRDQLTF128E0787809,SODUTDM12A67020476,ARGVJPK1187B9909EA,Josh Groban,Broken Vow (Album Version),classical,Lauryn Hill,Interlude 5,r&b/soul,4866.0,Twista,I'm A Winner (Amended Album Version),hip hop,4115.0,Erykah Badu,I Want You,r&b/soul,3892.0,Lauryn Hill,Interlude 5,r&b/soul,5.659299999999998,Twista,I'm A Winner (Amended Album Version),hip hop,4.867174999999998,Erykah Badu,I Want You,r&b/soul,4.709462499999992,G4,Broken Vow,classical,0.9990835607231904,Alexandra Burke,Overcome,r&b/soul,0.8109955569163255,Mario Vazquez,Everytime I...,r&b/soul,0.7977621163644557,G4,Broken Vow,classical,0.9991177766257916,Alexandra Burke,Overcome,r&b/soul,0.8176179338967285,Il Divo,Mama,classical,0.8027262142956695,G4,Broken Vow,classical,283.26176445407987,Beastie Boys,B-Boy Bouillabaisse: A.W.O.L. (2009 Digital Remaster),hip hop,227.8280763210931,Lauryn Hill,Interlude 5,r&b/soul,226.00654715112324,G4,Broken Vow,classical,258.60896206276567,The Brand New Heavies,Last to Know,jazz,107.08468103731741,Savatage,The Hourglass,metal,106.37943213064312,G4,Broken Vow,classical,0.9939747241305507,Westlife,More Than Words,pop,0.2855610220052981,Seventh Day Slumber,Broken Buildings,rock,0.2669272023325905,G4,Broken Vow,classical,0.9944948253315915,Westlife,More Than Words,pop,0.338546173388738,David Wilcox,Invisible Shield,folk,0.33113558162546414
TRUAAEQ128F423C52D,SOGDUMI12A8AE45417,ARGVJPK1187B9909EA,Josh Groban,Gira Con Me Questa Notte (Album Version),classical,Abba,Move On,pop,1407.0,Horace Andy,Horse With No Name,reggae,1321.0,Gemelli Diversi,Istruzioni Per L'(Ill)uso,hip hop,1148.0,Abba,Move On,pop,1.7031515625000022,Horace Andy,Horse With No Name,reggae,1.6012250000000006,Gemelli Diversi,Istruzioni Per L'(Ill)uso,hip hop,1.402510937499999,Gemelli Diversi,Istruzioni Per L'(Ill)uso,hip hop,0.7512308791639764,Vittorio Grigolo,Roma Sogna,classical,0.7386685807760766,Paolo Conte,Nord,jazz,0.7384056412490732,Gemelli Diversi,Istruzioni Per L'(Ill)uso,hip hop,0.75529830179037,Vittorio Grigolo,Roma Sogna,classical,0.7421281052485834,Paolo Conte,Nord,jazz,0.7413877951825896,Gemelli Diversi,Istruzioni Per L'(Ill)uso,hip hop,502.3446325274821,Fabrizio De Andrè,Sinan Capudan Pascià,folk,425.0526736911639,Flaminio Maphia,Quelli Che,hip hop,403.03308082046465,Gemelli Diversi,Istruzioni Per L'(Ill)uso,hip hop,485.9388699542199,Fabrizio De Andrè,Sinan Capudan Pascià,folk,406.7061851945927,Flaminio Maphia,Quelli Che,hip hop,387.6760716706149,Paul Potts,Piano (Memory),classical,0.7537827965739207,Lara Fabian,Caruso,classical,0.7309865568449833,Sergio Cammariere,La Canzone Dell' Impossibile,jazz,0.7245461209958487,Paul Potts,Piano (Memory),classical,0.7586782853418743,Lara Fabian,Caruso,classical,0.7360809436011486,Sergio Cammariere,La Canzone Dell' Impossibile,jazz,0.7301924554454451
TRYGDNA128E078780C,SOWLNSE12A67020479,ARGVJPK1187B9909EA,Josh Groban,Hymne A L'Amour (Album Version),classical,Tryo,Yakamonéyé,reggae,923.0,Fonky Family,L'Amour Du Risque,hip hop,917.0,Sniper,Panam All Star,hip hop,906.0,Tryo,Yakamonéyé,reggae,1.1033875000000015,Fonky Family,L'Amour Du Risque,hip hop,1.0995000000000008,Sniper,Panam All Star,hip hop,1.0704499999999992,Amandine Bourgeois,L'Homme De La Situation,pop,0.7661508738614379,Zazie,Tomber Le Masque,pop,0.743495396193628,Lokua Kanza,A Tes Côtés,folk,0.7109584331368652,Amandine Bourgeois,L'Homme De La Situation,pop,0.7702577482588894,Zazie,Tomber Le Masque,pop,0.7484485448986042,Lokua Kanza,A Tes Côtés,folk,0.7160180143380986,Sniper,Panam All Star,hip hop,583.6038496216969,Tryo,Yakamonéyé,reggae,578.8538584738046,Fonky Family,Sans Rémission,hip hop,557.0187128098565,Tryo,Yakamonéyé,reggae,546.513710985066,Sniper,Panam All Star,hip hop,544.1125327929471,Fonky Family,Sans Rémission,hip hop,523.9602237801179,Amandine Bourgeois,L'Homme De La Situation,pop,0.7003391462524348,Lokua Kanza,A Tes Côtés,folk,0.6933665105605783,Grégory Lemarchal,Mon Ange,pop,0.6815853367033015,Amandine Bourgeois,L'Homme De La Situation,pop,0.7083673747139935,Lokua Kanza,A Tes Côtés,folk,0.7005620920030616,Grégory Lemarchal,Mon Ange,pop,0.6891230873666018
TRDFTPP128F427550C,SOWOPHG12A8C13DB44,ARGVJPK1187B9909EA,Josh Groban,It Came Upon A Midnight Clear (Album Version),classical,The Streets,Weak Become Heroes,hip hop,1169.0,Travis,Sing,pop,949.0,Jenny Lewis,Sing A Song,country,862.0,The Streets,Weak Become Heroes,hip hop,1.3568515624999986,Travis,Sing,pop,1.1557031250000005,Jenny Lewis,Sing A Song,country,1.0453359374999998,Travis,Sing,pop,0.5430517263162161,Barry Manilow,Sing It,rock,0.4485104356351915,Cinderella Effect,Israel,classical,0.3974293048565728,Travis,Sing,pop,0.5495001711304566,Barry Manilow,Sing It,rock,0.4577213922476441,Cinderella Effect,Israel,classical,0.4097102465597109,Flipsyde,Angel,hip hop,208.756119145819,Haste The Day,Chorus Of Angels,metal,201.45265804122468,Jon Anderson,My Sweet Jane,folk,169.1420466551778,Flipsyde,Angel,hip hop,179.37558080825008,Haste The Day,Chorus Of Angels,metal,178.9732280317882,Jon Anderson,My Sweet Jane,folk,144.86461616750523,The Waterboys,The Crash Of Angel Wings,rock,0.3918743105463549,Brooks & Dunn,You're My Angel,country,0.38357824041385724,Flipsyde,Angel,hip hop,0.32761992778669646,The Waterboys,The Crash Of Angel Wings,rock,0.41016872355538464,Brooks & Dunn,You're My Angel,country,0.4011534755404811,Flipsyde,Angel,hip hop,0.35626631946129717
TRRBWRX128F423C535,SOBFGZA12A8AE4542A,ARGVJPK1187B9909EA,Josh Groban,Let Me Fall (From Cirque du Soleil) (Album Version),classical,Lauryn Hill,Interlude 5,r&b/soul,2200.0,Eminem,8 Mile,hip hop,2187.0,Beastie Boys,B-Boy Bouillabaisse: A.W.O.L. (2009 Digital Remaster),hip hop,2172.0,Eminem,8 Mile,hip hop,2.5377890625000017,Mario Vazquez,Everytime I...,r&b/soul,2.530078125000004,Beastie Boys,B-Boy Bouillabaisse: A.W.O.L. (2009 Digital Remaster),hip hop,2.455335937500001,JET,Let Me Out,rock,0.6617910751137873,Robbie Williams,Come Take Me Over,pop,0.6458772537454028,Charley Pride,Let The Chips Fall,country,0.6395527112980506,JET,Let Me Out,rock,0.6734951718494046,Robbie Williams,Come Take Me Over,pop,0.6575239358312595,Charley Pride,Let The Chips Fall,country,0.6524274900988363,Company Flow,The Fire In Which You Burn (feat. J-Treds & The Brewin From The Juggaknots),hip hop,102.26492903598653,Newton Faulkner,Dream Catch Me,folk,96.90794807856005,Momus,Closer To You,electronic,96.80205866378391,Newton Faulkner,Dream Catch Me,folk,78.69575838595185,SUPREME BEINGS OF LEISURE,Catch Me,electronic,78.5669409565344,Charley Pride,Let The Chips Fall,country,74.31536262636534,SUPREME BEINGS OF LEISURE,Catch Me,electronic,0.33974843035770236,Charley Pride,Let The Chips Fall,country,0.3112661589050994,Ruben Studdard,If Only For One Night,r&b/soul,0.2705499217891521,SUPREME BEINGS OF LEISURE,Catch Me,electronic,0.3668784056413571,Charley Pride,Let The Chips Fall,country,0.34741019981699833,Ruben Studdard,If Only For One Night,r&b/soul,0.3068955281658607
TRJSTLV128F4241832,SOHCDYF12A58A7C604,ARGVJPK1187B9909EA,Josh Groban,Mi Mancherai (Il Postino) (Revised Live Version),classical,Shaggy,Luv Me Up,reggae,663.0,Fabrizio De Andrè,Sinan Capudan Pascià,folk,500.0,Jowell & Randy,Te Ando Buscando,reggae,478.0,Shaggy,Luv Me Up,reggae,0.7763874999999999,Fabrizio De Andrè,Sinan Capudan Pascià,folk,0.6047187499999979,Jowell & Randy,Te Ando Buscando,reggae,0.5738078124999991,Il Divo,Adagio,classical,0.7096432856876085,Il Divo,Musica,classical,0.6900844975768127,Vinicio Capossela,Il Pugile Sentimentale ( Live ),folk,0.6711890965627467,Il Divo,Adagio,classical,0.7146649400837465,Il Divo,Musica,classical,0.6953392321425388,Vinicio Capossela,Il Pugile Sentimentale ( Live ),folk,0.6764594891773381,Flaminio Maphia,Quelli Che,hip hop,327.60768308953675,Fabrizio De Andrè,Sinan Capudan Pascià,folk,320.94618488536554,Caparezza,Limiti,hip hop,316.8352281752897,Flaminio Maphia,Quelli Che,hip hop,314.9068052150833,Fabrizio De Andrè,Sinan Capudan Pascià,folk,305.7728846973999,Caparezza,Limiti,hip hop,304.8140806915445,Il Divo,Come Primavera,classical,0.7300384525900518,Vinicio Capossela,Il Pugile Sentimentale ( Live ),folk,0.7163742956612684,Andrea Bocelli,Semplicemente (Canto Per Te),classical,0.7025696769425727,Il Divo,Come Primavera,classical,0.7351143383532529,Vinicio Capossela,Il Pugile Sentimentale ( Live ),folk,0.7225305362850326,Andrea Bocelli,Semplicemente (Canto Per Te),classical,0.7095144601757207
TRBRHPE128E0787803,SOJCMKN12A67020471,ARGVJPK1187B9909EA,Josh Groban,My Confession (Album Version),classical,Beastie Boys,B-Boy Bouillabaisse: A.W.O.L. (2009 Digital Remaster),hip hop,3830.0,Eminem,8 Mile,hip hop,3532.0,Lauryn Hill,Interlude 5,r&b/soul,3498.0,Beastie Boys,B-Boy Bouillabaisse: A.W.O.L. (2009 Digital Remaster),hip hop,4.4335875000000025,Mario Vazquez,Everytime I...,r&b/soul,4.161874999999993,Eminem,8 Mile,hip hop,4.147912499999996,The Distillers,I Understand,punk,0.7829224960132025,Common,Book Of Life,hip hop,0.7592618832784616,Ben Folds Five,Don't Change Your Plans,rock,0.7591900611297405,The Distillers,I Understand,punk,0.7893759960732115,Common,Book Of Life,hip hop,0.7679380626950867,Ben Folds Five,Don't Change Your Plans,rock,0.7678209252492962,Lauryn Hill,Interlude 5,r&b/soul,176.3373980504818,Michael Jackson,Man In The Mirror,pop,149.6558117690361,Beastie Boys,B-Boy Bouillabaisse: A.W.O.L. (2009 Digital Remaster),hip hop,135.81328076552361,Martina McBride,Blessed,country,103.35117137982466,Michael Jackson,Man In The Mirror,pop,95.4117078868689,Axel Rudi Pell,Beautiful Day,metal,88.71732017389485,Martina McBride,Blessed,country,0.2832877444352188,Axel Rudi Pell,Beautiful Day,metal,0.27628380665497587,Hot Chip,Careful,electronic,0.268563865382586,Martina McBride,Blessed,country,0.328182885281443,Axel Rudi Pell,Beautiful Day,metal,0.3264820509808616,Hot Chip,Careful,electronic,0.3126373971025795
TRLJSTZ128F4241831,SOTEXNI12A8AE46AAE,ARGVJPK1187B9909EA,Josh Groban,Oceano (Revised Live Version),classical,Flaminio Maphia,Quelli Che,hip hop,765.0,Fabrizio De Andrè,Sinan Capudan Pascià,folk,631.0,Gemelli Diversi,Istruzioni Per L'(Ill)uso,hip hop,587.0,Flaminio Maphia,Quelli Che,hip hop,0.9359468749999994,Fabrizio De Andrè,Sinan Capudan Pascià,folk,0.7636562499999989,Gemelli Diversi,Istruzioni Per L'(Ill)uso,hip hop,0.7064890625000012,Bluvertigo,Niente Per Scontato,electronic,0.8169154145436262,Paul Potts,Mamma,classical,0.7934835846678172,Paul Potts,Bellamore,classical,0.7560820803505164,Bluvertigo,Niente Per Scontato,electronic,0.8193238354908697,Paul Potts,Mamma,classical,0.7964779230746887,Paul Potts,Bellamore,classical,0.7583766446398089,Flaminio Maphia,Quelli Che,hip hop,505.17712155067426,Caparezza,Limiti,hip hop,502.92249291142474,Caparezza,Gli Insetti Del Podere,hip hop,501.0320465017283,Flaminio Maphia,Quelli Che,hip hop,488.3013743517064,Caparezza,Limiti,hip hop,486.9499083403032,Caparezza,Gli Insetti Del Podere,hip hop,484.39300097766204,Bluvertigo,Niente Per Scontato,electronic,0.8293011990468181,Paul Potts,Mamma,classical,0.8277286335406026,Giusy Ferreri,La Scala (The Ladder),pop,0.8178316487647243,Bluvertigo,Niente Per Scontato,electronic,0.8322304092818275,Paul Potts,Mamma,classical,0.8311166699120334,Giusy Ferreri,La Scala (The Ladder),pop,0.8204634178767165
TRGURIJ128E078780B,SORUSFO12A67020478,ARGVJPK1187B9909EA,Josh Groban,Remember When It Rained (Album Version),classical,Lauryn Hill,Interlude 5,r&b/soul,1644.0,Michael Jackson,Man In The Mirror,pop,1486.0,Beastie Boys,B-Boy Bouillabaisse: A.W.O.L. (2009 Digital Remaster),hip hop,1450.0,Lauryn Hill,Interlude 5,r&b/soul,1.7881999999999991,Michael Jackson,Man In The Mirror,pop,1.6287624999999992,Beastie Boys,B-Boy Bouillabaisse: A.W.O.L. (2009 Digital Remaster),hip hop,1.5893812500000004,Josh Groban,Remember When It Rained (Revised Live Version),classical,0.999999999999989,Copeland,The Day I Lost My Voice (The Suitcase Song),rock,0.5348766313315332,Steely Dan,I Can't Function,rock,0.4813176335877598,Josh Groban,Remember When It Rained (Revised Live Version),classical,1.0000000000000002,Copeland,The Day I Lost My Voice (The Suitcase Song),rock,0.5532172062804781,Steely Dan,I Can't Function,rock,0.5002960267694229,Josh Groban,Remember When It Rained (Revised Live Version),classical,328.52953890073,Michael Jackson,Man In The Mirror,pop,206.99040348991926,Fun Lovin' Criminals,Blues For Suckers,blues,165.97650630573193,Josh Groban,Remember When It Rained (Revised Live Version),classical,316.3173978514697,Michael Jackson,Man In The Mirror,pop,161.73473708515868,Fun Lovin' Criminals,Blues For Suckers,blues,139.697359945785,Josh Groban,Remember When It Rained (Revised Live Version),classical,1.0000000000000029,Sentidos Opuestos,Oh Na Na Na,latin,0.4193269893595916,Kayah,Dla Niego,pop,0.41814257250206055,Josh Groban,Remember When It Rained (Revised Live Version),classical,1.0,Sentidos Opuestos,Oh Na Na Na,latin,0.4217809096262355,Kayah,Dla Niego,pop,0.4202537417329967
TRYKKOX128F4241839,SOEIAOV12A8AE46AC4,ARGVJPK1187B9909EA,Josh Groban,Remember When It Rained (Revised Live Version),classical,Lauryn Hill,Interlude 5,r&b/soul,1644.0,Michael Jackson,Man In The Mirror,pop,1486.0,Beastie Boys,B-Boy Bouillabaisse: A.W.O.L. (2009 Digital Remaster),hip hop,1450.0,Lauryn Hill,Interlude 5,r&b/soul,1.7881999999999991,Michael Jackson,Man In The Mirror,pop,1.6287624999999992,Beastie Boys,B-Boy Bouillabaisse: A.W.O.L. (2009 Digital Remaster),hip hop,1.5893812500000004,Josh Groban,Remember When It Rained (Album Version),classical,0.999999999999989,Copeland,The Day I Lost My Voice (The Suitcase Song),rock,0.5348766313315332,Steely Dan,I Can't Function,rock,0.4813176335877598,Josh Groban,Remember When It Rained (Album Version),classical,1.0000000000000002,Copeland,The Day I Lost My Voice (The Suitcase Song),rock,0.5532172062804781,Steely Dan,I Can't Function,rock,0.5002960267694229,Josh Groban,Remember When It Rained (Album Version),classical,328.52953890073,Michael Jackson,Man In The Mirror,pop,206.99040348991926,Fun Lovin' Criminals,Blues For Suckers,blues,165.97650630573193,Josh Groban,Remember When It Rained (Album Version),classical,316.3173978514697,Michael Jackson,Man In The Mirror,pop,161.73473708515868,Fun Lovin' Criminals,Blues For Suckers,blues,139.697359945785,Josh Groban,Remember When It Rained (Album Version),classical,1.0000000000000029,Sentidos Opuestos,Oh Na Na Na,latin,0.4193269893595916,Kayah,Dla Niego,pop,0.41814257250206055,Josh Groban,Remember When It Rained (Album Version),classical,1.0,Sentidos Opuestos,Oh Na Na Na,latin,0.4217809096262355,Kayah,Dla Niego,pop,0.4202537417329967
TRUVBEG128F92F0B48,SORJUAX12AB017CB28,ARGVJPK1187B9909EA,Josh Groban,Smile,classical,Lauryn Hill,Interlude 5,r&b/soul,2716.0,Twista,I'm A Winner (Amended Album Version),hip hop,2258.0,Michael Jackson,Man In The Mirror,pop,1797.0,Lauryn Hill,Interlude 5,r&b/soul,3.0684,Twista,I'm A Winner (Amended Album Version),hip hop,2.609056249999999,Pain of Salvation,Spitfall,metal,2.0829124999999995,a1,Learn To Fly,pop,0.6785633382915301,Pain of Salvation,Spitfall,metal,0.652104524446618,B.B. King,Jack_ You're Dead!,blues,0.6304020480052956,a1,Learn To Fly,pop,0.6907654148388254,Pain of Salvation,Spitfall,metal,0.6683181023375242,B.B. King,Jack_ You're Dead!,blues,0.6437249161036644,Gabrielle,Don't Need The Sun To Shine (To Make Me Smile),r&b/soul,145.15776604992658,Jonny Lang,My Love Remains,blues,138.8650186167113,Beastie Boys,B-Boy Bouillabaisse: A.W.O.L. (2009 Digital Remaster),hip hop,136.47778513528604,Gabrielle,Don't Need The Sun To Shine (To Make Me Smile),r&b/soul,116.94195701625792,Jonny Lang,My Love Remains,blues,111.94055424029762,Jamiroquai,Corner Of The Earth,r&b/soul,88.22808243545883,Jonny Lang,My Love Remains,blues,0.3568750628563221,Mary Black,By The Time It Gets Dark,folk,0.27136495341974115,Stoa,I Wish You Could Smile,classical,0.26767736628415967,Jonny Lang,My Love Remains,blues,0.4047722432508723,Gabrielle,Don't Need The Sun To Shine (To Make Me Smile),r&b/soul,0.3109259241429827,Mary Black,By The Time It Gets Dark,folk,0.30989230675971347
TRJBNZG128EF35A1AA,SOMYGPN12A6D4F7E28,ARGVJPK1187B9909EA,Josh Groban,Solo Por Ti (Album Version),classical,Abba,Move On,pop,1405.0,Horace Andy,Horse With No Name,reggae,1331.0,Violadores del Verso,Dale tiempo al rumor,hip hop,798.0,Abba,Move On,pop,1.7095984374999975,Horace Andy,Horse With No Name,reggae,1.6217749999999995,Violadores del Verso,Dale tiempo al rumor,hip hop,0.939670312500001,Fey,Solo Por Bailar,pop,0.6296382700753219,Sebastien Tellier,League Chicanos,latin,0.6250653123544285,Buena Vista Social Club,De Camino a la Vereda,latin,0.6156361000329609,Fey,Solo Por Bailar,pop,0.6368036318282508,Sebastien Tellier,League Chicanos,latin,0.6311773477025603,Buena Vista Social Club,De Camino a la Vereda,latin,0.6214542589736745,Violadores del Verso,Dale tiempo al rumor,hip hop,392.588026229006,Willie Colon,Gitana,latin,351.8123331660009,Frank Reyes,Que Voy A hacer Sin Tí,latin,350.44668088111337,Violadores del Verso,Dale tiempo al rumor,hip hop,355.17053210336894,Frank Reyes,Que Voy A hacer Sin Tí,latin,327.50560016253854,Willie Colon,Gitana,latin,323.0410757664155,Puerto Rican Power,Solo Con Un Beso,latin,0.5805987261116153,Carlos Baute,En nuestro aniversario,latin,0.5799203727959632,Frank Reyes,Que Voy A hacer Sin Tí,latin,0.5706755640500574,Puerto Rican Power,Solo Con Un Beso,latin,0.5942838768246879,Carlos Baute,En nuestro aniversario,latin,0.5925813477690747,Frank Reyes,Que Voy A hacer Sin Tí,latin,0.586012132370911
TRPJAPP128EF35A1AC,SOAGVMD12A6D4F7E2A,ARGVJPK1187B9909EA,Josh Groban,Un Giorno Per Noi (Album Version),classical,The Pharcyde,Otha Fish,hip hop,378.0,Abba,Move On,pop,373.0,Fabrizio De Andrè,Sinan Capudan Pascià,folk,368.0,Fabrizio De Andrè,Sinan Capudan Pascià,folk,0.4479687499999998,Abba,Move On,pop,0.4438828124999998,The Pharcyde,Otha Fish,hip hop,0.4306640624999993,Sergio Cammariere,Oggi,jazz,0.7177346849438765,Frankie HI-NRG MC,Sana E Robusta,hip hop,0.6646155564629684,Andrea Bocelli,L'Attesa,classical,0.6516753202104449,Sergio Cammariere,Oggi,jazz,0.72109294214476,Frankie HI-NRG MC,Sana E Robusta,hip hop,0.6687940083445564,Andrea Bocelli,L'Attesa,classical,0.6560733875680482,Vinicio Capossela,L'uomo vivo (inno al gioia),folk,275.6771103798506,Bluvertigo,Niente Per Scontato,electronic,270.324839472387,Edoardo Bennato,In Fila Per Tre,folk,251.91654958512544,Vinicio Capossela,L'uomo vivo (inno al gioia),folk,269.3448067455272,Bluvertigo,Niente Per Scontato,electronic,265.6225716376331,Edoardo Bennato,In Fila Per Tre,folk,245.93515036205005,Bluvertigo,Niente Per Scontato,electronic,0.751015662935991,RyanDan,Dentro Me,classical,0.739593745488458,Luciano Pavarotti,Che Gelida Manina,classical,0.7344120892156516,Bluvertigo,Niente Per Scontato,electronic,0.754107003853643,RyanDan,Dentro Me,classical,0.7428934301459661,Luciano Pavarotti,Che Gelida Manina,classical,0.7378066331103266
TRUDTXB128F423C537,SOGQZMP12A8AE4542F,ARGVJPK1187B9909EA,Josh Groban,Vincent (Starry_ Starry Night) (Album Version),classical,Lauryn Hill,Interlude 5,r&b/soul,4657.0,Beastie Boys,B-Boy Bouillabaisse: A.W.O.L. (2009 Digital Remaster),hip hop,2949.0,Eminem,My Darling,hip hop,2831.0,Lauryn Hill,Interlude 5,r&b/soul,5.345149999999999,Beastie Boys,B-Boy Bouillabaisse: A.W.O.L. (2009 Digital Remaster),hip hop,3.288098437499999,Eminem,My Darling,hip hop,3.247332812500001,Damien Dempsey,Colony,folk,0.6681568837212679,HELLYEAH,Nausea,metal,0.6621711601319583,Lauryn Hill,Interlude 5,r&b/soul,0.6588950984079016,Damien Dempsey,Colony,folk,0.6861895412846089,Lauryn Hill,Interlude 5,r&b/soul,0.6777439830339153,HELLYEAH,Nausea,metal,0.6775570930475653,Lauryn Hill,Interlude 5,r&b/soul,259.0608340302408,Beastie Boys,B-Boy Bouillabaisse: A.W.O.L. (2009 Digital Remaster),hip hop,237.35486247709756,Dilated Peoples,Expansion Team Theme,hip hop,176.68048507476206,Lauryn Hill,Interlude 5,r&b/soul,118.56935720476193,Dilated Peoples,Expansion Team Theme,hip hop,115.21237337278836,Rick Astley,I'll Never Set You Free,pop,97.8626724763228,Steve Lukather,Never Ending Nights,rock,0.252298772830015,Kenny Loggins,Set It Free,pop,0.25222559295459596,Seventh Day Slumber,Broken Buildings,rock,0.2485247106232695,Steve Lukather,Never Ending Nights,rock,0.3079905675189761,Kenny Loggins,Set It Free,pop,0.3046266061566936,Seventh Day Slumber,Broken Buildings,rock,0.298936328096305
TRMVVDP128E0787806,SOTQRPK12A67020473,ARGVJPK1187B9909EA,Josh Groban,When You Say You Love Me (Album Version),classical,Lauryn Hill,Interlude 5,r&b/soul,7162.0,Twista,I'm A Winner (Amended Album Version),hip hop,6206.0,Erykah Badu,I Want You,r&b/soul,4726.0,Lauryn Hill,Interlude 5,r&b/soul,8.377499999999998,Twista,I'm A Winner (Amended Album Version),hip hop,7.3817187499999966,Erykah Badu,I Want You,r&b/soul,5.696171875000007,Lyle Lovett,North Dakota,country,0.7949397208293707,Liz Phair,Go On Ahead,rock,0.7915556229330071,Monica,Hurts The Most,r&b/soul,0.7883585346125487,Lyle Lovett,North Dakota,country,0.80153950644782,Liz Phair,Go On Ahead,rock,0.7994179058074643,Monica,Hurts The Most,r&b/soul,0.7970711675926523,Lauryn Hill,Interlude 5,r&b/soul,211.7715553763261,Beastie Boys,B-Boy Bouillabaisse: A.W.O.L. (2009 Digital Remaster),hip hop,206.14594134522522,Eminem,8 Mile,hip hop,172.05563362327644,T Bone Burnett,I'm Going On A Long Journey Never To Return,blues,117.99698869192558,Belinda Carlisle,Heaven Is A Place On Earth,pop,102.38373263470424,Abba,Move On,pop,98.99046484791965,Ferry Corsten,It's Time,electronic,0.28833053233472555,New Order,Bizarre Love Triangle,electronic,0.2859642713528149,Deep Dish,Say Hello (Angello & Ingrosso Remix),electronic,0.28168514928813476,New Order,Bizarre Love Triangle,electronic,0.3415252432583346,Ferry Corsten,It's Time,electronic,0.33564985230548966,Britney Spears,When Your Eyes Say It,pop,0.3323697510098559
TRIEQWR128E078780D,SOULFRO12A6702047A,ARGVJPK1187B9909EA,Josh Groban,You Raise Me Up (Album Version),classical,Lauryn Hill,Interlude 5,r&b/soul,4545.0,Twista,I'm A Winner (Amended Album Version),hip hop,4530.0,Beastie Boys,B-Boy Bouillabaisse: A.W.O.L. (2009 Digital Remaster),hip hop,3980.0,Twista,I'm A Winner (Amended Album Version),hip hop,5.378409374999999,Lauryn Hill,Interlude 5,r&b/soul,5.24655,Beastie Boys,B-Boy Bouillabaisse: A.W.O.L. (2009 Digital Remaster),hip hop,4.6114703125,Russell Watson,You Raise Me Up,classical,0.9949111152533204,David Crowder*Band,All Around Me,classical,0.7043813639732516,All Time Low,Therapy,punk,0.6975033815037787,Russell Watson,You Raise Me Up,classical,0.9950341894694664,David Crowder*Band,All Around Me,classical,0.7121688843972471,All Time Low,Therapy,punk,0.7066703124759901,Russell Watson,You Raise Me Up,classical,288.0138629613063,The Pharcyde,Otha Fish,hip hop,143.359690105341,Warren G,Keepin' It Strong,hip hop,133.762816299844,Russell Watson,You Raise Me Up,classical,277.73566574661703,Nina Simone,Nobody,jazz,112.55938203485249,Eighteen Visions,Bleed By Yourself,metal,103.64308499652576,Russell Watson,You Raise Me Up,classical,0.9983611365895394,Suicide Commando,Raise Your God,electronic,0.3636800350504273,Katatonia,This Punishment,metal,0.36360205798926387,Russell Watson,You Raise Me Up,classical,0.9984130353078998,Katatonia,This Punishment,metal,0.38305360747223294,Suicide Commando,Raise Your God,electronic,0.37407872391898683
TRBEYYM128F1493C56,SOKMZQL12A58A76B19,ARGVJPK1187B9909EA,Josh Groban,Believe (Album Version),classical,Lauryn Hill,Interlude 5,r&b/soul,2718.0,Twista,I'm A Winner (Amended Album Version),hip hop,2074.0,Michael Jackson,Man In The Mirror,pop,1737.0,Lauryn Hill,Interlude 5,r&b/soul,3.0341,Twista,I'm A Winner (Amended Album Version),hip hop,2.3550062500000006,MIMS,Move (If You Wanna),hip hop,1.9272593750000004,Beverley Craven,Phoenix From The Fire,folk,0.6117977647093781,Cilla Black,Alfie,pop,0.6045658836197517,Pain of Salvation,Spitfall,metal,0.5789936782914012,Beverley Craven,Phoenix From The Fire,folk,0.626074851774407,Cilla Black,Alfie,pop,0.6253044259172873,Pain of Salvation,Spitfall,metal,0.6002286115458932,Beastie Boys,B-Boy Bouillabaisse: A.W.O.L. (2009 Digital Remaster),hip hop,185.71197021597948,Lauryn Hill,Interlude 5,r&b/soul,157.4547612183201,Matisyahu,Close My Eyes,reggae,142.283650578708,Tammy Wynette,I Believe,country,91.47997229100615,Between The Buried And Me,Ants Of The Sky,metal,91.18561505496875,Yellowcard,Believe,punk,90.56743817505307,Andrea Bocelli,I Believe,classical,0.30198529947140085,Garbage,Stupid Girl,rock,0.284876983899638,Jamie Cullum,Where Is Your Heart At?,jazz,0.28356270381770854,Andrea Bocelli,I Believe,classical,0.35704130403920237,Jamie Cullum,Where Is Your Heart At?,jazz,0.33116039218643367,Vern Gosdin,Do You Believe Me Now,country,0.32644809678332953
TRPITXR128F427FA1B,SOEEMLZ12A8C136C5C,ARH861H1187B9B799E,Johnny Cash,Away In A Manger,classical,Lauryn Hill,Interlude 5,r&b/soul,824.0,Beastie Boys,B-Boy Bouillabaisse: A.W.O.L. (2009 Digital Remaster),hip hop,787.0,Eminem,8 Mile,hip hop,604.0,Lauryn Hill,Interlude 5,r&b/soul,0.8367999999999997,Beastie Boys,B-Boy Bouillabaisse: A.W.O.L. (2009 Digital Remaster),hip hop,0.8221812500000003,Eminem,8 Mile,hip hop,0.63306875,Kenny G,Away In A Manger,jazz,0.9851946117751926,Johnny Cash,Daddy Sang Bass,country,0.4717626823815636,Current 93,Raio No Terrasu (Jesus Wept),electronic,0.4613590640693664,Kenny G,Away In A Manger,jazz,0.985919404567984,Johnny Cash,Daddy Sang Bass,country,0.4987614038327086,Fiddler's Green,Matty Groves,folk,0.4796064053266118,Kenny G,Away In A Manger,jazz,250.8750151378946,Ja Rule,One of Us,hip hop,141.06905466886687,Savatage,The Hourglass,metal,134.79324967747198,Kenny G,Away In A Manger,jazz,239.2775495693151,Momus,Little Lord Obedience,electronic,109.46616872334934,Current 93,Raio No Terrasu (Jesus Wept),electronic,103.13700245703679,Kenny G,Away In A Manger,jazz,0.9716862420571614,Current 93,Raio No Terrasu (Jesus Wept),electronic,0.4179234347650191,Momus,Little Lord Obedience,electronic,0.333324861769189,Kenny G,Away In A Manger,jazz,0.9729581386973988,Current 93,Raio No Terrasu (Jesus Wept),electronic,0.43437696075010485,Momus,Little Lord Obedience,electronic,0.36551710044792357
TRGFMUJ128F423C52F,SOKABLD12D021991AC,ARGVJPK1187B9909EA,Josh Groban,Cinema Paradiso (Se) (Album Version),classical,Gemelli Diversi,Istruzioni Per L'(Ill)uso,hip hop,311.0,Fabrizio De Andrè,Sinan Capudan Pascià,folk,305.0,Flaminio Maphia,Quelli Che,hip hop,305.0,Gemelli Diversi,Istruzioni Per L'(Ill)uso,hip hop,0.3756796874999989,Flaminio Maphia,Quelli Che,hip hop,0.3715156250000003,Fabrizio De Andrè,Sinan Capudan Pascià,folk,0.3692187499999999,Il Divo,La Promesa,classical,0.7919585206062519,Vittorio Grigolo,Se Tu Non Sei Lei,classical,0.7275411124303057,Sergio Cammariere,Oggi,jazz,0.6879236235056051,Il Divo,La Promesa,classical,0.7954084308108675,Vittorio Grigolo,Se Tu Non Sei Lei,classical,0.7318229110975953,Sergio Cammariere,Oggi,jazz,0.693043075881872,Gemelli Diversi,Istruzioni Per L'(Ill)uso,hip hop,292.55200316419916,Flaminio Maphia,Quelli Che,hip hop,287.81813331820035,Caparezza,Gli Insetti Del Podere,hip hop,272.38652570454013,Gemelli Diversi,Istruzioni Per L'(Ill)uso,hip hop,282.62848272554777,Flaminio Maphia,Quelli Che,hip hop,278.5289830275905,Caparezza,Gli Insetti Del Podere,hip hop,263.2276663815692,Sergio Cammariere,Oggi,jazz,0.8028908689131383,Il Divo,La Promesa,classical,0.7588527294732679,Andrea Bocelli,L'Attesa,classical,0.7560136616827207,Sergio Cammariere,Oggi,jazz,0.8063033392396602,Il Divo,La Promesa,classical,0.7630867127253085,Andrea Bocelli,L'Attesa,classical,0.7604026952063446
TRGVTSO12903CABC19,SOPPSEF12AB018ADD4,ARFM3UU1187B994C88,David Crowder*Band,All Around Me,classical,Lauryn Hill,Interlude 5,r&b/soul,5833.0,Twista,I'm A Winner (Amended Album Version),hip hop,5385.0,Beastie Boys,B-Boy Bouillabaisse: A.W.O.L. (2009 Digital Remaster),hip hop,5004.0,Lauryn Hill,Interlude 5,r&b/soul,6.80135,Twista,I'm A Winner (Amended Album Version),hip hop,6.411084374999999,Erykah Badu,I Want You,r&b/soul,5.918698437500003,Godsmack,Asleep,folk,0.8567074364279856,Room Eleven,Bitch,jazz,0.8038748392853617,The Acacia Strain,Kraken,metal,0.7992850251281374,Godsmack,Asleep,folk,0.8592162924345821,Room Eleven,Bitch,jazz,0.8086388634157978,The Acacia Strain,Kraken,metal,0.8051199261958836,Recoil,Curse,electronic,150.0878883838765,The Cat Empire,Days Like These,reggae,147.14342353393056,Lauryn Hill,Interlude 5,r&b/soul,141.87515698815633,Hayley Westenra,My Heart Belongs To You,classical,103.35247029560314,Lo Fidelity Allstars,Will I Get Out Of Jail,electronic,93.80835107985301,The Cat Empire,Days Like These,reggae,92.94221695268396,Refused,Rather Be Dead,metal,0.3140026626893959,Godsmack,Asleep,folk,0.3063613698191538,Lo Fidelity Allstars,Will I Get Out Of Jail,electronic,0.29910829088040586,Lo Fidelity Allstars,Will I Get Out Of Jail,electronic,0.3451370795156781,Godsmack,Asleep,folk,0.3385128265424583,Hayley Westenra,My Heart Belongs To You,classical,0.33509738810095413
TRJGMSL128F4230A6C,SOWYWPP12A81C20850,ARPBTRI1187FB52457,The Game,Black Opera,classical,Lauryn Hill,Interlude 5,r&b/soul,15262.0,Twista,I'm A Winner (Amended Album Version),hip hop,14936.0,Erykah Badu,I Want You,r&b/soul,11789.0,Twista,I'm A Winner (Amended Album Version),hip hop,17.8042,Lauryn Hill,Interlude 5,r&b/soul,17.752699999999994,Erykah Badu,I Want You,r&b/soul,14.249350000000009,Clawfinger,Revenge,metal,0.7939266769314592,Wu-Tang Clan,Brooklyn Zoo,hip hop,0.7912797376236378,Level 42,To Be With You Again,pop,0.7823691771274291,Clawfinger,Revenge,metal,0.8012772171146152,Wu-Tang Clan,Brooklyn Zoo,hip hop,0.8002431245726551,Level 42,To Be With You Again,pop,0.7898154388967737,Twista,Overdose (Album Version),hip hop,687.7508086500245,Ying Yang Twins,1st Booty On Duty,hip hop,684.2599473475988,Kurupt,Ho's A Housewife,hip hop,610.7471459341753,Ying Yang Twins,1st Booty On Duty,hip hop,490.80031024551056,Kurupt,Ho's A Housewife,hip hop,434.4985779414744,Twista,Overdose (Album Version),hip hop,432.23499200906707,Kurupt,Ho's A Housewife,hip hop,0.41075457826529393,N.W.A.,The Dayz Of Wayback,hip hop,0.39087476663563947,Immortal Technique,Crossing the Boundary,hip hop,0.3871145546083795,Kurupt,Ho's A Housewife,hip hop,0.49482812814691834,Immortal Technique,Crossing the Boundary,hip hop,0.47962279698105476,N.W.A.,The Dayz Of Wayback,hip hop,0.47132128494612857
TRBGUUE128F1494FB6,SOGDJWU12A58A7DA10,ARJA1841187FB3A029,David Bowie,Baal's Hymn,classical,Lauryn Hill,Interlude 5,r&b/soul,2626.0,Beastie Boys,B-Boy Bouillabaisse: A.W.O.L. (2009 Digital Remaster),hip hop,2184.0,Vanilla Ice,Ice Is Workin' It,hip hop,1936.0,Lauryn Hill,Interlude 5,r&b/soul,2.7029,Beastie Boys,B-Boy Bouillabaisse: A.W.O.L. (2009 Digital Remaster),hip hop,2.24529375,Vanilla Ice,Ice Is Workin' It,hip hop,2.14595,King Geedorah,The Fine Print,hip hop,0.609182431941827,MC Paul Barman,Anarchist Bookstore part 1,hip hop,0.5956694101641525,Sopor Aeternus & The Ensemble Of Shadows,Architecture II,classical,0.5882815523691828,King Geedorah,The Fine Print,hip hop,0.6432554026190045,MC Paul Barman,Anarchist Bookstore part 1,hip hop,0.6272950822072653,Sopor Aeternus & The Ensemble Of Shadows,Architecture II,classical,0.6132052770450744,Lauryn Hill,Interlude 5,r&b/soul,343.5186971779116,Beastie Boys,B-Boy Bouillabaisse: A.W.O.L. (2009 Digital Remaster),hip hop,307.8906117427847,Savatage,The Hourglass,metal,287.5764415564448,Dar Williams,Mortal City,folk,145.3830937425671,Savatage,The Hourglass,metal,138.9824977146753,Gang Starr,The Illest Brother,hip hop,136.87025724466434,Anti-Flag,Captain Anarchy,punk,0.25854578983908,Johnny Cash,A Thing Called Love,country,0.25853065656657187,Charlotte Church,Joy To The World,classical,0.25743492843603916,Johnny Cash,A Thing Called Love,country,0.3372507483242537,Gang Starr,The Illest Brother,hip hop,0.33125096022519596,Dar Williams,Mortal City,folk,0.32813822348517896
TREPYPE128F92EB38C,SOBAQGA12AB017C9F2,ARNJ9LU1187B9A56A6,Il Divo,Adagio,classical,Gemelli Diversi,Istruzioni Per L'(Ill)uso,hip hop,545.0,Flaminio Maphia,Quelli Che,hip hop,487.0,Fabrizio De Andrè,Sinan Capudan Pascià,folk,476.0,Gemelli Diversi,Istruzioni Per L'(Ill)uso,hip hop,0.6595906249999994,Flaminio Maphia,Quelli Che,hip hop,0.5926187500000005,Fabrizio De Andrè,Sinan Capudan Pascià,folk,0.5750624999999985,Il Divo,Musica,classical,0.9160747184901769,Amici Forever,Adagio,classical,0.9080379585676616,Paul Potts,Mamma,classical,0.7945504816947301,Il Divo,Musica,classical,0.9176725071835744,Amici Forever,Adagio,classical,0.9098364354359196,Paul Potts,Mamma,classical,0.7979626251385126,Flaminio Maphia,Quelli Che,hip hop,420.90028901666244,Gemelli Diversi,Istruzioni Per L'(Ill)uso,hip hop,414.2269890385519,Caparezza,Gli Insetti Del Podere,hip hop,401.7147575642363,Flaminio Maphia,Quelli Che,hip hop,407.0216310273113,Gemelli Diversi,Istruzioni Per L'(Ill)uso,hip hop,399.40053646650125,Caparezza,Gli Insetti Del Podere,hip hop,388.03076364236233,Il Divo,Musica,classical,0.9484833645809798,Amici Forever,Adagio,classical,0.9474914374803,Gianmaria Testa,Il meglio di te,jazz,0.8139596266968552,Il Divo,Musica,classical,0.9495538935594569,Amici Forever,Adagio,classical,0.948596727566053,Gianmaria Testa,Il meglio di te,jazz,0.8174680091975923
TRGZRPJ128F92EF7E2,SOJBCHJ12A8C140942,ARNJ9LU1187B9A56A6,Il Divo,Adeste Fideles,classical,Vanilla Ice,It's A Party,hip hop,666.0,Black Eyed Peas,Tell Your Momma Come,hip hop,391.0,João Gilberto,Aguas De Marco,latin,372.0,Vanilla Ice,It's A Party,hip hop,0.7956406250000007,Black Eyed Peas,Tell Your Momma Come,hip hop,0.4663828124999996,João Gilberto,Aguas De Marco,latin,0.4520937500000002,Markus Krunegård,Maria & Jag,pop,0.4868648979421352,Rory Gallagher,Out On The Western Plain,blues,0.4245488852532946,Siouxsie And The Banshees,Belladonna,punk,0.4220584310606223,Markus Krunegård,Maria & Jag,pop,0.4901978306930429,Rory Gallagher,Out On The Western Plain,blues,0.4324602385462706,Siouxsie And The Banshees,Belladonna,punk,0.4299960289311808,Paul Potts,O Holy Night,classical,111.1491107231244,Il Divo,O Holy Night,classical,81.37853168105342,João Gilberto,Aguas De Marco,latin,80.11810015952226,Paul Potts,O Holy Night,classical,104.62511712140129,João Gilberto,Aguas De Marco,latin,76.82102951305258,Il Divo,O Holy Night,classical,76.80761721001743,Paul Potts,O Holy Night,classical,0.5023030535901192,Il Divo,O Holy Night,classical,0.4273032480124435,School Food Punishment,Flow,pop,0.4021532961611818,Paul Potts,O Holy Night,classical,0.5116039351176066,Il Divo,O Holy Night,classical,0.43921405242392725,School Food Punishment,Flow,pop,0.40637947858635187
TRGXTYR128F42ACF5F,SOJILSK12A8C13F427,ARNJ9LU1187B9A56A6,Il Divo,All By Myself (Solo Otra Vez),classical,Los Van Van,El Negro Está Cocinando,latin,666.0,Willie Colon,Gitana,latin,657.0,Horace Andy,Horse With No Name,reggae,653.0,Los Van Van,El Negro Está Cocinando,latin,0.7942031249999998,Willie Colon,Gitana,latin,0.7771750000000008,Horace Andy,Horse With No Name,reggae,0.7667999999999989,Il Divo,La Vida Sin Amor,classical,0.5914294182866676,Cristian Castro,Mi Vida Sin Tu Amor,latin,0.5446364791786936,Rey Ruiz,Mienteme Otra Véz,latin,0.5004269385304952,Il Divo,La Vida Sin Amor,classical,0.5988617490341908,Cristian Castro,Mi Vida Sin Tu Amor,latin,0.5525911709742081,Rey Ruiz,Mienteme Otra Véz,latin,0.5104334508883596,Gilberto Santa Rosa,Amor Mio No Te Vayas,latin,419.34522950610284,Rey Ruiz,Mienteme Otra Véz,latin,353.78701594018617,Reik,Sin Conocerte,pop,344.6275885184892,Gilberto Santa Rosa,Amor Mio No Te Vayas,latin,401.624863597041,Rey Ruiz,Mienteme Otra Véz,latin,333.55688853586656,Reik,Sin Conocerte,pop,322.81539383127387,Gilberto Santa Rosa,Amor Mio No Te Vayas,latin,0.6677300737001686,Genitallica,Otra Vez,latin,0.530749611320424,Reik,Sin Conocerte,pop,0.5125435470848334,Gilberto Santa Rosa,Amor Mio No Te Vayas,latin,0.675668642108389,Genitallica,Otra Vez,latin,0.540504319140318,Reik,Sin Conocerte,pop,0.5260470687471666
TRVXXVG128F933AB88,SOHGPTR12AB01874F5,ARNJ9LU1187B9A56A6,Il Divo,Amazing Grace,classical,Lauryn Hill,Interlude 5,r&b/soul,2069.0,Beastie Boys,B-Boy Bouillabaisse: A.W.O.L. (2009 Digital Remaster),hip hop,1701.0,Nelly,Splurge,hip hop,1376.0,Lauryn Hill,Interlude 5,r&b/soul,2.3056499999999995,Beastie Boys,B-Boy Bouillabaisse: A.W.O.L. (2009 Digital Remaster),hip hop,1.891590625,Nelly,Splurge,hip hop,1.5802718750000002,Hayley Westenra,Amazing Grace,classical,0.9352360411135282,RKL,Heavily Sedated,metal,0.6420973266552726,Robben Ford & The Blue Line,Rugged Road,blues,0.636566070620852,Hayley Westenra,Amazing Grace,classical,0.9385832358180596,RKL,Heavily Sedated,metal,0.660524748914091,Robben Ford & The Blue Line,Rugged Road,blues,0.654630010608049,Hayley Westenra,Amazing Grace,classical,215.9470818653461,Recoil,Curse,electronic,152.05320916885196,Ja Rule,One of Us,hip hop,132.96295656278676,Hayley Westenra,Amazing Grace,classical,201.40664132226183,Recoil,Curse,electronic,89.3110876270734,Greg Laswell,How The Day Sounds,folk,77.86343651859369,Hayley Westenra,Amazing Grace,classical,0.9296111674057789,Michael McDonald,Peace,r&b/soul,0.30836733313589754,Snog,Playstation Blues,electronic,0.28124842208339723,Hayley Westenra,Amazing Grace,classical,0.934001181101158,Michael McDonald,Peace,r&b/soul,0.3554772471024249,Snog,Playstation Blues,electronic,0.30922473420429997
TRLFGML128F92EB391,SOMZKFD12AB017CA0C,ARNJ9LU1187B9A56A6,Il Divo,Angelina,classical,Violadores del Verso,Dale tiempo al rumor,hip hop,1313.0,Violadores del Verso,Cantando,hip hop,1097.0,Los Van Van,El Negro Está Cocinando,latin,944.0,Violadores del Verso,Dale tiempo al rumor,hip hop,1.569953125,Violadores del Verso,Cantando,hip hop,1.308390625,Los Van Van,El Negro Está Cocinando,latin,1.1399218749999982,Héroes del Silencio,El Camino Del Exceso,rock,0.6899152110650054,El sueño de Morfeo,Sonrisa especial,latin,0.6389071264115208,Nach Scratch,Abre tu puerta (y cruza el universo),hip hop,0.6333320060240262,Héroes del Silencio,El Camino Del Exceso,rock,0.6951570020964439,El sueño de Morfeo,Sonrisa especial,latin,0.6471482610213863,Nach Scratch,Abre tu puerta (y cruza el universo),hip hop,0.6427812990411076,Violadores del Verso,Cantando,hip hop,542.5164713796886,Violadores del Verso,Dale tiempo al rumor,hip hop,483.2703856131882,Daddy Yankee,Todos Quieren A Raymond,reggae,414.5250755432951,Violadores del Verso,Cantando,hip hop,496.46389214091806,Violadores del Verso,Dale tiempo al rumor,hip hop,436.00094227887337,Daddy Yankee,Todos Quieren A Raymond,reggae,370.2410589184138,Violadores del Verso,Cantando,hip hop,0.6082930674664336,El sueño de Morfeo,Sonrisa especial,latin,0.5940857173032639,Nach Scratch,Abre tu puerta (y cruza el universo),hip hop,0.5633497176388544,Violadores del Verso,Cantando,hip hop,0.6268493454940528,El sueño de Morfeo,Sonrisa especial,latin,0.6068640446098288,Nach Scratch,Abre tu puerta (y cruza el universo),hip hop,0.583285201236517
TRVFSWI128F42ACE94,SOJZKPG12A8C13F9E0,ARNJ9LU1187B9A56A6,Il Divo,Ave Maria,classical,Abba,Move On,pop,468.0,Horace Andy,Horse With No Name,reggae,434.0,Gemelli Diversi,Istruzioni Per L'(Ill)uso,hip hop,407.0,Abba,Move On,pop,0.5626328124999997,Horace Andy,Horse With No Name,reggae,0.5223750000000005,Gemelli Diversi,Istruzioni Per L'(Ill)uso,hip hop,0.4956796874999989,Vittorio Grigolo,Roma Sogna,classical,0.783447020967053,Il Divo,La Promesa,classical,0.7765437410035207,Frankie HI-NRG MC,Fili,rock,0.7362207740291837,Vittorio Grigolo,Roma Sogna,classical,0.786174672285308,Il Divo,La Promesa,classical,0.7797835311013779,Frankie HI-NRG MC,Fili,rock,0.7397016455482035,Gemelli Diversi,Istruzioni Per L'(Ill)uso,hip hop,313.7455844525342,Flaminio Maphia,Quelli Che,hip hop,297.99541299054926,Fabrizio De Andrè,Sinan Capudan Pascià,folk,287.0676372758408,Gemelli Diversi,Istruzioni Per L'(Ill)uso,hip hop,303.88446374759025,Flaminio Maphia,Quelli Che,hip hop,288.7646734734229,Fabrizio De Andrè,Sinan Capudan Pascià,folk,276.0399915465648,Il Divo,Come Primavera,classical,0.8028859890649377,Frankie HI-NRG MC,Fili,rock,0.7682146198447918,Vittorio Grigolo,Roma Sogna,classical,0.7633716508365304,Il Divo,Come Primavera,classical,0.8058842547566605,Frankie HI-NRG MC,Fili,rock,0.7718412323565418,Vittorio Grigolo,Roma Sogna,classical,0.7669142320225958
TRMKTUF128F42BC140,SOLHDOP12A8C13FB24,ARNJ9LU1187B9A56A6,Il Divo,Caruso,classical,Gemelli Diversi,Istruzioni Per L'(Ill)uso,hip hop,690.0,Fabrizio De Andrè,Sinan Capudan Pascià,folk,518.0,Abba,Move On,pop,507.0,Gemelli Diversi,Istruzioni Per L'(Ill)uso,hip hop,0.8430812499999998,Fabrizio De Andrè,Sinan Capudan Pascià,folk,0.6296249999999979,Abba,Move On,pop,0.60051875,Lara Fabian,Caruso,classical,0.9179863709908372,Gemelli Diversi,Istruzioni Per L'(Ill)uso,hip hop,0.8266983567642731,Sergio Cammariere,La Canzone Dell' Impossibile,jazz,0.802009959754573,Lara Fabian,Caruso,classical,0.9193250772511166,Gemelli Diversi,Istruzioni Per L'(Ill)uso,hip hop,0.8298857841304109,Sergio Cammariere,La Canzone Dell' Impossibile,jazz,0.8055613588617299,Gemelli Diversi,Istruzioni Per L'(Ill)uso,hip hop,461.35881604505175,Fabrizio De Andrè,Sinan Capudan Pascià,folk,423.06417584402413,Caparezza,Gli Insetti Del Podere,hip hop,389.68639642008304,Gemelli Diversi,Istruzioni Per L'(Ill)uso,hip hop,447.9514272004456,Fabrizio De Andrè,Sinan Capudan Pascià,folk,408.07075483673134,Caparezza,Gli Insetti Del Podere,hip hop,377.312119662631,Lara Fabian,Caruso,classical,0.9505711425657939,Sergio Cammariere,La Canzone Dell' Impossibile,jazz,0.7945753628813356,Russell Watson,Nessun dorma!,classical,0.7902424760202322,Lara Fabian,Caruso,classical,0.9514628332432756,Sergio Cammariere,La Canzone Dell' Impossibile,jazz,0.7985664860660135,Russell Watson,Nessun dorma!,classical,0.7928912576875771
TRXNYOZ128F42BC146,SOBTJJR12A8C13FB29,ARNJ9LU1187B9A56A6,Il Divo,Come Primavera,classical,Abba,Move On,pop,1560.0,Horace Andy,Horse With No Name,reggae,1442.0,Desmond Dekker,Mother Nature,reggae,760.0,Abba,Move On,pop,1.92188125,Horace Andy,Horse With No Name,reggae,1.7771999999999992,Desmond Dekker,Mother Nature,reggae,0.9399624999999984,Emma Shapplin,Spente Le Stelle,classical,0.7972877016601244,Gemelli Diversi,Istruzioni Per L'(Ill)uso,hip hop,0.754167329739722,Vittorio Grigolo,Roma Sogna,classical,0.7224198266299307,Emma Shapplin,Spente Le Stelle,classical,0.7995198612873297,Gemelli Diversi,Istruzioni Per L'(Ill)uso,hip hop,0.7571808488447995,Vittorio Grigolo,Roma Sogna,classical,0.725573753806455,Gemelli Diversi,Istruzioni Per L'(Ill)uso,hip hop,356.14977675219086,Flaminio Maphia,Quelli Che,hip hop,317.3821197523324,Fabrizio De Andrè,Sinan Capudan Pascià,folk,284.77293807275754,Gemelli Diversi,Istruzioni Per L'(Ill)uso,hip hop,345.68221364378013,Flaminio Maphia,Quelli Che,hip hop,307.5837052187401,Caparezza,Limiti,hip hop,273.79713658758425,Il Divo,Ave Maria,classical,0.8028859890649377,Raf,Passeggeri Distratti,latin,0.7553772298611341,Paul Potts,Tristesse,classical,0.7542185447350563,Il Divo,Ave Maria,classical,0.8058842547566605,Raf,Passeggeri Distratti,latin,0.7597131133676573,Paul Potts,Tristesse,classical,0.757470650815233
TRYFLQK128F92EF7F1,SOOVZJZ12A8C1399B9,ARNJ9LU1187B9A56A6,Il Divo,Dentro Un Altro Si,classical,Flaminio Maphia,Quelli Che,hip hop,353.0,Gemelli Diversi,Istruzioni Per L'(Ill)uso,hip hop,344.0,Fabrizio De Andrè,Sinan Capudan Pascià,folk,308.0,Flaminio Maphia,Quelli Che,hip hop,0.4279000000000005,Gemelli Diversi,Istruzioni Per L'(Ill)uso,hip hop,0.4120749999999999,Fabrizio De Andrè,Sinan Capudan Pascià,folk,0.3685000000000004,Marlene Kuntz,L'Abbraccio,rock,0.6972267565706681,Le Luci Della Centrale Elettrica,Per combattere l'acne,folk,0.6617229035375289,Josh Groban,Oceano (Revised Live Version),classical,0.6614475128767462,Marlene Kuntz,L'Abbraccio,rock,0.7027642214999338,Le Luci Della Centrale Elettrica,Per combattere l'acne,folk,0.6676322629936194,Josh Groban,Oceano (Revised Live Version),classical,0.6669873915233538,Caparezza,Gli Insetti Del Podere,hip hop,417.6166282561685,Flaminio Maphia,Quelli Che,hip hop,409.3616707430786,Caparezza,Limiti,hip hop,375.03179361115286,Caparezza,Gli Insetti Del Podere,hip hop,403.7204181715011,Flaminio Maphia,Quelli Che,hip hop,395.2677776725051,Caparezza,Limiti,hip hop,361.69218284595814,Josh Groban,Oceano (Revised Live Version),classical,0.7435419439329084,Le Luci Della Centrale Elettrica,Per combattere l'acne,folk,0.7396457850513365,Caparezza,L'Età Dei Figuranti,hip hop,0.7358990980673981,Josh Groban,Oceano (Revised Live Version),classical,0.7487291386000311,Le Luci Della Centrale Elettrica,Per combattere l'acne,folk,0.7449116797707365,Caparezza,L'Età Dei Figuranti,hip hop,0.741945280711472
TRRWCOL128F42AD05D,SOOZNYR12A8C13D9F7,ARNJ9LU1187B9A56A6,Il Divo,En Aranjuez Con Tu Amor,classical,Violadores del Verso,Dale tiempo al rumor,hip hop,1672.0,Violadores del Verso,Cantando,hip hop,1408.0,Victor Manuelle,Lloré Lloré,latin,1254.0,Violadores del Verso,Dale tiempo al rumor,hip hop,2.002067187499998,Violadores del Verso,Cantando,hip hop,1.6824734374999992,Victor Manuelle,Lloré Lloré,latin,1.5213656249999996,Amici Forever,Aranjuez Ma Pensee,classical,0.932114822352936,Joan Manuel Serrat,Mediterraneo,folk,0.7437784077572424,Juanes,Tu Y Yo,latin,0.7269128451580077,Amici Forever,Aranjuez Ma Pensee,classical,0.9335646034372748,Joan Manuel Serrat,Mediterraneo,folk,0.750269999800567,Juanes,Tu Y Yo,latin,0.7335263532500625,Violadores del Verso,Cantando,hip hop,512.5586910582268,Violadores del Verso,Dale tiempo al rumor,hip hop,499.16656816613255,Violadores del Verso,La ciudad nunca duerme,hip hop,468.96252322325597,Violadores del Verso,Cantando,hip hop,465.28489205848257,Violadores del Verso,Dale tiempo al rumor,hip hop,450.6436363357489,Violadores del Verso,La ciudad nunca duerme,hip hop,427.89770928601,Amici Forever,Aranjuez Ma Pensee,classical,0.8931605198130891,Loquillo Y Los Trogloditas,Hermanos de sangre (Rulot 05),rock,0.5942496151841775,Jorge Drexler,No te creas,folk,0.590806039766837,Amici Forever,Aranjuez Ma Pensee,classical,0.8958770753407821,Loquillo Y Los Trogloditas,Hermanos de sangre (Rulot 05),rock,0.6044984317695127,Jorge Drexler,No te creas,folk,0.6020459800450251
TRVRPTI128F92EB390,SOCREBZ12AB017CA05,ARNJ9LU1187B9A56A6,Il Divo,Enamorado,classical,Violadores del Verso,Dale tiempo al rumor,hip hop,563.0,Johnny Prez,Te Vuelvo Loca,reggae,560.0,Willie Colon,Gitana,latin,524.0,Johnny Prez,Te Vuelvo Loca,reggae,0.6758500000000004,Violadores del Verso,Dale tiempo al rumor,hip hop,0.6657249999999998,Willie Colon,Gitana,latin,0.6304000000000002,Maelo Ruiz,Te Amo,latin,0.5971893382153617,Monica Naranjo,Mi Vida Por Un Hombre,latin,0.593209783266527,Terranova,De Oro,electronic,0.5830311984479121,Maelo Ruiz,Te Amo,latin,0.6048569845242214,Monica Naranjo,Mi Vida Por Un Hombre,latin,0.600584856955925,Terranova,De Oro,electronic,0.5906755821949019,Violadores del Verso,Dale tiempo al rumor,hip hop,366.1651750689193,Camila,Alejate De Mi,latin,345.99549634595604,Daddy Yankee,Como Y Vete,reggae,304.99759333091436,Violadores del Verso,Dale tiempo al rumor,hip hop,336.7142571789413,Camila,Alejate De Mi,latin,332.27723442458677,Daddy Yankee,Como Y Vete,reggae,282.05532267805216,Camila,Alejate De Mi,latin,0.7029116094570595,Illya Kuryaki And The Valderramas,Virgen De Riña,hip hop,0.6134230120451345,Juanes,Volcan,latin,0.561239942869459,Camila,Alejate De Mi,latin,0.7107875507710657,Illya Kuryaki And The Valderramas,Virgen De Riña,hip hop,0.6226048291070387,Juanes,Volcan,latin,0.5730133744700155
TRGRNWU128F42AE46D,SOLRRGS12A8C13FD5A,ARNJ9LU1187B9A56A6,Il Divo,Esisti Dentro Me,classical,Elvis Crespo,Tu Sonrisa,latin,541.0,Daddy Yankee,Como Y Vete,reggae,456.0,RBD,Tu Amor (Hecho En Madrid),latin,431.0,Elvis Crespo,Tu Sonrisa,latin,0.6657687499999997,Daddy Yankee,Como Y Vete,reggae,0.5436624999999998,RBD,Tu Amor (Hecho En Madrid),latin,0.5153687499999999,Elvis Crespo,Tu Sonrisa,latin,0.7334557295919117,Luis Miguel,Tú Sólo Tú,latin,0.6913094202203003,Vittorio Grigolo,Tu Sei,classical,0.6727634517307942,Elvis Crespo,Tu Sonrisa,latin,0.7364983154558858,Luis Miguel,Tú Sólo Tú,latin,0.6946636272626638,Vittorio Grigolo,Tu Sei,classical,0.6764893218882425,Gemelli Diversi,Istruzioni Per L'(Ill)uso,hip hop,310.7679735405636,Flaminio Maphia,Quelli Che,hip hop,287.8358880707291,Tiziano Ferro,Salutandotiaffogo,pop,256.2504323045662,Gemelli Diversi,Istruzioni Per L'(Ill)uso,hip hop,300.84011215842173,Flaminio Maphia,Quelli Che,hip hop,278.54267433542316,Tiziano Ferro,Salutandotiaffogo,pop,249.8251063943232,Paul Potts,Ognuno Soffre,classical,0.8255298921070647,Vittorio Grigolo,Se Tu Non Sei Lei,classical,0.7758893902556497,Il Divo,Ave Maria,classical,0.7530123219241126,Paul Potts,Ognuno Soffre,classical,0.8284388412919858,Vittorio Grigolo,Se Tu Non Sei Lei,classical,0.7796971778030176,Il Divo,Ave Maria,classical,0.7566493140514317
TRNXWLK128F92EC9A7,SOVINFL12A8C139286,ARNJ9LU1187B9A56A6,Il Divo,Everytime I Look At You,classical,Lauryn Hill,Interlude 5,r&b/soul,4220.0,Beastie Boys,B-Boy Bouillabaisse: A.W.O.L. (2009 Digital Remaster),hip hop,3609.0,Twista,I'm A Winner (Amended Album Version),hip hop,3545.0,Lauryn Hill,Interlude 5,r&b/soul,4.872499999999994,Beastie Boys,B-Boy Bouillabaisse: A.W.O.L. (2009 Digital Remaster),hip hop,4.174648437499995,Twista,I'm A Winner (Amended Album Version),hip hop,4.168203124999998,G4,Broken Vow,classical,0.7775174918346015,Josh Groban,Broken Vow (Album Version),classical,0.7772824984384767,Kenny Rogers,Endless love,country,0.7578529350414345,G4,Broken Vow,classical,0.785685329769337,Josh Groban,Broken Vow (Album Version),classical,0.7854657595066026,The Puppini Sisters,I Will Survive,jazz,0.7666164037456286,Momus,Closer To You,electronic,161.4423523299856,Lauryn Hill,Interlude 5,r&b/soul,160.7579096872075,Beastie Boys,B-Boy Bouillabaisse: A.W.O.L. (2009 Digital Remaster),hip hop,155.26505906441216,Keith Anderson,Lost In This Moment,country,113.15064907183944,Delta Goodrem,My Big Mistake,pop,112.82084395628952,T Bone Burnett,I'm Going On A Long Journey Never To Return,blues,102.12487783442212,Snog,Playstation Blues,electronic,0.3703950812816392,Agnostic Front,Blinded,metal,0.2993623002616202,Delta Goodrem,My Big Mistake,pop,0.2950146392291889,Snog,Playstation Blues,electronic,0.39349988388659773,Delta Goodrem,My Big Mistake,pop,0.342131123277503,Keith Anderson,Lost In This Moment,country,0.3367555464302271
TRITOVK128F92EC9A0,SOCVWFF12A8C13B6EE,ARNJ9LU1187B9A56A6,Il Divo,Feelings,classical,Dean Martin,I've Grown Accustomed To Her Face,jazz,806.0,Us3,Can U Feel It?,jazz,617.0,Gemelli Diversi,Istruzioni Per L'(Ill)uso,hip hop,589.0,Dean Martin,I've Grown Accustomed To Her Face,jazz,0.9775656249999998,Us3,Can U Feel It?,jazz,0.7211984375000006,Gemelli Diversi,Istruzioni Per L'(Ill)uso,hip hop,0.6977859374999994,Amari,30 Anni Che Non Ci Vediamo,rock,0.5551393354656282,Bluvertigo,Niente Per Scontato,electronic,0.51157843602174,Dean Martin,I've Grown Accustomed To Her Face,jazz,0.5072315955167688,Amari,30 Anni Che Non Ci Vediamo,rock,0.561627704599423,Bluvertigo,Niente Per Scontato,electronic,0.5183294265427325,Dean Martin,I've Grown Accustomed To Her Face,jazz,0.5147679216268106,Caparezza,Gli Insetti Del Podere,hip hop,477.3675756669864,Vinicio Capossela,L'uomo vivo (inno al gioia),folk,431.1222489071581,Flaminio Maphia,Quelli Che,hip hop,419.07564752620397,Caparezza,Gli Insetti Del Podere,hip hop,460.81058090010214,Vinicio Capossela,L'uomo vivo (inno al gioia),folk,417.52975357770276,Caparezza,Limiti,hip hop,402.91261362237424,Bluvertigo,Niente Per Scontato,electronic,0.7035648263536739,Andrea Bocelli,Semplicemente (Canto Per Te),classical,0.6823031496546187,Caparezza,L'Età Dei Figuranti,hip hop,0.6761532304194469,Bluvertigo,Niente Per Scontato,electronic,0.7086610974628857,Andrea Bocelli,Semplicemente (Canto Per Te),classical,0.6892520915120305,Caparezza,L'Età Dei Figuranti,hip hop,0.683258012918486
TRRLVOI128F92EB38D,SOKINKK12AB017C9F6,ARNJ9LU1187B9A56A6,Il Divo,Hallelujah (Aleluya),classical,Violadores del Verso,Dale tiempo al rumor,hip hop,1339.0,Violadores del Verso,Cantando,hip hop,1195.0,Victor Manuelle,Lloré Lloré,latin,1005.0,Violadores del Verso,Dale tiempo al rumor,hip hop,1.616712500000001,Violadores del Verso,Cantando,hip hop,1.4434624999999994,Victor Manuelle,Lloré Lloré,latin,1.226325000000001,La Oreja de Van Gogh,El 28,pop,0.8027166334162191,Grupo Niche,Buenaventura Y Caney,latin,0.7878915708190337,Violadores del Verso,Cantando,hip hop,0.7839062020684353,La Oreja de Van Gogh,El 28,pop,0.8069257041942584,Grupo Niche,Buenaventura Y Caney,latin,0.7925756164222795,Violadores del Verso,Cantando,hip hop,0.7887020809143154,Violadores del Verso,Cantando,hip hop,442.429543416537,Violadores del Verso,Dale tiempo al rumor,hip hop,426.4551386241692,Violadores del Verso,No Paseis Por Alto A Los Genios,hip hop,350.4793606139207,Violadores del Verso,Cantando,hip hop,409.6352898123765,Violadores del Verso,Dale tiempo al rumor,hip hop,392.7943504977148,Violadores del Verso,No Paseis Por Alto A Los Genios,hip hop,326.2609590495485,Grupo Niche,Buenaventura Y Caney,latin,0.7004885905311748,Love Of Lesbian,El ectoplasta,pop,0.6282803405602267,Jerry Rivera,Amores Como El Nuestro,latin,0.6255609121426084,Grupo Niche,Buenaventura Y Caney,latin,0.7099472325851968,Love Of Lesbian,El ectoplasta,pop,0.6402591632599267,Jerry Rivera,Amores Como El Nuestro,latin,0.637196696957944
TRHPPNF128F42ACFA9,SOCXAJQ12A8C13FD4E,ARNJ9LU1187B9A56A6,Il Divo,Hasta Mi Final,classical,Violadores del Verso,Dale tiempo al rumor,hip hop,637.0,Johnny Prez,Te Vuelvo Loca,reggae,496.0,Violadores del Verso,Cantando,hip hop,495.0,Violadores del Verso,Dale tiempo al rumor,hip hop,0.7518875000000002,Johnny Prez,Te Vuelvo Loca,reggae,0.5918249999999997,Violadores del Verso,Cantando,hip hop,0.5796375000000006,Maelo Ruiz,Te Amo,latin,0.7453735730132738,Terranova,De Oro,electronic,0.7171267505320406,Ana Gabriel,Clemencia,latin,0.7127110156339979,Maelo Ruiz,Te Amo,latin,0.7518165289526645,Terranova,De Oro,electronic,0.7238348508329221,Ana Gabriel,Clemencia,latin,0.7194831280019712,Violadores del Verso,Dale tiempo al rumor,hip hop,385.36028354875555,Violadores del Verso,Cantando,hip hop,369.88529602038074,Daddy Yankee,Todos Quieren A Raymond,reggae,307.48610036354194,Violadores del Verso,Dale tiempo al rumor,hip hop,346.7033140587795,Violadores del Verso,Cantando,hip hop,332.22347846993955,Tranzas,Mañana que más da,latin,280.9564335778751,KALIMBA,Llorar duele mas,latin,0.6386382104809567,Joe Arroyo,Tal Para Cual,latin,0.6324230627135359,Café Quijano,Vete De Mi,latin,0.6037820742926157,KALIMBA,Llorar duele mas,latin,0.651388284577954,Joe Arroyo,Tal Para Cual,latin,0.6460608867967967,Aventura,Todavía Me Amas,latin,0.6186148978088802
TRUXYDP128F93234BD,SOYGKHG12AB01804C8,ARS54I31187FB46721,Taylor Swift,Crazier,country,Lauryn Hill,Interlude 5,r&b/soul,5210.0,Twista,I'm A Winner (Amended Album Version),hip hop,4547.0,Danity Kane,Hold Me Down (Album Version),r&b/soul,3817.0,Lauryn Hill,Interlude 5,r&b/soul,6.096199999999999,Twista,I'm A Winner (Amended Album Version),hip hop,5.411684375000002,Danity Kane,Hold Me Down (Album Version),r&b/soul,4.578371875000001,Amerie,Higher,r&b/soul,0.8218904041266747,Chely Wright,Between A Mother And A Child,country,0.7946808589311743,Clint Black,You Made Me Feel,country,0.7936992085754457,Amerie,Higher,r&b/soul,0.8285183629788707,Chely Wright,Between A Mother And A Child,country,0.802752120542994,Clint Black,You Made Me Feel,country,0.8016222610211802,Lauryn Hill,Interlude 5,r&b/soul,182.31688892175328,Beastie Boys,B-Boy Bouillabaisse: A.W.O.L. (2009 Digital Remaster),hip hop,160.93417208613567,Matisyahu,Close My Eyes,reggae,156.4299187431156,Matisyahu,Close My Eyes,reggae,91.40308114779441,Paul Anka,The Way You Make Me Feel,jazz,90.11999299943231,Joni Mitchell,Paprika Plains  (Remix),folk,86.7344297811508,Plan B,Love Goes Down,r&b/soul,0.28360927697037375,Clint Black,You Made Me Feel,country,0.2690865503440409,Midtown,Manhattan,rock,0.25890467890330365,Plan B,Love Goes Down,r&b/soul,0.3326170073835958,Clint Black,You Made Me Feel,country,0.3210586671651728,Powerman 5000,Watch The Sky For Me,jazz,0.3003972154864645
TRKVVVK12903CB592C,SODUDUN12AB018CCAB,ARS54I31187FB46721,Taylor Swift,Fifteen,country,Lauryn Hill,Interlude 5,r&b/soul,9661.0,Twista,I'm A Winner (Amended Album Version),hip hop,7351.0,Eminem,My Darling,hip hop,6194.0,Lauryn Hill,Interlude 5,r&b/soul,11.262050000000002,Twista,I'm A Winner (Amended Album Version),hip hop,8.656643749999999,Eminem,My Darling,hip hop,7.244134375,Damian Marley,In 2 Deep,reggae,0.787368047892916,HELLYEAH,Nausea,metal,0.7756037596087965,Junior Boys,Double Shadow,electronic,0.7654663366520783,Damian Marley,In 2 Deep,reggae,0.7915295297454146,HELLYEAH,Nausea,metal,0.7846891050344484,Alison Krauss / Union Station,The Lucky One,country,0.7736999489115346,Lauryn Hill,Interlude 5,r&b/soul,409.984546404819,Beastie Boys,B-Boy Bouillabaisse: A.W.O.L. (2009 Digital Remaster),hip hop,336.7766458828056,Snoop Dogg,Snoopafella (Edited),hip hop,267.1590628688064,Lauryn Hill,Interlude 5,r&b/soul,195.45181019785713,Gang Starr,The Illest Brother,hip hop,140.82557640599688,Michael Jackson,Man In The Mirror,pop,130.20462948855644,Fantasia,Bump What Your Friends Say,r&b/soul,0.21920966862434965,Harry Connick_ Jr.,Someday,jazz,0.21849941495384104,Me First And The Gimme Gimmes,Rainbow Connection,punk,0.21760954189028886,Lauryn Hill,Interlude 5,r&b/soul,0.34709387157986515,Gang Starr,The Illest Brother,hip hop,0.330655176781644,King Tee,Act A Fool,hip hop,0.32554532356558447
TRUVVME12903CBA350,SORRBVQ12A58A7AA33,ARS54I31187FB46721,Taylor Swift,Change,country,Lauryn Hill,Interlude 5,r&b/soul,4066.0,Vanilla Ice,Ice Is Workin' It,hip hop,2498.0,Daft Punk,Touch It / Technologic,electronic,2455.0,Lauryn Hill,Interlude 5,r&b/soul,4.5029,Vanilla Ice,Ice Is Workin' It,hip hop,2.84845,Daft Punk,Touch It / Technologic,electronic,2.839981250000001,Ella Fitzgerald,Manhattan,jazz,0.6896416646929383,Modern Life Is War,Destination: Death or Better Days,metal,0.6784816334852288,Dean Martin,Side By Side,jazz,0.6523434053863215,Ella Fitzgerald,Manhattan,jazz,0.7060299871271949,Modern Life Is War,Destination: Death or Better Days,metal,0.6951206402644413,Dead Kennedys,Kinky Sex Makes the World Go 'Round,punk,0.6751143643931528,Lauryn Hill,Interlude 5,r&b/soul,336.6116280069092,Binary Star,Indy 500,hip hop,226.5926489440802,Beastie Boys,B-Boy Bouillabaisse: A.W.O.L. (2009 Digital Remaster),hip hop,223.64766871746042,Lauryn Hill,Interlude 5,r&b/soul,163.1240840615295,Binary Star,Indy 500,hip hop,130.66032898387857,The Cat Empire,Days Like These,reggae,126.32219982687431,Ayreon,Prologue,metal,0.26006824622856595,Steel Pulse,Handsworth Revolution,reggae,0.24445260402839025,The Cat Empire,Days Like These,reggae,0.23584141318102883,The Cat Empire,Days Like These,reggae,0.3346692350482318,Lauryn Hill,Interlude 5,r&b/soul,0.31848655432494966,Steel Pulse,Handsworth Revolution,reggae,0.3085955354100416
TRZGWCY12903CEF521,SOVMMRT12D021B2E6E,ARHATLI1187FB52C76,Toby Keith,You Can't Read My Mind,country,Lauryn Hill,Interlude 5,r&b/soul,5014.0,Beastie Boys,B-Boy Bouillabaisse: A.W.O.L. (2009 Digital Remaster),hip hop,3924.0,Twista,I'm A Winner (Amended Album Version),hip hop,3840.0,Lauryn Hill,Interlude 5,r&b/soul,5.6902,Twista,I'm A Winner (Amended Album Version),hip hop,4.422715625,Beastie Boys,B-Boy Bouillabaisse: A.W.O.L. (2009 Digital Remaster),hip hop,4.4222171875,Anastacia,Club Megamix,rock,0.7715347166060159,Amanda Jenssen,Don't Worry,r&b/soul,0.748627285451023,New Order,Bizarre Love Triangle,electronic,0.7298497870849721,Anastacia,Club Megamix,rock,0.7850343722677622,Amanda Jenssen,Don't Worry,r&b/soul,0.7600207058389225,New Order,Bizarre Love Triangle,electronic,0.7419302606018228,Beastie Boys,B-Boy Bouillabaisse: A.W.O.L. (2009 Digital Remaster),hip hop,300.95607568290416,Lauryn Hill,Interlude 5,r&b/soul,245.60440143769398,Eminem,8 Mile,hip hop,195.60653542326548,Beastie Boys,B-Boy Bouillabaisse: A.W.O.L. (2009 Digital Remaster),hip hop,150.33854616275647,Daryl Hall,Help Me Find A Way To Your Heart,r&b/soul,111.73240231942165,Mutya Buena,Not Your Baby,pop,110.42369224731799,Mutya Buena,Not Your Baby,pop,0.2827982249270354,B.B. King,All Over Again,blues,0.2746206220495886,Colbie Caillat,Midnight Bottle,pop,0.2700003671715557,Mutya Buena,Not Your Baby,pop,0.3449416952596124,Dance Hall Crashers,DHC,reggae,0.32800405915850256,Daryl Hall,Help Me Find A Way To Your Heart,r&b/soul,0.3278980312450283
TRMAVQT128F4270DBF,SOLJTVT12A58A79F96,ARH861H1187B9B799E,Johnny Cash,Man In White,country,Lauryn Hill,Interlude 5,r&b/soul,6988.0,Beastie Boys,B-Boy Bouillabaisse: A.W.O.L. (2009 Digital Remaster),hip hop,6505.0,Eminem,8 Mile,hip hop,4945.0,Lauryn Hill,Interlude 5,r&b/soul,7.824200000000001,Beastie Boys,B-Boy Bouillabaisse: A.W.O.L. (2009 Digital Remaster),hip hop,7.36956875,Eminem,8 Mile,hip hop,5.606431249999999,Faron Young,Riverboat,country,0.7716132672660075,Snoop Dogg,Snoopafella (Edited),hip hop,0.7629610403632263,John Denver,El Paso,rock,0.7608241346319569,Faron Young,Riverboat,country,0.7816857758870969,Snoop Dogg,Snoopafella (Edited),hip hop,0.7777342903652562,John Denver,El Paso,rock,0.7755227431363245,Beastie Boys,B-Boy Bouillabaisse: A.W.O.L. (2009 Digital Remaster),hip hop,455.19074079626085,Lauryn Hill,Interlude 5,r&b/soul,405.6607311757501,Savatage,The Hourglass,metal,394.74121215390034,Savatage,The Hourglass,metal,198.55659199502034,Snoop Dogg,Snoopafella (Edited),hip hop,189.11916357372982,Dar Williams,Mortal City,folk,176.90198341192306,The Psychedelic Furs,Flowers,rock,0.27408341493413485,Hank Williams,I Saw the Light,country,0.2630996619167725,Brooks & Dunn,Born And Raised In Black And White,country,0.2577054075165264,Snoop Dogg,Snoopafella (Edited),hip hop,0.358302603880162,Savatage,The Hourglass,metal,0.3491845335086865,Billy Gilman,Oklahoma,country,0.34226866045691373
TRWVEDL128F4293EA3,SOOVRMN12AF72A0933,AR7ZFLN1187FB4830A,Rascal Flatts,Holes,country,Lauryn Hill,Interlude 5,r&b/soul,4084.0,Beastie Boys,B-Boy Bouillabaisse: A.W.O.L. (2009 Digital Remaster),hip hop,3243.0,Twista,I'm A Winner (Amended Album Version),hip hop,3005.0,Lauryn Hill,Interlude 5,r&b/soul,4.6979,Beastie Boys,B-Boy Bouillabaisse: A.W.O.L. (2009 Digital Remaster),hip hop,3.713301562499998,Twista,I'm A Winner (Amended Album Version),hip hop,3.4901968750000014,Joni Mitchell,Lesson In Survival  (LP Version),folk,0.715834228370048,RKL,Heavily Sedated,metal,0.7027140977083928,Beastie Boys,B-Boy Bouillabaisse: A.W.O.L. (2009 Digital Remaster),hip hop,0.7006472589628937,Joni Mitchell,Lesson In Survival  (LP Version),folk,0.7300440017706726,RKL,Heavily Sedated,metal,0.7170517807545665,Beastie Boys,B-Boy Bouillabaisse: A.W.O.L. (2009 Digital Remaster),hip hop,0.7168010021690715,Lauryn Hill,Interlude 5,r&b/soul,213.60421931584898,Beastie Boys,B-Boy Bouillabaisse: A.W.O.L. (2009 Digital Remaster),hip hop,163.4150845835973,Twista,Overdose (Album Version),hip hop,156.0255507191231,Lauryn Hill,Interlude 5,r&b/soul,95.04913904232266,Dr. Alban,One Love,pop,81.41983169553052,KRS-One,The Truth,hip hop,79.59476887533273,Violet Indiana,Safe Word,electronic,0.2656209487959595,Ulver,The Truth,electronic,0.2524839746772343,Nick Lowe,Indian Queens,country,0.23071925915301733,Violet Indiana,Safe Word,electronic,0.29836589361675725,Nick Lowe,Indian Queens,country,0.2801293017790271,Ulver,The Truth,electronic,0.27706952796538936
TRTVVYX128F9328DBA,SOMKEYV12AF72A20B2,ARFL99B1187B9A2A45,Sugarland,Baby Girl,country,Lauryn Hill,Interlude 5,r&b/soul,5955.0,Beastie Boys,B-Boy Bouillabaisse: A.W.O.L. (2009 Digital Remaster),hip hop,5550.0,Twista,I'm A Winner (Amended Album Version),hip hop,4906.0,Lauryn Hill,Interlude 5,r&b/soul,6.58815,Beastie Boys,B-Boy Bouillabaisse: A.W.O.L. (2009 Digital Remaster),hip hop,6.221981249999996,Twista,I'm A Winner (Amended Album Version),hip hop,5.573337500000003,Michael Bublé,Stuck In The Middle With You (Non-Album Track),jazz,0.749314842365338,Gary Allan,Promise Broken,country,0.7431070002705629,A Tribe Called Quest,Hot Sex,hip hop,0.7297992515246945,Michael Bublé,Stuck In The Middle With You (Non-Album Track),jazz,0.7615568958346628,Gary Allan,Promise Broken,country,0.7558746520014389,A Tribe Called Quest,Hot Sex,hip hop,0.7468510971169703,Beastie Boys,B-Boy Bouillabaisse: A.W.O.L. (2009 Digital Remaster),hip hop,348.11252549882136,Momus,Closer To You,electronic,283.4860337578714,Lauryn Hill,Interlude 5,r&b/soul,281.7611900889582,Barry White,Never Gonna Give You Up,r&b/soul,161.5261248307675,Momus,Closer To You,electronic,155.83715636400967,The Dramatics,Be My Girl,r&b/soul,148.77596602421133,Barry White,Never Gonna Give You Up,r&b/soul,0.2802916056159066,Dusty Springfield,Send It To Me,r&b/soul,0.27856401792344454,Lonestar,Please Come Home For Christmas,rock,0.276625796890453,Barry White,Never Gonna Give You Up,r&b/soul,0.3493052721536808,Dusty Springfield,Send It To Me,r&b/soul,0.3364470276073454,Lonestar,Please Come Home For Christmas,rock,0.3287982772594875
TRTGPPK128F1459DD4,SOIHEED12A6D4F5E36,AR4DW2Q1187FB44DB6,Billy Currington,Growin' Up Down There,country,Lauryn Hill,Interlude 5,r&b/soul,2515.0,Beastie Boys,B-Boy Bouillabaisse: A.W.O.L. (2009 Digital Remaster),hip hop,2423.0,Twista,I'm A Winner (Amended Album Version),hip hop,1961.0,Lauryn Hill,Interlude 5,r&b/soul,2.69065,Beastie Boys,B-Boy Bouillabaisse: A.W.O.L. (2009 Digital Remaster),hip hop,2.6498328125,Twista,I'm A Winner (Amended Album Version),hip hop,2.1551343749999994,The Streets,The Irony Of It All (Album Version),electronic,0.5919794308295271,N-Dubz,Sex,hip hop,0.585336656820129,Westlife,That's Life,jazz,0.5784479132598238,The Streets,The Irony Of It All (Album Version),electronic,0.6201209486854647,N-Dubz,Sex,hip hop,0.6136865487323041,Lil Wyte,Ten Toes Tall,hip hop,0.6060691722277157,Lauryn Hill,Interlude 5,r&b/soul,230.98524921550066,Beastie Boys,B-Boy Bouillabaisse: A.W.O.L. (2009 Digital Remaster),hip hop,219.7141767765138,Savatage,The Hourglass,metal,213.58536592177546,Lost Boyz,Summer Time,hip hop,104.22273270201364,Savatage,The Hourglass,metal,103.99182473055576,Digable Planets,"Pacifics (Sdtrk ""N.Y. Is Red Hot"")",hip hop,102.58353526603265,Confederate Railroad,Summer In Dixie (Remastered Album Version),country,0.2500750805371248,Julie Ruin,Aerobicide,punk,0.2483029296488393,Alexandra Burke,Dumb,r&b/soul,0.24525504196565057,Alexandra Burke,Dumb,r&b/soul,0.3026770690857638,Confederate Railroad,Summer In Dixie (Remastered Album Version),country,0.2995683872052706,Dido,Summer,pop,0.28649341817726515
TRHUIRM128F426BFD5,SOMDWHQ12A6D4F5E30,AR4DW2Q1187FB44DB6,Billy Currington,Hangin' Around,country,Lauryn Hill,Interlude 5,r&b/soul,5022.0,Twista,I'm A Winner (Amended Album Version),hip hop,4542.0,Erykah Badu,I Want You,r&b/soul,3645.0,Lauryn Hill,Interlude 5,r&b/soul,5.8842,Twista,I'm A Winner (Amended Album Version),hip hop,5.420465624999997,Erykah Badu,I Want You,r&b/soul,4.411701562499998,Kevin Devine,Fever Moon,folk,0.775353132023481,The Corrs,Irresistible ( LP Version ),pop,0.7564148458224617,Ricky Skaggs,I Wouldn't Change You If I Could,country,0.744598319507841,Kevin Devine,Fever Moon,folk,0.7820229244846428,The Corrs,Irresistible ( LP Version ),pop,0.7622138448986552,Ricky Skaggs,I Wouldn't Change You If I Could,country,0.7510067808107522,Beastie Boys,B-Boy Bouillabaisse: A.W.O.L. (2009 Digital Remaster),hip hop,167.1469018091852,Lauryn Hill,Interlude 5,r&b/soul,135.21827188100914,The Streets,Weak Become Heroes,hip hop,130.34035286224665,Billie Piper,Day And Night,pop,87.95152828107837,Aaron Neville,Don't Fall Apart On Me Tonight,country,87.72394875948096,The Streets,Weak Become Heroes,hip hop,81.89966798736675,Blacklisted,Wish,metal,0.31109031783512825,The Coral,I Forgot My Name,jazz,0.30112014288938166,Incognito,Chase The Clouds Away,jazz,0.28150779672754245,Blacklisted,Wish,metal,0.34300327061903746,The Coral,I Forgot My Name,jazz,0.31480246372992504,Incognito,Chase The Clouds Away,jazz,0.31313701606742667
TRJNTQQ128F426BFD0,SOVXWMI12A8C13B667,AR4DW2Q1187FB44DB6,Billy Currington,Here I Am,country,Lauryn Hill,Interlude 5,r&b/soul,3109.0,Beastie Boys,B-Boy Bouillabaisse: A.W.O.L. (2009 Digital Remaster),hip hop,2835.0,Twista,I'm A Winner (Amended Album Version),hip hop,2564.0,Lauryn Hill,Interlude 5,r&b/soul,3.47685,Beastie Boys,B-Boy Bouillabaisse: A.W.O.L. (2009 Digital Remaster),hip hop,3.2013781250000006,Twista,I'm A Winner (Amended Album Version),hip hop,2.9374437500000017,Aesop Rock,Shovel,hip hop,0.6528919046537449,Michael Bublé,Stuck In The Middle With You (Non-Album Track),jazz,0.6479928948893526,Momus,Closer To You,electronic,0.6414116964125718,Aesop Rock,Shovel,hip hop,0.6728972979458699,Michael Bublé,Stuck In The Middle With You (Non-Album Track),jazz,0.6639332944888543,Momus,Closer To You,electronic,0.660941877842382,Beastie Boys,B-Boy Bouillabaisse: A.W.O.L. (2009 Digital Remaster),hip hop,188.4089832780148,Lauryn Hill,Interlude 5,r&b/soul,164.90125671945296,Petey Pablo,Fool For Love,hip hop,155.77488604234443,Houston,Twizala,r&b/soul,113.44745575293504,Jackson 5,Lookin' Through The Windows,r&b/soul,109.02549903562128,G-Unit,Beg For Mercy,hip hop,100.74968320908545,Remy Shand,Looking Back On Vanity,r&b/soul,0.29871400862775416,Jackson 5,Lookin' Through The Windows,r&b/soul,0.2595240874798272,Houston,Twizala,r&b/soul,0.25115875282797134,Remy Shand,Looking Back On Vanity,r&b/soul,0.3370294899017328,Houston,Twizala,r&b/soul,0.2933864906158084,Jackson 5,Lookin' Through The Windows,r&b/soul,0.29285580025123875
TRZJCNT128F426BFCC,SOWNWBW12A8C13B65E,AR4DW2Q1187FB44DB6,Billy Currington,She's Got A Way With Me,country,Lauryn Hill,Interlude 5,r&b/soul,2809.0,Beastie Boys,B-Boy Bouillabaisse: A.W.O.L. (2009 Digital Remaster),hip hop,2606.0,Twiztid,She Ain't Afraid,hip hop,2436.0,Lauryn Hill,Interlude 5,r&b/soul,3.085749999999999,Beastie Boys,B-Boy Bouillabaisse: A.W.O.L. (2009 Digital Remaster),hip hop,2.901664062499999,Young Jeezy,By The Way,hip hop,2.8139531249999994,Josh Turner,Haywire,country,0.6759041373871915,Atmosphere,Hair,hip hop,0.6666930975095183,James Taylor,Something In The Way She Moves,folk,0.6477124268162379,Josh Turner,Haywire,country,0.6877574022043238,Atmosphere,Hair,hip hop,0.6805413610899474,James Taylor,Something In The Way She Moves,folk,0.661205222193382,Beastie Boys,B-Boy Bouillabaisse: A.W.O.L. (2009 Digital Remaster),hip hop,182.59790793888988,Lauryn Hill,Interlude 5,r&b/soul,177.99800098426266,Twiztid,She Ain't Afraid,hip hop,169.3601540537673,Barry White,Never Gonna Give You Up,r&b/soul,110.44821639319676,The Corrs,Queen Of Hollywood ( LP Version ),pop,103.53107144846882,Twiztid,She Ain't Afraid,hip hop,101.79663034724364,Clint Black,Half The Man,country,0.41955252809134114,Barry White,Never Gonna Give You Up,r&b/soul,0.33494261855301904,Teenage Bottlerocket,She's Not the One,punk,0.3137041904745114,Clint Black,Half The Man,country,0.4542153300606121,Barry White,Never Gonna Give You Up,r&b/soul,0.3874436263189469,Johnny Cash,A Thing Called Love,country,0.35437639552200606
TRPZEWS128F92F585E,SOOSFVL12AB018253F,AR4DW2Q1187FB44DB6,Billy Currington,That's How Country Boys Roll,country,Lauryn Hill,Interlude 5,r&b/soul,3190.0,Michael Jackson,Man In The Mirror,pop,2087.0,Beastie Boys,B-Boy Bouillabaisse: A.W.O.L. (2009 Digital Remaster),hip hop,2038.0,Lauryn Hill,Interlude 5,r&b/soul,3.5504999999999995,Michael Jackson,Man In The Mirror,pop,2.23409375,Beastie Boys,B-Boy Bouillabaisse: A.W.O.L. (2009 Digital Remaster),hip hop,2.182046875,The Dubliners,The Molly Maguires,folk,0.6494427371512204,Dropkick Murphys,Good Rats (Live),reggae,0.6411415645622979,Valient Thorr,False Profits,rock,0.6093621931119308,The Dubliners,The Molly Maguires,folk,0.6627476516448516,Dropkick Murphys,Good Rats (Live),reggae,0.657535505639407,Valient Thorr,False Profits,rock,0.6270120708038567,Beastie Boys,B-Boy Bouillabaisse: A.W.O.L. (2009 Digital Remaster),hip hop,213.69381587585534,Lauryn Hill,Interlude 5,r&b/soul,176.62935323212346,Savatage,The Hourglass,metal,175.13648419706192,Nivea,Indian Dance,r&b/soul,136.28059776266028,Alabama,Roll On (Eighteen Wheeler),country,129.13057495686965,Ferlin Husky,Convoy,country,112.38948003607035,Lyle Lovett,North Dakota,country,0.2639353566251512,Alabama,Roll On (Eighteen Wheeler),country,0.2595833476988243,Nivea,Indian Dance,r&b/soul,0.25693038550560543,Lyle Lovett,North Dakota,country,0.3092469605338193,Alabama,Roll On (Eighteen Wheeler),country,0.30853908992188234,Nivea,Indian Dance,r&b/soul,0.3049238535446387
TRYPBLE128F1459DD1,SOKHXYG12A6D4F5E33,AR4DW2Q1187FB44DB6,Billy Currington,Where The Girls Are,country,Lauryn Hill,Interlude 5,r&b/soul,3566.0,Beastie Boys,B-Boy Bouillabaisse: A.W.O.L. (2009 Digital Remaster),hip hop,2353.0,Eminem,My Darling,hip hop,1938.0,Lauryn Hill,Interlude 5,r&b/soul,4.0343,Beastie Boys,B-Boy Bouillabaisse: A.W.O.L. (2009 Digital Remaster),hip hop,2.5873375,Eminem,My Darling,hip hop,2.1634625000000005,Public Image Ltd,Where Are You?,punk,0.6110328052812752,Antimatter,Legions,rock,0.5732716208749921,Leo Sayer,Wondering Where The Lions Are,jazz,0.5726762495305358,Public Image Ltd,Where Are You?,punk,0.615703793608475,Antimatter,Legions,rock,0.5868124042218467,Leo Sayer,Wondering Where The Lions Are,jazz,0.5845351665659776,Beastie Boys,B-Boy Bouillabaisse: A.W.O.L. (2009 Digital Remaster),hip hop,223.2602455142744,Eminem,8 Mile,hip hop,178.56151843098573,Murs,The Dance,hip hop,162.83680941797664,Cyndi Lauper,Girls Just Want To Have Fun,pop,133.23009257034042,Kurtis Blow,AJ Scratch,hip hop,104.02517938415436,Beastie Boys,B-Boy Bouillabaisse: A.W.O.L. (2009 Digital Remaster),hip hop,102.38035487311602,Cyndi Lauper,Girls Just Want To Have Fun,pop,0.3062901359985678,Greg Laswell,Girls Just Want To Have Fun (Demo),folk,0.2972209353593578,Jamie Cullum,Music Is Through,jazz,0.2336039077627383,Cyndi Lauper,Girls Just Want To Have Fun,pop,0.33926047013349814,Greg Laswell,Girls Just Want To Have Fun (Demo),folk,0.3317790515139425,Thomas Dolby,Screen Kiss,punk,0.28235398613387386
TRKVITQ128F4271B31,SOVALXP12D021B3DA8,ARH861H1187B9B799E,Johnny Cash,Daddy Sang Bass,country,Lauryn Hill,Interlude 5,r&b/soul,2915.0,Beastie Boys,B-Boy Bouillabaisse: A.W.O.L. (2009 Digital Remaster),hip hop,2559.0,The Pharcyde,Otha Fish,hip hop,2200.0,Lauryn Hill,Interlude 5,r&b/soul,3.16765,Beastie Boys,B-Boy Bouillabaisse: A.W.O.L. (2009 Digital Remaster),hip hop,2.800598437500002,The Pharcyde,Otha Fish,hip hop,2.502570312499999,Pentangle,Will the Circle Be Unbroken?,folk,0.6355808356741115,Opera IX,Immortal Chant,metal,0.5952875527376086,Bruce Springsteen,Brothers Under The Bridges ('83),rock,0.5874314502412192,Pentangle,Will the Circle Be Unbroken?,folk,0.6466624512983471,Opera IX,Immortal Chant,metal,0.6124981666150326,Bruce Springsteen,Brothers Under The Bridges ('83),rock,0.6116343519536278,Lauryn Hill,Interlude 5,r&b/soul,215.58942424447557,Eminem,8 Mile,hip hop,212.13607791338615,Dolly Parton,Daddy's Moonshine Still,country,210.99818876469513,Dolly Parton,Daddy's Moonshine Still,country,157.93806223009543,Merle Haggard,Daddy Frank,country,141.7652278356069,Triumvirat,Sing Me A Song (Non Album Track),rock,136.41565897157054,Cross Canadian Ragweed,Lawrence,country,0.36832898054936064,Merle Haggard,Daddy Frank,country,0.3286368091712138,Lefty Frizzell,Mom And Dad's Waltz,country,0.31797298084774794,Cross Canadian Ragweed,Lawrence,country,0.4112183181366746,Merle Haggard,Daddy Frank,country,0.3757294420746338,Dolly Parton,Daddy's Moonshine Still,country,0.3621773734842598
TRGZDBB128F4270A4C,SOLWDNH12D021B2402,ARH861H1187B9B799E,Johnny Cash,I Don't Know Where I'm Bound,country,Beastie Boys,B-Boy Bouillabaisse: A.W.O.L. (2009 Digital Remaster),hip hop,4199.0,Eminem,8 Mile,hip hop,4173.0,R. Kelly,I Mean (I Don't Mean It),r&b/soul,3998.0,Eminem,8 Mile,hip hop,4.957871875,Beastie Boys,B-Boy Bouillabaisse: A.W.O.L. (2009 Digital Remaster),hip hop,4.906378125000002,R. Kelly,I Mean (I Don't Mean It),r&b/soul,4.824228124999998,LMFAO,I Am Not A Whore,electronic,0.8118491209507603,Sylver,Fallin',electronic,0.8026720753057147,Sneaky Sound System,16,pop,0.7868293085160709,LMFAO,I Am Not A Whore,electronic,0.8141630205966732,Sylver,Fallin',electronic,0.8067178260046389,Sneaky Sound System,16,pop,0.7922371132428139,Beastie Boys,B-Boy Bouillabaisse: A.W.O.L. (2009 Digital Remaster),hip hop,145.0428722499425,Louis Logic,Dos Factotum,jazz,139.19214608755485,Lauryn Hill,Interlude 5,r&b/soul,137.2166285735369,Louis Logic,Dos Factotum,jazz,96.54921239683574,Anastacia,Club Megamix,rock,75.78502087681068,Soulfly,One Nation (Album Version),metal,71.7079672310152,Soulfly,One Nation (Album Version),metal,0.2437410152917675,Darden Smith,Swept Away,country,0.2402923848318932,Louis Logic,Dos Factotum,jazz,0.23889816306616565,Louis Logic,Dos Factotum,jazz,0.30956487502080265,Soulfly,One Nation (Album Version),metal,0.29681916430823546,Bessie Smith,Back water blues,blues,0.29278702410390506
TRMBNRH12903D02C23,SOWLYYP12D0219044F,ARH861H1187B9B799E,Johnny Cash,I Was There When It Happened,country,Lauryn Hill,Interlude 5,r&b/soul,4157.0,Beastie Boys,B-Boy Bouillabaisse: A.W.O.L. (2009 Digital Remaster),hip hop,3696.0,Eminem,8 Mile,hip hop,3431.0,Lauryn Hill,Interlude 5,r&b/soul,4.736249999999995,Beastie Boys,B-Boy Bouillabaisse: A.W.O.L. (2009 Digital Remaster),hip hop,4.235312499999996,Eminem,8 Mile,hip hop,3.9984375000000063,Common,Book Of Life,hip hop,0.7336026365731169,Bananarama,Lovebite,pop,0.7322172275288622,Lupe Fiasco,Hurt Me Soul (Explicit Album Version),hip hop,0.723350132290084,Common,Book Of Life,hip hop,0.7439474803569341,Bananarama,Lovebite,pop,0.7432422527106193,Lupe Fiasco,Hurt Me Soul (Explicit Album Version),hip hop,0.7350361130647047,Lauryn Hill,Interlude 5,r&b/soul,214.58201563347913,DJ Quik,Safe + Sound,hip hop,185.26762036818934,Beastie Boys,B-Boy Bouillabaisse: A.W.O.L. (2009 Digital Remaster),hip hop,180.7147029408051,Lauryn Hill,Oh Jerusalem,r&b/soul,109.91621690336393,Nothingface,Villains (Full-Length),metal,109.1932976678103,DJ Quik,Safe + Sound,hip hop,102.79290462021594,Nothingface,Villains (Full-Length),metal,0.3049601661320142,Iron Maiden,Lord Of The Flies (Live In Dortmund),metal,0.25054404994376683,Ginuwine,Ginuwine 4 ur Mind,hip hop,0.24121618498824374,Nothingface,Villains (Full-Length),metal,0.3509954489749915,Iron Maiden,Lord Of The Flies (Live In Dortmund),metal,0.29077330918098715,Ginuwine,Ginuwine 4 ur Mind,hip hop,0.2833144789309867
TRBXYKU128F427915D,SOEXZQP12D021B0F1D,ARH861H1187B9B799E,Johnny Cash,The Big Battle,country,Lauryn Hill,Interlude 5,r&b/soul,3952.0,Beastie Boys,B-Boy Bouillabaisse: A.W.O.L. (2009 Digital Remaster),hip hop,3028.0,Eminem,My Darling,hip hop,2502.0,Lauryn Hill,Interlude 5,r&b/soul,4.424799999999999,Beastie Boys,B-Boy Bouillabaisse: A.W.O.L. (2009 Digital Remaster),hip hop,3.3541500000000006,Eminem,My Darling,hip hop,2.812149999999999,Solefald,Loki Trickster God,metal,0.6886809609254028,KRS ONE,I'm On The Mic,reggae,0.6805643412469565,Snow Patrol,The Lightning Strike,rock,0.6753140731104057,Solefald,Loki Trickster God,metal,0.7077191201951414,KRS ONE,I'm On The Mic,reggae,0.7025329622074038,Snow Patrol,The Lightning Strike,rock,0.6990435157457604,Beastie Boys,B-Boy Bouillabaisse: A.W.O.L. (2009 Digital Remaster),hip hop,270.32827777011624,Twista,Overdose (Album Version),hip hop,225.0575318272761,Lauryn Hill,Interlude 5,r&b/soul,218.61112830058389,Gang Starr,The Illest Brother,hip hop,122.25611915211772,Esham,Killin' Spree,hip hop,118.83668221443662,Fugees (Tranzlator Crew),Temple,hip hop,116.92405899043565,Esham,Killin' Spree,hip hop,0.25303200091113903,Bellamy Brothers,Livin In The West,country,0.24354160209444517,Jolie Holland,Mexico City,folk,0.23351486460376888,Esham,Killin' Spree,hip hop,0.3297682978272405,Gang Starr,The Illest Brother,hip hop,0.3238503671789651,John Denver,El Paso,rock,0.3188474839872365
TRFRXGD128F42717FF,SOHCAKG12A8BED7973,ARH861H1187B9B799E,Johnny Cash,A Thing Called Love,country,Lauryn Hill,Interlude 5,r&b/soul,2983.0,Michael Jackson,Man In The Mirror,pop,2310.0,Beastie Boys,B-Boy Bouillabaisse: A.W.O.L. (2009 Digital Remaster),hip hop,2168.0,Lauryn Hill,Interlude 5,r&b/soul,3.2641500000000008,Michael Jackson,Man In The Mirror,pop,2.48918125,Beastie Boys,B-Boy Bouillabaisse: A.W.O.L. (2009 Digital Remaster),hip hop,2.3214656250000005,Pete Murray,My Time,folk,0.6056473753693287,Reckless Kelly,Broken Heart,country,0.601366595081689,Aesop Rock,Mars Attacks,hip hop,0.6013502505448011,Aesop Rock,Mars Attacks,hip hop,0.6354993566190082,Company Flow,The Fire In Which You Burn (feat. J-Treds & The Brewin From The Juggaknots),hip hop,0.628286960495905,Pete Murray,My Time,folk,0.6243052045826373,Lauryn Hill,Interlude 5,r&b/soul,248.28833863966614,Beastie Boys,B-Boy Bouillabaisse: A.W.O.L. (2009 Digital Remaster),hip hop,237.95063910669452,Savatage,The Hourglass,metal,233.6580201429956,Michael Jackson,Man In The Mirror,pop,132.37486678289534,Savatage,The Hourglass,metal,127.1549859820716,Jay-Z,Soon You'll Understand,hip hop,124.06667826223371,Billy Currington,She's Got A Way With Me,country,0.2965996472700068,David Bowie,Baal's Hymn,classical,0.25853065656657187,Erasure,Intro: Guess I'm Into Feeling,pop,0.25283902613077025,Billy Currington,She's Got A Way With Me,country,0.35437639552200606,David Bowie,Baal's Hymn,classical,0.3372507483242537,Dixie Chicks,Travelin' Soldier,country,0.32138371866292526
TRYIYFG128F42603CC,SOOUGLY12A8BEE954A,ARH861H1187B9B799E,Johnny Cash,You Dreamer You,country,Lauryn Hill,Interlude 5,r&b/soul,4434.0,Twista,I'm A Winner (Amended Album Version),hip hop,3783.0,Erykah Badu,I Want You,r&b/soul,3295.0,Lauryn Hill,Interlude 5,r&b/soul,5.128500000000002,Twista,I'm A Winner (Amended Album Version),hip hop,4.458187499999999,Erykah Badu,I Want You,r&b/soul,3.9665937499999977,Heavenly,Tool,pop,0.7286355859195878,Jay-Jay Johanson,I fantasize of you,electronic,0.7221200548834438,Hello Saferide,Get Sick Soon,folk,0.7167680783185922,Heavenly,Tool,pop,0.73902950200792,Jay-Jay Johanson,I fantasize of you,electronic,0.732366781996161,Hello Saferide,Get Sick Soon,folk,0.7259206311014332,Beastie Boys,B-Boy Bouillabaisse: A.W.O.L. (2009 Digital Remaster),hip hop,199.2383605249176,Joe Bonamassa,Asking Around For You,blues,178.2963416894867,Recoil,Curse,electronic,164.95736940477968,Joe Bonamassa,Asking Around For You,blues,152.47633060317048,Josh Groban,It Came Upon A Midnight Clear (Album Version),classical,111.29365312984915,Flipsyde,Angel,hip hop,106.59811783763473,Joe Bonamassa,Asking Around For You,blues,0.36741606646489244,Brooks & Dunn,You're My Angel,country,0.30290745485271064,Josh Groban,It Came Upon A Midnight Clear (Album Version),classical,0.29768649734226316,Joe Bonamassa,Asking Around For You,blues,0.4042444585166719,Gatsbys American Dream,Just Like Heaven,rock,0.34700290624351504,Brooks & Dunn,You're My Angel,country,0.33581097563075996
TRQHDNY128F92E3A01,SOOFVUE12AB017B824,ARH861H1187B9B799E,Johnny Cash,I Walk The Line,country,Lauryn Hill,Interlude 5,r&b/soul,3771.0,Twista,I'm A Winner (Amended Album Version),hip hop,3353.0,Beastie Boys,B-Boy Bouillabaisse: A.W.O.L. (2009 Digital Remaster),hip hop,3267.0,Lauryn Hill,Interlude 5,r&b/soul,4.338850000000002,Twista,I'm A Winner (Amended Album Version),hip hop,3.9462406250000015,Beastie Boys,B-Boy Bouillabaisse: A.W.O.L. (2009 Digital Remaster),hip hop,3.770229687500002,Brian McKnight,Holdin' On [Missin' U] (Album Version),r&b/soul,0.7390007204118408,Ben Folds Five,Don't Change Your Plans,rock,0.7314184945530637,Mario Vazquez,Everytime I...,r&b/soul,0.729179011123212,Brian McKnight,Holdin' On [Missin' U] (Album Version),r&b/soul,0.7462065159147478,Ben Folds Five,Don't Change Your Plans,rock,0.7415873503133033,Clint Black,Killin' Time,country,0.7375417500873664,Beastie Boys,B-Boy Bouillabaisse: A.W.O.L. (2009 Digital Remaster),hip hop,173.62382778394095,Lauryn Hill,Interlude 5,r&b/soul,166.09966077463937,DMX,Keep Your Shit The Hardest,hip hop,161.21030356660367,DMX,Keep Your Shit The Hardest,hip hop,99.3827433033831,Demi Lovato,Until You're Mine,pop,93.11900839707921,Dilated Peoples,Expansion Team Theme,hip hop,84.66437318140581,Tony Bennett,Close Your Eyes,jazz,0.28580561440689617,Demi Lovato,Until You're Mine,pop,0.2676139804513243,Big Bad Voodoo Daddy,Still In Love With You,jazz,0.26523798936395254,Demi Lovato,Until You're Mine,pop,0.3156989401110696,Tony Bennett,Close Your Eyes,jazz,0.31375189303108075,Big Bad Voodoo Daddy,Still In Love With You,jazz,0.3075673196217741
TRGCHXM128F429CBB9,SOKDAHN12A8C13F938,ARH861H1187B9B799E,Johnny Cash,Life's Railway To Heaven,country,Lauryn Hill,Interlude 5,r&b/soul,629.0,Michael Jackson,Man In The Mirror,pop,486.0,The Pharcyde,Otha Fish,hip hop,459.0,Lauryn Hill,Interlude 5,r&b/soul,0.6689499999999998,The Pharcyde,Otha Fish,hip hop,0.5127890624999999,Michael Jackson,Man In The Mirror,pop,0.5069343750000002,Andrea Bocelli,The Lords Prayer,classical,0.5108215952909319,Amici Forever,The Prayer,classical,0.4791594826780463,Pain of Salvation,Kingdom of Loss,metal,0.4319254356304479,Andrea Bocelli,The Lords Prayer,classical,0.5290289628252949,Amici Forever,The Prayer,classical,0.4998512568760779,Pain of Salvation,Kingdom of Loss,metal,0.4571726706119074,Flipsyde,Angel,hip hop,100.1675296251813,Lauryn Hill,Interlude 5,r&b/soul,77.66254968343665,Will.I.Am,She's A Star,hip hop,76.47905120582985,Flipsyde,Angel,hip hop,83.33733481557148,Gentleman,Different Places,reggae,61.2941471754624,Will.I.Am,She's A Star,hip hop,59.087252234477,Disgorge,Parallels Of Infinite Torture,metal,0.31148778946711553,Flipsyde,Angel,hip hop,0.28442079967724676,Scapegoat,Monster,punk,0.2557527788600343,Disgorge,Parallels Of Infinite Torture,metal,0.33055710283050305,Flipsyde,Angel,hip hop,0.31887852130213556,Scapegoat,Monster,punk,0.2843473589168619
TRSJGNV128F92F4124,SODVCJH12AF72A4A08,AR3ETJY1187B98ED15,Darius Rucker,If I Had Wings,country,Beastie Boys,B-Boy Bouillabaisse: A.W.O.L. (2009 Digital Remaster),hip hop,3022.0,Lauryn Hill,Interlude 5,r&b/soul,3006.0,Eminem,8 Mile,hip hop,2863.0,Beastie Boys,B-Boy Bouillabaisse: A.W.O.L. (2009 Digital Remaster),hip hop,3.444745312500001,Mario Vazquez,Everytime I...,r&b/soul,3.393359375000001,Lauryn Hill,Interlude 5,r&b/soul,3.3596000000000004,Unsung Zeros,Intermission,punk,0.7585475465480114,Manafest,Runaway,hip hop,0.7186512271556121,Alice Peacock,Here I Go Again,folk,0.7048628584472365,Unsung Zeros,Intermission,punk,0.7678579905899893,Manafest,Runaway,hip hop,0.7288463950344173,Alice Peacock,Here I Go Again,folk,0.7147333221352921,Lauryn Hill,Interlude 5,r&b/soul,179.30833741110933,Beastie Boys,B-Boy Bouillabaisse: A.W.O.L. (2009 Digital Remaster),hip hop,155.148111399458,Savatage,The Hourglass,metal,149.93279645940535,Jazzamor,fly,electronic,107.43955725605775,Will.I.Am,The Traveling Song,pop,88.78218005740247,Kurt Elling,Resolution,jazz,88.34823158962911,Jazzamor,fly,electronic,0.29930226932792964,Percy Sledge,My Special Prayer,r&b/soul,0.2745411389490058,Newcleus,Why,electronic,0.2561932697739878,Jazzamor,fly,electronic,0.34559192253602034,Percy Sledge,My Special Prayer,r&b/soul,0.31082275711930335,Newcleus,Why,electronic,0.30364994125848593
TRHTOYT128F429FEF4,SOVZHIK12A8C1349BD,ARNNM56119B86686EA,Luke Bryan,Pray About Everything,country,Mindless Self Indulgence,Never Wanted to Dance,punk,2125.0,Lauryn Hill,Interlude 5,r&b/soul,2120.0,R. Kelly,I Mean (I Don't Mean It),r&b/soul,1998.0,Mindless Self Indulgence,Never Wanted to Dance,punk,2.532581250000001,R. Kelly,I Mean (I Don't Mean It),r&b/soul,2.3144937499999982,Lauryn Hill,Interlude 5,r&b/soul,2.217600000000001,Diamond Rio,One More Day,country,0.6172788263769347,Savoy Brown,Stay While The Night Is Young,blues,0.5532239337557786,Chicago,Life It What It Is (Remastered LP Version),pop,0.5245035346466186,Diamond Rio,One More Day,country,0.6298372370782167,Savoy Brown,Stay While The Night Is Young,blues,0.5729797706813592,Chicago,Life It What It Is (Remastered LP Version),pop,0.5480171904245404,Savatage,The Hourglass,metal,200.02618790897353,Alicia Keys,Tell You Something (Nana's Reprise),r&b/soul,170.85215452089477,Nelly,Splurge,hip hop,167.5267428168558,Billy Ray Cyrus,Crazy 'Bout You Baby,country,132.40106540917787,Curtis Mayfield,Don't Worry (ReMastered),r&b/soul,131.4739181026244,Will.I.Am,Fantastic,hip hop,128.96636889759472,Curtis Mayfield,Don't Worry (ReMastered),r&b/soul,0.3190077821667441,Carolyn Dawn Johnson,One Day Closer to You,country,0.29688913550243856,RJD2,Work It Out,electronic,0.28464609592650536,Curtis Mayfield,Don't Worry (ReMastered),r&b/soul,0.3493913366133375,Carolyn Dawn Johnson,One Day Closer to You,country,0.3368733379676445,Billy Ray Cyrus,Crazy 'Bout You Baby,country,0.31804438422789333
TRCFFVR128F145D6DF,SOYPMDY12A6D4F77DE,AR95IYB1187FB3FE0B,Keith Urban,Your Everything,country,Lauryn Hill,Interlude 5,r&b/soul,6064.0,Beastie Boys,B-Boy Bouillabaisse: A.W.O.L. (2009 Digital Remaster),hip hop,4590.0,Twista,I'm A Winner (Amended Album Version),hip hop,4571.0,Lauryn Hill,Interlude 5,r&b/soul,7.023400000000002,Twista,I'm A Winner (Amended Album Version),hip hop,5.349993750000001,Beastie Boys,B-Boy Bouillabaisse: A.W.O.L. (2009 Digital Remaster),hip hop,5.272028125000002,The Dells,It's All Up To You,r&b/soul,0.7611259490383985,Amici Forever,Whisper of Angels,classical,0.6982091345446261,Momus,Closer To You,electronic,0.6941897679290906,The Dells,It's All Up To You,r&b/soul,0.7678901566477074,Momus,Closer To You,electronic,0.7059135987895176,Amici Forever,Whisper of Angels,classical,0.7057303429263277,Lauryn Hill,Interlude 5,r&b/soul,191.1397482177889,Beastie Boys,B-Boy Bouillabaisse: A.W.O.L. (2009 Digital Remaster),hip hop,181.75734056733904,Savatage,The Hourglass,metal,181.602205914536,MIMS,Move (If You Wanna),hip hop,100.56766280116865,Savatage,The Hourglass,metal,100.53725202455735,Michael Jackson,Man In The Mirror,pop,97.9239041748816,Paul Potts,La Prima Volta (First Time Ever I Saw Your Face),classical,0.32519955367752357,Maximilian Hecker,Snow,classical,0.2731926380985296,HorrorPops,Trapped,punk,0.2537109493490011,Paul Potts,La Prima Volta (First Time Ever I Saw Your Face),classical,0.3624453522949436,Maximilian Hecker,Snow,classical,0.30476868092721277,HorrorPops,Trapped,punk,0.2970113931282653
TRQSGEL128F4242DFC,SOAXCEO12CF5F873BF,ARHATLI1187FB52C76,Toby Keith,A Little Too Late,country,Lauryn Hill,Interlude 5,r&b/soul,2668.0,Michael Jackson,Man In The Mirror,pop,1994.0,Rufio,Over It (Acoustic),punk,1876.0,Lauryn Hill,Interlude 5,r&b/soul,2.8221000000000003,Rufio,Over It (Acoustic),punk,2.1711296874999952,Michael Jackson,Man In The Mirror,pop,2.0527718749999995,Smokie,Little Lucy,rock,0.5026902029454312,Zeromancer,My Little Tragedy,electronic,0.4672659098562705,Little Walter,Too Late,blues,0.4190112817670731,Smokie,Little Lucy,rock,0.5202315706346798,Zeromancer,My Little Tragedy,electronic,0.4830425829033105,Little Walter,Too Late,blues,0.4334356373459171,Eminem,8 Mile,hip hop,220.52370643940537,Lauryn Hill,Interlude 5,r&b/soul,209.90836873216514,Beastie Boys,B-Boy Bouillabaisse: A.W.O.L. (2009 Digital Remaster),hip hop,209.50425835087,Little Walter,Too Late,blues,125.89934085433977,Sophie Milman,Undun,jazz,117.32240443900825,Keri Noble,Piece Of My Heart,jazz,116.04346111831539,Little Walter,Too Late,blues,0.37669151790154226,The Quireboys,Misled,rock,0.2856631879557932,SOJA,Here I Am,reggae,0.2752042957000614,Little Walter,Too Late,blues,0.398312103602652,The Quireboys,Misled,rock,0.3336761038888032,SOJA,Here I Am,reggae,0.32397848979837846
TRAIMRN128E0791E72,SOAOYPN12CF52D3231,ARHATLI1187FB52C76,Toby Keith,Who's Your Daddy?,country,Lauryn Hill,Interlude 5,r&b/soul,3735.0,Twista,I'm A Winner (Amended Album Version),hip hop,3243.0,Eminem,My Darling,hip hop,3238.0,Lauryn Hill,Interlude 5,r&b/soul,4.19725,Marques Houston,Cancel (Album Version),r&b/soul,3.7607734375000006,Eminem,My Darling,hip hop,3.7588984375,Aretha Franklin,Who's Zoomin' Who?,r&b/soul,0.6469346127396277,Marques Houston,Cancel (Album Version),r&b/soul,0.6217219044172905,Dar Williams,Your Fire Your Soul,folk,0.6042823128761627,Aretha Franklin,Who's Zoomin' Who?,r&b/soul,0.654082332274138,Marques Houston,Cancel (Album Version),r&b/soul,0.6313135852066396,Dar Williams,Your Fire Your Soul,folk,0.6166592570147155,Eminem,8 Mile,hip hop,197.09691477411837,Beastie Boys,B-Boy Bouillabaisse: A.W.O.L. (2009 Digital Remaster),hip hop,185.51757217305095,Lauryn Hill,Interlude 5,r&b/soul,183.7186728709439,Keri Noble,Piece Of My Heart,jazz,136.09276056770287,Rehab,Chest Pain,hip hop,110.31857447068829,Chuck Jackson,(You Can't Let The Boy Overpower) The Man In You,r&b/soul,100.45530961081829,Chuck Jackson,(You Can't Let The Boy Overpower) The Man In You,r&b/soul,0.2825442576693249,T-Bone Walker,Evening,blues,0.2777656038392362,Keri Noble,Piece Of My Heart,jazz,0.2621746198750019,Chuck Jackson,(You Can't Let The Boy Overpower) The Man In You,r&b/soul,0.33093231732135686,Keri Noble,Piece Of My Heart,jazz,0.3225624010827809,Rehab,Chest Pain,hip hop,0.3105961856283265
TRRSVGD128F4242DDC,SORPIQY12A8C13632E,ARHATLI1187FB52C76,Toby Keith,A Woman's Touch,country,Lauryn Hill,Interlude 5,r&b/soul,1783.0,Beastie Boys,B-Boy Bouillabaisse: A.W.O.L. (2009 Digital Remaster),hip hop,1706.0,Michael Jackson,Man In The Mirror,pop,1346.0,Lauryn Hill,Interlude 5,r&b/soul,1.840049999999999,Beastie Boys,B-Boy Bouillabaisse: A.W.O.L. (2009 Digital Remaster),hip hop,1.8074390625,Eminem,8 Mile,hip hop,1.3634359374999994,Moxy Fruvous,The Greatest Man In America,folk,0.5065414082447282,MC Paul Barman,Anarchist Bookstore part 1,hip hop,0.4938226425855925,Billy Gilman,Oklahoma,country,0.493261298617492,Moxy Fruvous,The Greatest Man In America,folk,0.5358087570140317,MC Paul Barman,Anarchist Bookstore part 1,hip hop,0.5290166856468272,Billy Gilman,Oklahoma,country,0.5256962327859174,Lauryn Hill,Interlude 5,r&b/soul,271.9284434837046,The Isley Brothers,Touch Me,blues,227.9196722042728,Beastie Boys,B-Boy Bouillabaisse: A.W.O.L. (2009 Digital Remaster),hip hop,215.43269325127872,The Isley Brothers,Touch Me,blues,146.69778045569683,Lauryn Hill,Interlude 5,r&b/soul,127.61326150440664,The Isley Brothers,Contagious,r&b/soul,124.20951683831854,Gentleman,Empress,reggae,0.28884312897834846,Nine Inch Nails,The Great Collapse,electronic,0.28444412099016164,Etta James,W.O.M.A.N.,blues,0.2837642298627719,Gentleman,Empress,reggae,0.3442534233266889,Amy Winehouse,I Heard Love Is Blind,jazz,0.3327259719333493,The Specials,Stupid Marriage,reggae,0.32626749755594614
TRTXHKL128F4242DD9,SOROSTR12A8C136324,ARHATLI1187FB52C76,Toby Keith,Big Ol' Truck,country,Beastie Boys,B-Boy Bouillabaisse: A.W.O.L. (2009 Digital Remaster),hip hop,3201.0,Lauryn Hill,Interlude 5,r&b/soul,3016.0,Michael Jackson,Man In The Mirror,pop,2922.0,Beastie Boys,B-Boy Bouillabaisse: A.W.O.L. (2009 Digital Remaster),hip hop,3.5588593749999995,Lauryn Hill,Interlude 5,r&b/soul,3.240999999999999,Twiztid,She Ain't Afraid,hip hop,3.222015624999999,Mark Wills,She's In Love,country,0.6832871857418233,Ben Kweller,Magic,rock,0.6377126508230688,Ben E. King,Spanish Harlem (LP Version),r&b/soul,0.6163465380041698,Mark Wills,She's In Love,country,0.6945434263916861,Ben Kweller,Magic,rock,0.6454462161065362,Ben E. King,Spanish Harlem (LP Version),r&b/soul,0.6299119776016854,Beastie Boys,B-Boy Bouillabaisse: A.W.O.L. (2009 Digital Remaster),hip hop,270.03057198366946,Eminem,8 Mile,hip hop,220.71546255572315,Twiztid,She Ain't Afraid,hip hop,215.27675112150294,Twiztid,She Ain't Afraid,hip hop,128.8267151606307,Beastie Boys,B-Boy Bouillabaisse: A.W.O.L. (2009 Digital Remaster),hip hop,127.75627382311757,Less Than Jake,She's Gonna Break Soon (Radio Edit) (w/o Horns),reggae,122.61760776990253,Joe Bonamassa,One of these Days,blues,0.26562545823705974,Lil' Chris,Figure It Out,punk,0.2548549551691631,Bo Diddley,Diddy Wah Diddy,blues,0.25154640496004343,Joe Bonamassa,One of these Days,blues,0.30238934623168157,Big Bill Broonzy,Big Bill Blues,blues,0.2967748160654729,Little Anthony & The Imperials,Shimmy_ Shimmy_ Ko-Ko-Bop (Single Version),latin,0.29501401657292875
TRADETN128F148CF19,SOEKKYB12A6D4F81D4,ARHATLI1187FB52C76,Toby Keith,Blue Bedroom,country,Lauryn Hill,Interlude 5,r&b/soul,4244.0,Twista,I'm A Winner (Amended Album Version),hip hop,3642.0,Eminem,My Darling,hip hop,3111.0,Lauryn Hill,Interlude 5,r&b/soul,4.9278,Twista,I'm A Winner (Amended Album Version),hip hop,4.305987499999999,Eminem,My Darling,hip hop,3.65786875,Ayo,Only You,r&b/soul,0.8025507284868407,7L & Esoteric,Boxcutter Rap,hip hop,0.7692676771309689,Stuck Mojo,Suburban Ranger,rock,0.7642991974896552,Ayo,Only You,r&b/soul,0.8089345253908576,7L & Esoteric,Boxcutter Rap,hip hop,0.7786658191366166,Stuck Mojo,Suburban Ranger,rock,0.7744312988988016,Jodeci,My Phone,jazz,162.15298295625837,Beastie Boys,B-Boy Bouillabaisse: A.W.O.L. (2009 Digital Remaster),hip hop,138.4110984710017,Lauryn Hill,Interlude 5,r&b/soul,131.61542289966002,Jodeci,My Phone,jazz,127.09264728137254,Jon Secada,Where Do I Go From You,pop,89.28332096910881,Katie Melua,Blue Shoes,jazz,87.27891607837265,Nina Simone,After You've Gone (live),jazz,0.2929847659759278,Roy Orbison,California Blue,rock,0.28433399343021354,Jodeci,My Phone,jazz,0.2840622630710153,Nina Simone,After You've Gone (live),jazz,0.3366891751787662,Jodeci,My Phone,jazz,0.3359693551510553,Roy Orbison,California Blue,rock,0.3256012367449335
TRKKXKG128E0791E74,SOJRPQW12B0B808689,ARHATLI1187FB52C76,Toby Keith,It's All Good,country,Lauryn Hill,Interlude 5,r&b/soul,3697.0,Beastie Boys,B-Boy Bouillabaisse: A.W.O.L. (2009 Digital Remaster),hip hop,3044.0,Vanilla Ice,Ice Is Workin' It,hip hop,2401.0,Lauryn Hill,Interlude 5,r&b/soul,4.071549999999998,Beastie Boys,B-Boy Bouillabaisse: A.W.O.L. (2009 Digital Remaster),hip hop,3.3452984375,Vanilla Ice,Ice Is Workin' It,hip hop,2.7413375,Above The Law,Flow On (Move Me No Mountain),hip hop,0.703016783831345,Set Your Goals,our ethos: a legacy to pass on,metal,0.671866616711286,Mack 10,LBC And The ING (Explicit),hip hop,0.6635790160291588,Above The Law,Flow On (Move Me No Mountain),hip hop,0.7257120292164673,Set Your Goals,our ethos: a legacy to pass on,metal,0.6950123233311677,Mack 10,LBC And The ING (Explicit),hip hop,0.6884230592779957,Lauryn Hill,Interlude 5,r&b/soul,283.51551214684383,Beastie Boys,B-Boy Bouillabaisse: A.W.O.L. (2009 Digital Remaster),hip hop,244.56339108431715,Atmosphere,Hair,hip hop,222.5047174849897,Ledisi,Alright,r&b/soul,142.6212427600874,Jodeci,It's Alright,jazz,138.8280302624319,Will.I.Am,She's A Star,hip hop,133.09909274297144,Ledisi,Alright,r&b/soul,0.30225321055854076,Yellowcard,Believe,punk,0.26842658923153406,The Derek Trucks Band,Revolution,blues,0.2615009955781111,Ledisi,Alright,r&b/soul,0.35845297311222957,Yellowcard,Believe,punk,0.33352088838109534,Will.I.Am,She's A Star,hip hop,0.3290288777106587
TRSSUAV128F148D60F,SOLBJPX12A6D4F901D,ARHATLI1187FB52C76,Toby Keith,Sweet,country,Lauryn Hill,Interlude 5,r&b/soul,6004.0,Beastie Boys,B-Boy Bouillabaisse: A.W.O.L. (2009 Digital Remaster),hip hop,5723.0,Twista,I'm A Winner (Amended Album Version),hip hop,5029.0,Lauryn Hill,Interlude 5,r&b/soul,6.796600000000001,Beastie Boys,B-Boy Bouillabaisse: A.W.O.L. (2009 Digital Remaster),hip hop,6.561331249999999,Twista,I'm A Winner (Amended Album Version),hip hop,5.823287499999999,Common,Book Of Life,hip hop,0.8528984320076194,Remy Ma,I'm,hip hop,0.8423214063757677,OutKast,Claimin' True,hip hop,0.8415004276059809,Common,Book Of Life,hip hop,0.8594451990301829,OutKast,Claimin' True,hip hop,0.8508988415463777,Remy Ma,I'm,hip hop,0.8492301658859397,Lauryn Hill,Interlude 5,r&b/soul,331.8943830419391,Twista,Overdose (Album Version),hip hop,318.1728257628172,Beastie Boys,B-Boy Bouillabaisse: A.W.O.L. (2009 Digital Remaster),hip hop,308.25828841971764,Mobb Deep,Live Foul,hip hop,164.09404775297688,The Game,Black Opera,classical,157.85927390083833,Twista,Overdose (Album Version),hip hop,154.71801316765902,Mobb Deep,Live Foul,hip hop,0.2645514462342744,Beastie Boys,Futterman's Rule (2009 Digital Remaster),r&b/soul,0.2585090718559413,Bone Thugs-N-Harmony,9mm,hip hop,0.258051772269142,Mobb Deep,Live Foul,hip hop,0.36604145314193115,Bone Thugs-N-Harmony,9mm,hip hop,0.36498724299069024,Mack 10,LBC And The ING (Explicit),hip hop,0.3578946205188215
TRFROET128F148CF1F,SOPBTRI12A6D4F81DA,ARHATLI1187FB52C76,Toby Keith,You Shouldn't Kiss Me Like This,country,Lauryn Hill,Interlude 5,r&b/soul,5745.0,Twista,I'm A Winner (Amended Album Version),hip hop,4144.0,Beastie Boys,B-Boy Bouillabaisse: A.W.O.L. (2009 Digital Remaster),hip hop,3735.0,Lauryn Hill,Interlude 5,r&b/soul,6.622349999999999,Twista,I'm A Winner (Amended Album Version),hip hop,4.814740625,Beastie Boys,B-Boy Bouillabaisse: A.W.O.L. (2009 Digital Remaster),hip hop,4.201354687499999,Lauryn Hill,Interlude 5,r&b/soul,0.7189756077845476,Kenickie,I Never Complain,punk,0.715922434078633,Natasha Bedingfield,Stumble,pop,0.7124575910656297,Lauryn Hill,Interlude 5,r&b/soul,0.7350399228983442,Kenickie,I Never Complain,punk,0.7278782236379071,Souls Of Mischief,One,hip hop,0.7255718294255774,Lauryn Hill,Interlude 5,r&b/soul,224.13625094732618,Beastie Boys,B-Boy Bouillabaisse: A.W.O.L. (2009 Digital Remaster),hip hop,222.87758720789043,Momus,Closer To You,electronic,198.34619474513335,Paris Hilton,Not Leaving Without You (Album Version),pop,146.81644730264722,R. Kelly,Kickin' It With Your Girlfriend,r&b/soul,128.8882774994059,Louise,One Kiss From Heaven,r&b/soul,122.57786270645715,Paris Hilton,Not Leaving Without You (Album Version),pop,0.29038548740824505,New Found Glory,Kiss Me,punk,0.28705180557757115,Louise,One Kiss From Heaven,r&b/soul,0.284888003914246,Louise,One Kiss From Heaven,r&b/soul,0.3451489610124344,Paris Hilton,Not Leaving Without You (Album Version),pop,0.3437310619937783,OutKast,The Way You Move,hip hop,0.34206794099962895
TRFHVTT12903CF7CD9,SOBAAFP12D02198DCD,ARFR3E51187B9A0A85,Sara Evans,A Real Fine Place To Start,country,Lauryn Hill,Interlude 5,r&b/soul,3085.0,Twista,I'm A Winner (Amended Album Version),hip hop,2497.0,Michael Jackson,Man In The Mirror,pop,2206.0,Lauryn Hill,Interlude 5,r&b/soul,3.414649999999999,Twista,I'm A Winner (Amended Album Version),hip hop,2.832650000000001,Erykah Badu,I Want You,r&b/soul,2.44145,Natalie Cole,I'm Catching Hell (Living Here Alone) (Digitally Remastered 02),jazz,0.5974637708639173,Black Sabbath,Sweet Leaf,metal,0.5966517870801816,Digital Underground,Sex Packets (LP Version),hip hop,0.5928117920857654,Natalie Cole,I'm Catching Hell (Living Here Alone) (Digitally Remastered 02),jazz,0.624425897727655,Digital Underground,Sex Packets (LP Version),hip hop,0.6149362439930187,Black Sabbath,Sweet Leaf,metal,0.6137182963203741,Michael Jackson,Man In The Mirror,pop,232.46666817765532,Lauryn Hill,Interlude 5,r&b/soul,211.20113668370712,DMX,Keep Your Shit The Hardest,hip hop,179.6083402427474,Michael Jackson,Man In The Mirror,pop,161.1935546153813,Danity Kane,Hold Me Down (Album Version),r&b/soul,113.09433535886019,Shai,Waiting For The Day,r&b/soul,111.14382397539946,Duran Duran,Electric Barbarella (Radio Edit),electronic,0.27464201671260385,Little Walter,You're So Fine,blues,0.2702453279509033,Shai,Waiting For The Day,r&b/soul,0.25668074440858707,Shai,Waiting For The Day,r&b/soul,0.3216580999148367,Duran Duran,Electric Barbarella (Radio Edit),electronic,0.32074741980256594,Little Walter,You're So Fine,blues,0.31411174559331523
TRXZNNF12903CA6F9B,SOWEIIN12AB018066C,ARO4WQR1187B9B9825,Kenny Rogers,Endless love,country,Lauryn Hill,Interlude 5,r&b/soul,4698.0,Twista,I'm A Winner (Amended Album Version),hip hop,3862.0,Beastie Boys,B-Boy Bouillabaisse: A.W.O.L. (2009 Digital Remaster),hip hop,3466.0,Lauryn Hill,Interlude 5,r&b/soul,5.504499999999998,Twista,I'm A Winner (Amended Album Version),hip hop,4.587,Erykah Badu,I Want You,r&b/soul,4.104750000000004,Hello Saferide,Get Sick Soon,folk,0.8252726382151901,Next,I Still Love You,r&b/soul,0.8240806273792668,Babyface,Seven Seas,r&b/soul,0.8146744329988959,Hello Saferide,Get Sick Soon,folk,0.8306055308925484,Next,I Still Love You,r&b/soul,0.8292650210010611,Babyface,Seven Seas,r&b/soul,0.8197302991983271,Lauryn Hill,Interlude 5,r&b/soul,141.4266058889233,Aceyalone,Mic Check,hip hop,128.9184395943236,Eminem,My Darling,hip hop,118.24072949881402,Next,I Still Love You,r&b/soul,90.36649947622104,Hayley Westenra,My Heart Belongs To You,classical,87.67224920739594,Dru Hill,Share My World,r&b/soul,85.70307819478012,Hayley Westenra,My Heart Belongs To You,classical,0.32753342048518597,Dottie West,Forever Yours,country,0.3263793912179017,Dru Hill,Share My World,r&b/soul,0.3191941186226699,Hayley Westenra,My Heart Belongs To You,classical,0.3785731793774883,Dru Hill,Share My World,r&b/soul,0.3705771207737816,Next,I Still Love You,r&b/soul,0.3678337178062303
TRTSAUB128E07859FC,SOGBBSX12A6701E426,ARV9LSS1187B98C471,Blake Shelton,Love Gets In The Way (Album Version),country,Lauryn Hill,Interlude 5,r&b/soul,3847.0,Beastie Boys,B-Boy Bouillabaisse: A.W.O.L. (2009 Digital Remaster),hip hop,3846.0,Twista,I'm A Winner (Amended Album Version),hip hop,3807.0,Twista,I'm A Winner (Amended Album Version),hip hop,4.401006249999998,Beastie Boys,B-Boy Bouillabaisse: A.W.O.L. (2009 Digital Remaster),hip hop,4.349721874999998,Lauryn Hill,Interlude 5,r&b/soul,4.2613499999999975,Fairground Attraction,Whispers,pop,0.7249203320796271,The Supremes,Stranger In Paradise,r&b/soul,0.7106971724492585,Nguru,The Way It Is,reggae,0.7051937753777979,Fairground Attraction,Whispers,pop,0.7393595774642931,The Supremes,Stranger In Paradise,r&b/soul,0.7212734865577317,Nguru,The Way It Is,reggae,0.7208883275875546,Beastie Boys,B-Boy Bouillabaisse: A.W.O.L. (2009 Digital Remaster),hip hop,242.0702797833353,Eminem,8 Mile,hip hop,207.94369878184511,Petey Pablo,Fool For Love,hip hop,204.9633929620987,Usher,Roni,r&b/soul,129.503307118666,The Pharcyde,Passin' Me By,hip hop,125.50789887143651,Jeru The Damaja,Me Or The Papes,hip hop,123.35537865193461,Bo Diddley,Diddy Wah Diddy,blues,0.32680850507742004,Blink-182,TV,punk,0.25837345771792436,Wade Hayes,I'm Still Dancin' With You,country,0.24764435265168108,Bo Diddley,Diddy Wah Diddy,blues,0.36873062575052656,The Pharcyde,Passin' Me By,hip hop,0.3236772196822073,Blink-182,TV,punk,0.31346155436996254
TRFMGIO128F42591F0,SOBCKDM12D021B3D99,ARK4ZEK1187B990A4F,George Strait,I'd Like To Have That One Back,country,Lauryn Hill,Interlude 5,r&b/soul,3479.0,Beastie Boys,B-Boy Bouillabaisse: A.W.O.L. (2009 Digital Remaster),hip hop,3393.0,Eminem,8 Mile,hip hop,3098.0,Lauryn Hill,Interlude 5,r&b/soul,3.851950000000001,Beastie Boys,B-Boy Bouillabaisse: A.W.O.L. (2009 Digital Remaster),hip hop,3.825787499999999,Eminem,8 Mile,hip hop,3.558962499999999,Unsung Zeros,Intermission,punk,0.7206050145585948,The Jeff Healey Band,My Little Girl,blues,0.7053896461729872,Con Funk Shun,Electric Lady,r&b/soul,0.702272956019447,Unsung Zeros,Intermission,punk,0.7329268484732367,The Jeff Healey Band,My Little Girl,blues,0.7178060087572243,Con Funk Shun,Electric Lady,r&b/soul,0.7172697428045745,Beastie Boys,B-Boy Bouillabaisse: A.W.O.L. (2009 Digital Remaster),hip hop,273.47033704203983,Lauryn Hill,Interlude 5,r&b/soul,264.198805962947,Snoop Dogg,Snoopafella (Edited),hip hop,223.33210220427057,Petey Pablo,Fool For Love,hip hop,133.4456331217393,Javier,Slow Motion,r&b/soul,127.24007788524115,Snoop Dogg,Snoopafella (Edited),hip hop,127.08686979394213,Jesse Johnson,I Want My Girl,r&b/soul,0.33322088940505173,Willie Nelson,I Feel Sorry For Him,country,0.30950214853109725,Emanon,She Thinks,hip hop,0.3037947979813106,Jesse Johnson,I Want My Girl,r&b/soul,0.3845358278501144,Emanon,She Thinks,hip hop,0.36306026904273486,Willie Nelson,I Feel Sorry For Him,country,0.3521012555484309
TRDYUVI128E078F725,SOEJDOV12D021B3BD5,ARK4ZEK1187B990A4F,George Strait,Marina Del Rey,country,Lauryn Hill,Interlude 5,r&b/soul,2010.0,Beastie Boys,B-Boy Bouillabaisse: A.W.O.L. (2009 Digital Remaster),hip hop,1690.0,The Pharcyde,Otha Fish,hip hop,1438.0,Lauryn Hill,Interlude 5,r&b/soul,2.202000000000001,Beastie Boys,B-Boy Bouillabaisse: A.W.O.L. (2009 Digital Remaster),hip hop,1.8528359375000008,The Pharcyde,Otha Fish,hip hop,1.6361328125000014,Strung Out,Dead Spaces,metal,0.5804213294158034,Cyndi Lauper,Sally's Pigeons,pop,0.5751007267239463,Ben E. King,Spanish Harlem (LP Version),r&b/soul,0.5399669961494016,Strung Out,Dead Spaces,metal,0.6004376258723121,Cyndi Lauper,Sally's Pigeons,pop,0.5948603239449886,Bruce Springsteen,Brothers Under The Bridges ('83),rock,0.5608716071395795,Beastie Boys,B-Boy Bouillabaisse: A.W.O.L. (2009 Digital Remaster),hip hop,162.06996233809582,OutKast,Mainstream,hip hop,128.22367338790067,Snoop Dogg,Snoopafella (Edited),hip hop,128.20011467242497,Mariah Carey,Joy Ride,r&b/soul,90.59330615043613,Mark Wills,She's In Love,country,84.85503669609496,Rupert Hine,The Curious Kind,electronic,82.35561153070717,Gerry Rafferty,The Royal Mile,folk,0.24221936243872652,Mark Wills,She's In Love,country,0.24141653211118444,Gipsy Kings,El Mauro,latin,0.24121415344831174,Mark Wills,She's In Love,country,0.2912196698353615,Gerry Rafferty,The Royal Mile,folk,0.28862618672149526,Rupert Hine,The Curious Kind,electronic,0.2738274502384675
TRPNLLB128F14956A5,SOPBLAJ12D02193A82,ARK4ZEK1187B990A4F,George Strait,Milk Cow Blues,country,Lauryn Hill,Interlude 5,r&b/soul,4422.0,Twista,I'm A Winner (Amended Album Version),hip hop,3751.0,Beastie Boys,B-Boy Bouillabaisse: A.W.O.L. (2009 Digital Remaster),hip hop,3679.0,Lauryn Hill,Interlude 5,r&b/soul,5.035299999999999,Twista,I'm A Winner (Amended Album Version),hip hop,4.36708125,Beastie Boys,B-Boy Bouillabaisse: A.W.O.L. (2009 Digital Remaster),hip hop,4.187134375000002,Clawfinger,Revenge,metal,0.733907586397556,Barry White,Never Gonna Give You Up,r&b/soul,0.7335461186468138,Eminem,My Darling,hip hop,0.7274136259136356,Barry White,Never Gonna Give You Up,r&b/soul,0.746099403436712,Clawfinger,Revenge,metal,0.7443318892144923,Eminem,My Darling,hip hop,0.7417446849753278,Beastie Boys,B-Boy Bouillabaisse: A.W.O.L. (2009 Digital Remaster),hip hop,241.756364349005,Snoop Dogg,Snoopafella (Edited),hip hop,180.48558592876515,Lauryn Hill,Interlude 5,r&b/soul,176.87483763430555,Robben Ford,The Way You Treated Me (You're Gonna Be Sorry),blues,124.74859980280034,Mississippi Fred McDowell,Louise,blues,115.36739001908205,Memphis Minnie,Good Morning,blues,115.35285834623782,Memphis Minnie,Good Morning,blues,0.3689282686352621,Robben Ford,The Way You Treated Me (You're Gonna Be Sorry),blues,0.3590236220329223,The Animals,Worried Life Blues,blues,0.29275069954779465,Memphis Minnie,Good Morning,blues,0.41308964371942597,Robben Ford,The Way You Treated Me (You're Gonna Be Sorry),blues,0.4001408400561547,Wayne Hancock,Johnson City,country,0.3510189263781091
TRTDHSB128F422B90F,SOWKMZU12A81C2165A,ARKZ13R1187FB54FEE,Josh Turner,Another Try,country,Beastie Boys,B-Boy Bouillabaisse: A.W.O.L. (2009 Digital Remaster),hip hop,2793.0,Eminem,8 Mile,hip hop,2726.0,Lauryn Hill,Interlude 5,r&b/soul,2672.0,Beastie Boys,B-Boy Bouillabaisse: A.W.O.L. (2009 Digital Remaster),hip hop,3.1508015625000003,Eminem,8 Mile,hip hop,3.1505734374999985,Mario Vazquez,Everytime I...,r&b/soul,3.030546874999999,Elizabeth Cotten,When I'm Gone,blues,0.7232603556166367,Clint Black,Killin' Time,country,0.7203280609566889,David Ball,Blowin' Smoke,country,0.7074885181726189,Elizabeth Cotten,When I'm Gone,blues,0.7343941248470012,Clint Black,Killin' Time,country,0.73122425780468,Sage Francis,Keep Moving,hip hop,0.7209197688752255,Eminem,8 Mile,hip hop,169.53118908179437,Kanye West,Diamonds From Sierra Leone,hip hop,168.1625255707865,Savatage,The Hourglass,metal,162.85729642206678,Kanye West,Diamonds From Sierra Leone,hip hop,103.087268249989,Sammie,I Like It (Remix),hip hop,98.40331345065879,Teena Marie,Dear Lover,r&b/soul,97.4620962397646,Boyz II Men,Amazed,r&b/soul,0.31536181254037066,Kristin Chenoweth,Christmas Island,jazz,0.29322491589876615,Death In Vegas,Killing Smile,rock,0.29296636929481246,Boyz II Men,Amazed,r&b/soul,0.35466661573746494,Death In Vegas,Killing Smile,rock,0.3401891672329138,Sammie,I Like It (Remix),hip hop,0.33250477561598474
TREXZYC12903CA281A,SOLDPJZ12AB0186231,ARKZ13R1187FB54FEE,Josh Turner,As Fast As I Could,country,Lauryn Hill,Interlude 5,r&b/soul,4904.0,Beastie Boys,B-Boy Bouillabaisse: A.W.O.L. (2009 Digital Remaster),hip hop,4482.0,Twista,I'm A Winner (Amended Album Version),hip hop,4328.0,Lauryn Hill,Interlude 5,r&b/soul,5.582599999999998,Beastie Boys,B-Boy Bouillabaisse: A.W.O.L. (2009 Digital Remaster),hip hop,5.144721875000001,Twista,I'm A Winner (Amended Album Version),hip hop,5.0522562499999975,Common,Book Of Life,hip hop,0.7904553736750465,Aaron Carter,That's How I Beat Shaq,pop,0.7649359733051827,Mario Vazquez,Everytime I...,r&b/soul,0.7638827224623107,Common,Book Of Life,hip hop,0.7988579052116475,Aaron Carter,That's How I Beat Shaq,pop,0.7747084000132225,Mario Vazquez,Everytime I...,r&b/soul,0.767811373847845,Beastie Boys,B-Boy Bouillabaisse: A.W.O.L. (2009 Digital Remaster),hip hop,222.22047381216046,Lauryn Hill,Interlude 5,r&b/soul,218.58218908809616,Petey Pablo,Fool For Love,hip hop,181.89458022432444,Tom Petty,Square One (Album Version),rock,124.05867959646534,Kevon Edmonds,Never Love You,r&b/soul,107.27801578179773,Robert Palmer,Woke Up Laughing,folk,104.86975191716846,Tom Petty,Square One (Album Version),rock,0.3038277599712086,Alabama,Keepin' Up,country,0.24684819199592858,Kevon Edmonds,Never Love You,r&b/soul,0.24475199224870353,Tom Petty,Square One (Album Version),rock,0.3498307533899452,Kevon Edmonds,Never Love You,r&b/soul,0.3067185289236374,Alabama,Keepin' Up,country,0.29674009586989825
TRDXSGX128F425F173,SOTSNDR12A8AE47599,ARF8HTQ1187B9AE693,Daft Punk,One More Time / Aerodynamic,electronic,Lauryn Hill,Interlude 5,r&b/soul,886.0,Danity Kane,Hold Me Down (Album Version),r&b/soul,685.0,Beastie Boys,B-Boy Bouillabaisse: A.W.O.L. (2009 Digital Remaster),hip hop,588.0,Lauryn Hill,Interlude 5,r&b/soul,0.9649000000000002,Danity Kane,Hold Me Down (Album Version),r&b/soul,0.7901812499999997,Black Eyed Peas,One Tribe,hip hop,0.6445875,Fair Warning,Take Me Up,metal,0.5106393392788859,Daft Punk,One More Time (Romanthony's Unplugged),electronic,0.4897199584040779,Colbie Caillat,Midnight Bottle,pop,0.4775923085151242,Fair Warning,Take Me Up,metal,0.527447359312641,Daft Punk,One More Time (Romanthony's Unplugged),electronic,0.5057275636779099,Colbie Caillat,Midnight Bottle,pop,0.4960549176969501,Jodeci,It's Alright,jazz,102.99366696565036,Lauryn Hill,Interlude 5,r&b/soul,82.07794249333894,Paris Hilton,Not Leaving Without You (Album Version),pop,81.93603040468038,Jodeci,It's Alright,jazz,87.81332694506838,Paris Hilton,Not Leaving Without You (Album Version),pop,71.37492455672117,Justice,D.A.N.C.E [Jackson Remix],electronic,69.68917026534614,Desmond Dekker,Sweet Music,reggae,0.3777829896912035,SUPREME BEINGS OF LEISURE,So Much More,electronic,0.37008906696491156,Daft Punk,One More Time (Romanthony's Unplugged),electronic,0.3686081432146739,Desmond Dekker,Sweet Music,reggae,0.39088954992364155,Daft Punk,One More Time (Romanthony's Unplugged),electronic,0.38866395216861593,SUPREME BEINGS OF LEISURE,So Much More,electronic,0.38683850440850787
TREAQSX128E07818CA,SOAWSML12A6310F1B7,ARF8HTQ1187B9AE693,Daft Punk,One More Time (Romanthony's Unplugged),electronic,Lauryn Hill,Interlude 5,r&b/soul,3417.0,Twista,I'm A Winner (Amended Album Version),hip hop,2264.0,Ja Rule,One of Us,hip hop,2193.0,Lauryn Hill,Interlude 5,r&b/soul,3.852650000000001,Twista,I'm A Winner (Amended Album Version),hip hop,2.55643125,Ja Rule,One of Us,hip hop,2.488156250000001,Fractured,One More Time,electronic,0.685388137025228,Hot Tuna,Come Back Baby,blues,0.6728828098696779,Tanya Tucker,One Love At A Time,jazz,0.5739555978494518,Fractured,One More Time,electronic,0.6955450382677406,Hot Tuna,Come Back Baby,blues,0.6793139097191931,Tanya Tucker,One Love At A Time,jazz,0.5912492162203798,Lauryn Hill,Interlude 5,r&b/soul,225.38921869801536,Nelly,Splurge,hip hop,184.1092247447051,Beastie Boys,B-Boy Bouillabaisse: A.W.O.L. (2009 Digital Remaster),hip hop,173.39035528830019,Ashanti,Rock Wit U (Awww Baby),r&b/soul,133.4497304523025,Nelly,Splurge,hip hop,128.2123857883691,The Jacksons,The Hurt,pop,127.32764039311328,Daft Punk,One More Time / Aerodynamic,electronic,0.3686081432146739,K-Ci & JoJo,Baby Come Back,blues,0.3284239851761958,The Jacksons,The Hurt,pop,0.3259487180355389,Daft Punk,One More Time / Aerodynamic,electronic,0.38866395216861593,K-Ci & JoJo,Baby Come Back,blues,0.37399315445787573,The Jacksons,The Hurt,pop,0.36858595550829926
TRBVPVV128F425F14F,SOOHYOB12CF5F87A28,ARF8HTQ1187B9AE693,Daft Punk,Touch It / Technologic,electronic,Vanilla Ice,Ice Is Workin' It,hip hop,17762.0,Charley Patton,Shake It And Break It,blues,12393.0,Meat Loaf,If It Aint Broke Break It,rock,9883.0,Vanilla Ice,Ice Is Workin' It,hip hop,21.57066249999999,Charley Patton,Shake It And Break It,blues,15.10270625,Meat Loaf,If It Aint Broke Break It,rock,12.055079687500008,Devo,Whip It,pop,0.802248355615837,Robbie Williams,It's De-Lovely,jazz,0.8012193944770049,Blossom Dearie,It's Too Good To Talk About Now,jazz,0.7852561888559803,Devo,Whip It,pop,0.8060299799284004,Robbie Williams,It's De-Lovely,jazz,0.8050355745285214,Blossom Dearie,It's Too Good To Talk About Now,jazz,0.7886888273832221,Beastie Boys,B-Boy Bouillabaisse: A.W.O.L. (2009 Digital Remaster),hip hop,419.2662924857687,Lauryn Hill,Interlude 5,r&b/soul,384.727027065308,Twista,Overdose (Album Version),hip hop,349.17178127908187,Enrique Iglesias,She Be The One,latin,202.8345016602409,Juvenile,Around The Way [Explicit Album Version],hip hop,194.1653516920588,Obie Trice,Hoodrats,hip hop,193.47127386335225,Enrique Iglesias,She Be The One,latin,0.30281051460371755,MU330,Tune Me Out,reggae,0.27702372540659675,T.Rex,The Street And Babe Shadow,rock,0.27385475996422765,Enrique Iglesias,She Be The One,latin,0.36235956111543977,MU330,Tune Me Out,reggae,0.3210218623644605,Archive,Black,electronic,0.3177116366552024
TRBROFT128F92F8769,SOYPPAZ12A8C143CD6,ARORMBJ1241B9CDB1A,Ke$ha,Boots &  Boys,electronic,Lauryn Hill,Interlude 5,r&b/soul,7159.0,Beastie Boys,B-Boy Bouillabaisse: A.W.O.L. (2009 Digital Remaster),hip hop,5610.0,Twista,I'm A Winner (Amended Album Version),hip hop,5042.0,Lauryn Hill,Interlude 5,r&b/soul,8.226550000000001,Beastie Boys,B-Boy Bouillabaisse: A.W.O.L. (2009 Digital Remaster),hip hop,6.4085406250000005,Nelly,Splurge,hip hop,5.9341218749999936,Stephanie McIntosh,Overcome,pop,0.6719483285043908,Carpark North,I And You,rock,0.6600725475635817,Ty Herndon,Pray For Me,country,0.6520101000869718,Stephanie McIntosh,Overcome,pop,0.6839576875521296,Carpark North,I And You,rock,0.6698112711198629,Ty Herndon,Pray For Me,country,0.6666235837587444,Ella Fitzgerald,Manhattan,jazz,226.64172327181691,Mariah Carey,Joy Ride,r&b/soul,221.2328512896111,Kelis,Milkshake,r&b/soul,214.0203501254395,Mariah Carey,Joy Ride,r&b/soul,170.12646867809215,Ledisi,Joy,r&b/soul,169.97427900717918,Ella Fitzgerald,Manhattan,jazz,164.76855074605646,Cass McCombs,Jonesy Boy,folk,0.3269446386575564,Ledisi,Joy,r&b/soul,0.2912940001683174,Stoa,Infant Joy,classical,0.2706996601437705,Cass McCombs,Jonesy Boy,folk,0.3669654540961876,Ledisi,Joy,r&b/soul,0.32960424008934125,Stoa,Infant Joy,classical,0.2896684459466826
TRIIWCU128F92F876A,SOQVJWF12A58A801EF,ARORMBJ1241B9CDB1A,Ke$ha,Animal,electronic,Lauryn Hill,Interlude 5,r&b/soul,2855.0,Beastie Boys,B-Boy Bouillabaisse: A.W.O.L. (2009 Digital Remaster),hip hop,2445.0,Eminem,8 Mile,hip hop,2084.0,Lauryn Hill,Interlude 5,r&b/soul,3.1294500000000034,Beastie Boys,B-Boy Bouillabaisse: A.W.O.L. (2009 Digital Remaster),hip hop,2.6888734375000016,Eminem,8 Mile,hip hop,2.3277515625,Bird York,Lovely Thing,pop,0.6375834916155456,Wyclef Jean,Intro,reggae,0.5801707693236842,Tanya Tucker,Complicated,country,0.5798884517782947,Bird York,Lovely Thing,pop,0.654051801775045,KRS ONE,I'm On The Mic,reggae,0.5985801754588809,Tanya Tucker,Complicated,country,0.5968432700931395,Beastie Boys,B-Boy Bouillabaisse: A.W.O.L. (2009 Digital Remaster),hip hop,164.85763691592348,Lauryn Hill,Interlude 5,r&b/soul,157.3433598954799,Hollywood Undead,Undead,hip hop,145.43890701299367,Big Bad Voodoo Daddy,Sleep Tight,jazz,110.43966787986953,Bishop Allen,The Monitor,rock,103.04417292372064,Sugababes,Back When,pop,100.25690527069513,Modern English,A Viable Commercial,punk,0.36537918714213774,Big Bad Voodoo Daddy,Sleep Tight,jazz,0.353463162465711,Simon & Garfunkel,The 59th Street Bridge Song (Feelin' Groovy),folk,0.2723949866403348,Modern English,A Viable Commercial,punk,0.37610505027208124,Big Bad Voodoo Daddy,Sleep Tight,jazz,0.3731028592319,Bishop Allen,The Monitor,rock,0.3121596919713562
TRVDAHO128F92F231E,SOXUSKK12A8C144F94,AR0IVTL1187B9AD520,Katy Perry,Hot N Cold (Innerpartysystem Main),electronic,Lauryn Hill,Interlude 5,r&b/soul,12488.0,Twista,I'm A Winner (Amended Album Version),hip hop,10641.0,Eminem,My Darling,hip hop,8864.0,Lauryn Hill,Interlude 5,r&b/soul,14.6785,Twista,I'm A Winner (Amended Album Version),hip hop,12.692484375,Eminem,My Darling,hip hop,10.509835937500004,Sleeper,Delicious,pop,0.8796194992871633,Husker Du,You're A Soldier,rock,0.8460667496659409,Patricia Barber,You're The Top,jazz,0.8429231955348955,Sleeper,Delicious,pop,0.8817949394087483,Husker Du,You're A Soldier,rock,0.8488816012487144,Patricia Barber,You're The Top,jazz,0.8453425561130551,Lauryn Hill,Interlude 5,r&b/soul,287.0695941430784,Beastie Boys,B-Boy Bouillabaisse: A.W.O.L. (2009 Digital Remaster),hip hop,280.71315236994366,DJ Quik,Safe + Sound,hip hop,220.22149363264472,Lauryn Hill,Interlude 5,r&b/soul,137.10241983857736,Jamie Foxx,Warm Bed,r&b/soul,129.47114857763847,Beastie Boys,B-Boy Bouillabaisse: A.W.O.L. (2009 Digital Remaster),hip hop,127.85724058139066,Kevin Devine,It's Only Your Life,folk,0.29201709713026636,Swans,Time Is Money (Bastard),electronic,0.2880278624730164,Yeah Yeah Yeahs,Dudley,rock,0.2761897769533734,Kevin Devine,It's Only Your Life,folk,0.34875260674573394,Yeah Yeah Yeahs,Dudley,rock,0.3257636648131552,Swans,Time Is Money (Bastard),electronic,0.31214798423723494
TRUGOGT128F92F29E9,SONPGGS12AB0183AD2,AR0WLH6119B8669027,Owl City,Captains and Cruise Ships,electronic,Lauryn Hill,Interlude 5,r&b/soul,4515.0,Twista,I'm A Winner (Amended Album Version),hip hop,3927.0,Beastie Boys,B-Boy Bouillabaisse: A.W.O.L. (2009 Digital Remaster),hip hop,3868.0,Lauryn Hill,Interlude 5,r&b/soul,5.16075,Twista,I'm A Winner (Amended Album Version),hip hop,4.59309375,Beastie Boys,B-Boy Bouillabaisse: A.W.O.L. (2009 Digital Remaster),hip hop,4.431078125000002,Beastie Boys,B-Boy Bouillabaisse: A.W.O.L. (2009 Digital Remaster),hip hop,0.8014736013738424,MC Paul Barman,Excuse You,hip hop,0.7923761769762347,Kevin Devine,Fever Moon,folk,0.7891953159490298,Beastie Boys,B-Boy Bouillabaisse: A.W.O.L. (2009 Digital Remaster),hip hop,0.8141768003827177,MC Paul Barman,Excuse You,hip hop,0.8033942014035339,Kool Moe Dee,Bad Mutha,hip hop,0.8008511948149708,Beastie Boys,B-Boy Bouillabaisse: A.W.O.L. (2009 Digital Remaster),hip hop,220.34736165995284,The Streets,Weak Become Heroes,hip hop,210.42618874003713,Eminem,My Darling,hip hop,201.89358753638496,The Streets,Weak Become Heroes,hip hop,121.84970041813351,Tony Yayo,Dear Suzie,hip hop,100.58623243255686,The Kovenant,Spaceman,metal,95.46094801837691,Katie Melua,faraway voice,jazz,0.3276928843523947,The Kovenant,Spaceman,metal,0.25433714882641645,Minnie Driver,Mary,country,0.23385212472119568,Katie Melua,faraway voice,jazz,0.36878468574233725,The Kovenant,Spaceman,metal,0.33363585016433683,The Streets,Weak Become Heroes,hip hop,0.3245837135096515
TRNEITZ128F92F29EA,SOIFHDS12AB0183AD5,AR0WLH6119B8669027,Owl City,Designer Skyline,electronic,Lauryn Hill,Interlude 5,r&b/soul,1541.0,Beastie Boys,B-Boy Bouillabaisse: A.W.O.L. (2009 Digital Remaster),hip hop,1175.0,Eminem,My Darling,hip hop,842.0,Lauryn Hill,Interlude 5,r&b/soul,1.7859500000000004,Beastie Boys,B-Boy Bouillabaisse: A.W.O.L. (2009 Digital Remaster),hip hop,1.3514203125000004,Nelly,Splurge,hip hop,0.9676359375,General Surgery,Viva ! blunt force trauma,metal,0.785056851236366,Further Seems Forever,Snowbirds And Townies,punk,0.7583086763456927,Motörhead,Out of the sun,metal,0.747196110851849,General Surgery,Viva ! blunt force trauma,metal,0.7851486506977174,Further Seems Forever,Snowbirds And Townies,punk,0.7651734526569165,Motörhead,Out of the sun,metal,0.7534389410179979,Eminem,8 Mile,hip hop,101.93923517011756,Dar Williams,Mortal City,folk,84.94462022860576,Parliament,Mr. Wiggles,r&b/soul,75.01005503632568,Eminem,8 Mile,hip hop,58.36774334966386,Dar Williams,Mortal City,folk,54.86522526106847,Dilated Peoples,Expansion Team Theme,hip hop,51.27647359933433,Emiliana Torrini,Sunny Road,folk,0.2669421585478942,Incognito,Marrakech,jazz,0.24190733817731255,Burning Spear,Red Gold And Green,reggae,0.2400403210424615,Emiliana Torrini,Sunny Road,folk,0.3017384485953608,Incognito,Marrakech,jazz,0.2721113240411297,Billy Currington,Where The Girls Are,country,0.2671219865284117
TRMIHFS128F92F2A01,SOLCHRP12AC468D757,AR0WLH6119B8669027,Owl City,Early Birdie,electronic,Lauryn Hill,Interlude 5,r&b/soul,1648.0,Beastie Boys,B-Boy Bouillabaisse: A.W.O.L. (2009 Digital Remaster),hip hop,1532.0,Twista,I'm A Winner (Amended Album Version),hip hop,1283.0,Lauryn Hill,Interlude 5,r&b/soul,1.7679000000000011,Beastie Boys,B-Boy Bouillabaisse: A.W.O.L. (2009 Digital Remaster),hip hop,1.670723437500002,Twista,I'm A Winner (Amended Album Version),hip hop,1.4128531249999998,The Streets,The Irony Of It All (Album Version),electronic,0.5385817768846328,Lil Wyte,Ten Toes Tall,hip hop,0.5313540375936866,Blackstreet,How We Do,r&b/soul,0.5288951534172665,The Streets,The Irony Of It All (Album Version),electronic,0.5676366039949823,Lil Wyte,Ten Toes Tall,hip hop,0.562233593749491,Blackstreet,How We Do,r&b/soul,0.5587293207500901,Lauryn Hill,Interlude 5,r&b/soul,189.27527065447433,Beastie Boys,B-Boy Bouillabaisse: A.W.O.L. (2009 Digital Remaster),hip hop,146.43345196372712,Eminem,8 Mile,hip hop,146.2073787655247,Lauryn Hill,Interlude 5,r&b/soul,88.99018381110596,Atmosphere,Hair,hip hop,82.10436996113211,Haste The Day,Chorus Of Angels,metal,78.64486866057717,Curtis Stigers,Sleeping With The Lights On,pop,0.2275150972117507,Diana Krall,How Deep Is The Ocean (How High Is The Sky),jazz,0.22612226659901957,Hawk Nelson,From Underneath,rock,0.2247344238907567,Lauryn Hill,Adam Lives In Theory,r&b/soul,0.2869410362092644,Atmosphere,Hair,hip hop,0.28582116046010686,Gang Starr,2 Deep,hip hop,0.28172642792907304
TRDEVZQ128F931BAED,SOQLHST12AB0184A27,AR0WLH6119B8669027,Owl City,Meteor Shower,electronic,Lauryn Hill,Interlude 5,r&b/soul,1163.0,Beastie Boys,B-Boy Bouillabaisse: A.W.O.L. (2009 Digital Remaster),hip hop,1160.0,Erykah Badu,I Want You,r&b/soul,1140.0,Erykah Badu,I Want You,r&b/soul,1.382734375,Beastie Boys,B-Boy Bouillabaisse: A.W.O.L. (2009 Digital Remaster),hip hop,1.3538281249999984,Lauryn Hill,Interlude 5,r&b/soul,1.3387499999999983,K'Naan,Soobax,hip hop,0.7593739172246404,Ashley MacIsaac,I Don't Need This,electronic,0.7287674858818649,Sage Francis,Keep Moving,hip hop,0.7274486509287529,K'Naan,Soobax,hip hop,0.7650891375745664,Ashley MacIsaac,I Don't Need This,electronic,0.7358109493375435,Sage Francis,Keep Moving,hip hop,0.7335432208111056,Lauryn Hill,Interlude 5,r&b/soul,63.676632391920194,Eminem,8 Mile,hip hop,58.35438406543567,The Handful,Memorial Day,hip hop,49.21859284733896,The Handful,Memorial Day,hip hop,38.12154519578738,Ayo,Down On My Knees,r&b/soul,37.45691108776019,Spice Girls,Ain't No Stopping Us Now,r&b/soul,37.02715728361161,Jane Child,Don't Let It Get To You (Album Version),pop,0.32791548010765387,Atomic Rooster,Banstead,rock,0.31804458575632405,Kings Of Convenience,Summer On The West Hill,folk,0.2740252286966153,Jane Child,Don't Let It Get To You (Album Version),pop,0.35158056320713876,Atomic Rooster,Banstead,rock,0.3336213465557215,Kings Of Convenience,Summer On The West Hill,folk,0.29594397803324984
TRCXWLU128F92F2A0D,SOWHUXB12AB01816EE,AR0WLH6119B8669027,Owl City,This Is The Future,electronic,Lauryn Hill,Interlude 5,r&b/soul,1856.0,Eminem,My Darling,hip hop,1367.0,Pain of Salvation,Spitfall,metal,1234.0,Lauryn Hill,Interlude 5,r&b/soul,2.1544000000000008,Eminem,My Darling,hip hop,1.6073874999999995,Pain of Salvation,Spitfall,metal,1.46285,Unter Null,Disgrace (Unholy Remix),classical,0.6902772515996165,Pencey Prep,Fat And Alone,rock,0.6786236136764255,Pain of Salvation,Spitfall,metal,0.6645160295322142,Unter Null,Disgrace (Unholy Remix),classical,0.6985047749255158,Pencey Prep,Fat And Alone,rock,0.6852745463773746,Pain of Salvation,Spitfall,metal,0.6745163695357015,Lauryn Hill,Interlude 5,r&b/soul,113.24063127101992,Eminem,8 Mile,hip hop,89.97390478700254,Black Moon,Black Smif-n-Wessun (LP Version),hip hop,84.50544474868572,Black Moon,Black Smif-n-Wessun (LP Version),hip hop,66.05603256936604,Lauryn Hill,Interlude 5,r&b/soul,64.43021952489333,Hawk Nelson,Turn It On,rock,62.32412690958851,The Pietasters,Crime,reggae,0.2603631865777763,The Prodigy,Wake Up Call (Album Version),electronic,0.23964713409713823,MU330,Curse,reggae,0.2381092844784215,The Pietasters,Crime,reggae,0.28593320245129433,Symphorce,Tears,metal,0.26977733587255986,Enigma,Modern Crusaders.,electronic,0.26376791634394103
TRVJTNA128F934D19D,SOKTUGM12AB0184005,ARRBF3M1187FB4D59F,30 Seconds To Mars,Kings and Queens (Innerpartysystem Remix Main),electronic,Lauryn Hill,Interlude 5,r&b/soul,2013.0,Ja Rule,One of Us,hip hop,1452.0,Beastie Boys,B-Boy Bouillabaisse: A.W.O.L. (2009 Digital Remaster),hip hop,1150.0,Lauryn Hill,Interlude 5,r&b/soul,2.249449999999999,Ja Rule,One of Us,hip hop,1.6536875000000006,Ladyhawke,Crazy World,electronic,1.3471499999999994,Dead Kennedys,Goons of Hazzard,punk,0.6314949282611033,Zeigeist,Black Milk,electronic,0.6311563772142161,IMMORTAL,Tyrants,metal,0.6297434736907196,Dead Kennedys,Goons of Hazzard,punk,0.6419693117332821,Zeigeist,Black Milk,electronic,0.6414269805898185,IMMORTAL,Tyrants,metal,0.639052040676579,Kurt Elling,Resolution,jazz,159.31219842993636,Prince,I Love U In Me ( LP Version),r&b/soul,150.6865203606929,Beastie Boys,B-Boy Bouillabaisse: A.W.O.L. (2009 Digital Remaster),hip hop,139.67960090498997,Kurt Elling,Resolution,jazz,113.08982738039404,Jah Cure,Sticky,reggae,110.68911219670021,Prince,I Love U In Me ( LP Version),r&b/soul,96.8909557445681,J.J. Cale,Starbound,blues,0.30894244101309515,Tin Machine,Heaven's In Here (1999 Digital Remaster),blues,0.28263746489770714,Bob Marley & The Wailers,Africa Unite,reggae,0.25882315527582905,J.J. Cale,Starbound,blues,0.3318515510809983,Tin Machine,Heaven's In Here (1999 Digital Remaster),blues,0.30656894932007134,Bob Marley & The Wailers,Africa Unite,reggae,0.28749776808572775
TRRBLPE128F9311B20,SOMSZSA12AB0182E3A,ARVKJGO12086C15075,LMFAO,Bounce,electronic,Lauryn Hill,Interlude 5,r&b/soul,5836.0,Beastie Boys,B-Boy Bouillabaisse: A.W.O.L. (2009 Digital Remaster),hip hop,5283.0,Twista,I'm A Winner (Amended Album Version),hip hop,4858.0,Lauryn Hill,Interlude 5,r&b/soul,6.6188,Beastie Boys,B-Boy Bouillabaisse: A.W.O.L. (2009 Digital Remaster),hip hop,6.038259375000004,Twista,I'm A Winner (Amended Album Version),hip hop,5.630581249999999,OutKast,Claimin' True,hip hop,0.7861324977280792,Redman,Soopaman Luva 3,hip hop,0.7719323700847823,Warren G,We Brings Heat,hip hop,0.7713215963318205,OutKast,Claimin' True,hip hop,0.7984691070649035,Redman,Soopaman Luva 3,hip hop,0.7856642453075681,Warren G,We Brings Heat,hip hop,0.7856556202122472,2Pac,Strictly 4 My N.I.G.G.A.Z.,hip hop,419.32172184810275,DMX,Keep Your Shit The Hardest,hip hop,405.2345792813434,DJ Quik,Safe + Sound,hip hop,397.8907462317105,2Pac,Strictly 4 My N.I.G.G.A.Z.,hip hop,292.8737456481378,DMX,Keep Your Shit The Hardest,hip hop,281.65307676461725,Young Jeezy,Still On It,hip hop,276.9319717663862,2Pac,Strictly 4 My N.I.G.G.A.Z.,hip hop,0.36160318060314395,50 Cent,Rowdy Rowdy,hip hop,0.35271833116457074,Obie Trice,24's,hip hop,0.3521082260828587,2Pac,Strictly 4 My N.I.G.G.A.Z.,hip hop,0.4446721195367147,50 Cent,Rowdy Rowdy,hip hop,0.4275822731995316,Onyx,The Worst,hip hop,0.42413254536440753
TRWQYOY128F425BD4C,SOODXDV12A8AE4807F,AR5K3CW1187FB45B46,Crystal Castles,Vanished,electronic,Lauryn Hill,Interlude 5,r&b/soul,3888.0,Beastie Boys,B-Boy Bouillabaisse: A.W.O.L. (2009 Digital Remaster),hip hop,3138.0,Eminem,My Darling,hip hop,2836.0,Lauryn Hill,Interlude 5,r&b/soul,4.275800000000001,Beastie Boys,B-Boy Bouillabaisse: A.W.O.L. (2009 Digital Remaster),hip hop,3.433946875,Eminem,My Darling,hip hop,3.1874156249999994,Gin Blossoms,Cheatin',rock,0.626212234722069,The Jazz Butcher,She's On Drugs,rock,0.6200279075286185,Blanks77,We Don't Need You,punk,0.6191947739464809,Gin Blossoms,Cheatin',rock,0.6459466467702077,The Jazz Butcher,She's On Drugs,rock,0.6432865071081605,Faithless,The Man In You,electronic,0.641279012996349,Dar Williams,Mortal City,folk,223.13512896948035,Eminem,8 Mile,hip hop,207.10002379149225,Ying Yang Twins,1st Booty On Duty,hip hop,190.14652147223234,Dar Williams,Mortal City,folk,136.8695352233838,Beastie Boys,An Open Letter To NYC,hip hop,111.79508683323859,Scary Kids Scaring Kids,Holding On,metal,102.1348632351564,The Besnard Lakes,On Bedford and Grand,punk,0.29516227233160247,Exploited,Dead Cities,punk,0.2919240939508574,Total Chaos,Riot City,punk,0.27036548880273303,Exploited,Dead Cities,punk,0.32739206622353284,Kevin Max,Greensleeves,classical,0.3232749676203481,The Besnard Lakes,On Bedford and Grand,punk,0.317497626718447
TRLLRQA128F427C709,SOSKKKY12A8C13ED21,AR5K3CW1187FB45B46,Crystal Castles,Xxzxcuzx,electronic,Lauryn Hill,Interlude 5,r&b/soul,1470.0,Beastie Boys,B-Boy Bouillabaisse: A.W.O.L. (2009 Digital Remaster),hip hop,850.0,Twista,I'm A Winner (Amended Album Version),hip hop,775.0,Lauryn Hill,Interlude 5,r&b/soul,1.6719,Beastie Boys,B-Boy Bouillabaisse: A.W.O.L. (2009 Digital Remaster),hip hop,0.9240124999999996,Twista,I'm A Winner (Amended Album Version),hip hop,0.8605249999999997,Dead Kennedys,Kinky Sex Makes the World Go 'Round,punk,0.6109624207020957,Gang Starr,The Place We Dwell,hip hop,0.5894185888591078,Pink Martini,Tea For Two (Featuring Jimmy Scott),jazz,0.5860526591609095,Dead Kennedys,Kinky Sex Makes the World Go 'Round,punk,0.6341422287171887,Gang Starr,The Place We Dwell,hip hop,0.6127327547271881,Pink Martini,Tea For Two (Featuring Jimmy Scott),jazz,0.6055912252321028,Lauryn Hill,Interlude 5,r&b/soul,113.34502912159012,Clipse,Dirty Money,hip hop,103.05102964806272,Onyx,Face Down,hip hop,92.1418623972868,Clipse,Dirty Money,hip hop,74.07591687650724,Onyx,Face Down,hip hop,53.86529622201334,Lauryn Hill,Interlude 5,r&b/soul,53.09431679997019,Voodoo Glow Skulls,Left For Dead,reggae,0.2363443536481646,INXS,Love Is (What I Say),rock,0.2356777803713617,G4,You're The Voice,classical,0.2328622205763759,Voodoo Glow Skulls,Left For Dead,reggae,0.2821290124467563,G4,You're The Voice,classical,0.2706703968320984,INXS,Love Is (What I Say),rock,0.26677345279170933
TRDFWPG128F148D4DF,SOIWRAH12A6D4F66C0,ARBEOHF1187B9B044D,Madonna,Die Another Day [Live],electronic,Mario Vazquez,Everytime I...,r&b/soul,6749.0,Eminem,8 Mile,hip hop,6677.0,Beastie Boys,B-Boy Bouillabaisse: A.W.O.L. (2009 Digital Remaster),hip hop,6560.0,Mario Vazquez,Everytime I...,r&b/soul,8.235859374999986,Eminem,8 Mile,hip hop,7.932554687500001,Beastie Boys,B-Boy Bouillabaisse: A.W.O.L. (2009 Digital Remaster),hip hop,7.651820312500002,Bracket,Cynically Depressed,punk,0.7041875228920793,The Runaways,School Days,punk,0.6952795734270468,Floetry,I'll Die,r&b/soul,0.683757939818639,Bracket,Cynically Depressed,punk,0.7094642914514258,The Runaways,School Days,punk,0.7007093700486069,Floetry,I'll Die,r&b/soul,0.6895672809576248,Lauryn Hill,Interlude 5,r&b/soul,196.14971368321497,Beastie Boys,B-Boy Bouillabaisse: A.W.O.L. (2009 Digital Remaster),hip hop,182.8263677198128,Afroman,Life of Tha Party,hip hop,178.29641244708125,Afroman,Life of Tha Party,hip hop,143.87646665180725,Kanye West,Can't Tell Me Nothing,hip hop,130.4574360227854,KMD,Plumskinzz (Loose Hoe_ God & Cupid),hip hop,113.8143019379518,Brian Eno,Just Another Day (Album Version),electronic,0.2905881995991856,Devendra Banhart,My Dearest Friend,folk,0.2704067203200572,Joe Bonamassa,Woke up Dreaming,blues,0.2639266719614271,Brian Eno,Just Another Day (Album Version),electronic,0.30621783158344656,Joe Bonamassa,Woke up Dreaming,blues,0.298390084879642,Afroman,Life of Tha Party,hip hop,0.2900531536105366
TRVWMWN128E0788952,SOMANNK12A6701F0A1,ARN5NHX1187FB4F755,The Smashing Pumpkins,Perfect (Nellee Hooper Instrumental),electronic,Lauryn Hill,Interlude 5,r&b/soul,2808.0,Twista,I'm A Winner (Amended Album Version),hip hop,1708.0,Erykah Badu,I Want You,r&b/soul,1654.0,Lauryn Hill,Interlude 5,r&b/soul,3.206400000000001,Erykah Badu,I Want You,r&b/soul,1.95591875,Twista,I'm A Winner (Amended Album Version),hip hop,1.9365875,RIDDLIN' KIDS,Ship Jumper,punk,0.6266795042970397,The Wonder Years,Dude_ What Is a Land Pirate?,punk,0.6205517855389123,Harry Connick_ Jr.,We Are In Love,jazz,0.6146350709181185,The Wonder Years,Dude_ What Is a Land Pirate?,punk,0.636663868729615,RIDDLIN' KIDS,Ship Jumper,punk,0.6354443948563383,Tony Sly,On the Outside,folk,0.6318878355032662,Lauryn Hill,Interlude 5,r&b/soul,145.41776012624743,Momus,Closer To You,electronic,127.95992398353327,Jessica Simpson,The Lover In Me,pop,127.44539119781932,Jessica Simpson,The Lover In Me,pop,107.23055882888056,Rise Against,Survive,punk,86.22639310263041,Ima Robot,Lovers In Captivity,rock,84.08972262341752,Buck-O-Nine,Pass The Dutchie,reggae,0.43770101648108195,Jessica Simpson,The Lover In Me,pop,0.2969454133775438,Ima Robot,Lovers In Captivity,rock,0.27392085003994593,Buck-O-Nine,Pass The Dutchie,reggae,0.4606872902089256,Jessica Simpson,The Lover In Me,pop,0.33412507338743963,Ima Robot,Lovers In Captivity,rock,0.3165024596205422
TRDHPGJ128F4289C44,SOESBMW12A8AE48210,AR8V1X71187B9B919B,Kylie Minogue,Love At First Sight (The Scumfrog's Beauty And The Beast Vocal Edit),electronic,Lauryn Hill,Interlude 5,r&b/soul,4574.0,Twista,I'm A Winner (Amended Album Version),hip hop,3212.0,Beastie Boys,B-Boy Bouillabaisse: A.W.O.L. (2009 Digital Remaster),hip hop,3103.0,Lauryn Hill,Interlude 5,r&b/soul,5.128700000000001,Twista,I'm A Winner (Amended Album Version),hip hop,3.6302,Beastie Boys,B-Boy Bouillabaisse: A.W.O.L. (2009 Digital Remaster),hip hop,3.386350000000001,Neil Diamond,Delirious Love,folk,0.5979906907297182,Bonnie Raitt,Hear Me Lord,blues,0.5825957330051743,Smokey Robinson,Cruisin',r&b/soul,0.5816239727435735,Neil Diamond,Delirious Love,folk,0.6164540227043704,Bonnie Raitt,Hear Me Lord,blues,0.6009380536653515,Smokey Robinson,Cruisin',r&b/soul,0.5990691303805199,Lauryn Hill,Interlude 5,r&b/soul,275.4736481809744,R. Kelly,Kickin' It With Your Girlfriend,r&b/soul,222.60356888886525,The Streets,Weak Become Heroes,hip hop,212.79121977806605,R. Kelly,Kickin' It With Your Girlfriend,r&b/soul,167.96477988524327,Dean Martin,Kiss,jazz,154.92392650304615,Tammy Wynette,I Believe,country,140.33157859630006,JayMay,You Are The Only One I Love,folk,0.3149695140493988,Tammy Wynette,I Believe,country,0.29444602202971,Dean Martin,Kiss,jazz,0.27263275225607575,JayMay,You Are The Only One I Love,folk,0.35215925714388696,Tammy Wynette,I Believe,country,0.33596741439906397,Dean Martin,Kiss,jazz,0.32017598393085234
TRFSQXF128F9311B25,SOCHMTD1288D3E7D9D,ARVKJGO12086C15075,LMFAO,I Am Not A Whore,electronic,Eminem,8 Mile,hip hop,5184.0,Rufio,Over It (Acoustic),punk,4802.0,Beastie Boys,B-Boy Bouillabaisse: A.W.O.L. (2009 Digital Remaster),hip hop,4730.0,Eminem,8 Mile,hip hop,6.26516875,Rufio,Over It (Acoustic),punk,5.887106249999992,Mario Vazquez,Everytime I...,r&b/soul,5.760937500000015,Phosphorescent,Not A Heel,folk,0.8576282426995433,Björk,Hunter,electronic,0.855860283567749,Room Eleven,Bitch,jazz,0.8534008405706078,Phosphorescent,Not A Heel,folk,0.8594093108896051,Björk,Hunter,electronic,0.8576710520204935,Room Eleven,Bitch,jazz,0.8550069600086608,Eminem,8 Mile,hip hop,131.0053250601043,Lauryn Hill,Interlude 5,r&b/soul,99.85494803898675,Beastie Boys,B-Boy Bouillabaisse: A.W.O.L. (2009 Digital Remaster),hip hop,98.74180590237066,Eminem,8 Mile,hip hop,82.11241263962296,Obie Trice,Hoodrats,hip hop,68.14001641982895,Tamia,Mr. Cool (Featuring Mario Winans) (Album Version),r&b/soul,66.41330560946838,Merle Haggard,Love Me Tender,country,0.31854017313493466,Tamia,Mr. Cool (Featuring Mario Winans) (Album Version),r&b/soul,0.3100672673663265,Jay-Jay Johanson,Rush,electronic,0.30221547068228255,Merle Haggard,Love Me Tender,country,0.3478558136228048,Tamia,Mr. Cool (Featuring Mario Winans) (Album Version),r&b/soul,0.3451378736309952,Jay-Jay Johanson,Rush,electronic,0.3411187295666945
TRXACXM12903CEC365,SOEFTYS129F06C1DEB,ARPD2KK1187B9B8B98,Cascada,Fever,electronic,Daft Punk,Touch It / Technologic,electronic,5679.0,Twista,I'm A Winner (Amended Album Version),hip hop,5491.0,Vanilla Ice,Ice Is Workin' It,hip hop,5158.0,Daft Punk,Touch It / Technologic,electronic,6.815512500000003,Twista,I'm A Winner (Amended Album Version),hip hop,6.394774999999999,Vanilla Ice,Ice Is Workin' It,hip hop,6.108200000000002,Devo,Whip It,pop,0.658180962441461,The Plasmatics,Corruption,punk,0.6498733519758843,Uriah Heep,Save It,rock,0.6492831485413465,Devo,Whip It,pop,0.666852218837513,Uriah Heep,Save It,rock,0.6596086700523046,Sarah Connor,French Kissing,r&b/soul,0.6588063430184941,Lauryn Hill,Interlude 5,r&b/soul,239.16003148358706,Beastie Boys,B-Boy Bouillabaisse: A.W.O.L. (2009 Digital Remaster),hip hop,234.7793456424503,Eminem,8 Mile,hip hop,216.2760587803248,Michael Jackson,Man In The Mirror,pop,140.53619958239852,Eric Carmen,Make Me Lose Control,pop,139.5919232729618,Chanté Moore,Better Than Making Love,r&b/soul,136.44870849272536,Chanté Moore,Better Than Making Love,r&b/soul,0.352068351686529,Rick James,Call Me Up,r&b/soul,0.3388907644399939,Batmobile,Kiss me now,rock,0.3371187261250727,Chanté Moore,Better Than Making Love,r&b/soul,0.3921186844704686,Rick James,Call Me Up,r&b/soul,0.37947079382057947,Batmobile,Kiss me now,rock,0.3764947393688859
TRWWVGC12903CB5C50,SOBSJQH12AB01876C3,AR6LZB61187B9AF431,Depeche Mode,Freestate,electronic,Marques Houston,Cancel (Album Version),r&b/soul,1426.0,Fatboy Slim,Acid 8000,electronic,1375.0,Eminem,My Darling,hip hop,1059.0,Marques Houston,Cancel (Album Version),r&b/soul,1.7104812499999995,Fatboy Slim,Acid 8000,electronic,1.6740437499999998,Stevie Wonder,All Day Sucker,r&b/soul,1.2244749999999998,Damn Yankees,Firefly (LP Version),rock,0.5771870902534969,Marques Houston,Cancel (Album Version),r&b/soul,0.5693732708733618,Animal Collective,Brother Sport,latin,0.5593264021266142,Damn Yankees,Firefly (LP Version),rock,0.590293211050988,Marques Houston,Cancel (Album Version),r&b/soul,0.5794378650979687,Natalie Merchant,Saint Judas (LP Version),blues,0.572026772174609,Aceyalone,Mr. Outsider,hip hop,127.62049683095827,Michael Jackson,Man In The Mirror,pop,121.16608010207747,Lauryn Hill,Interlude 5,r&b/soul,111.89103886530515,Ella Fitzgerald,Let Yourself Go,jazz,96.02140199358456,tobyMac,Get This Party Started: Ghost Remix,reggae,87.70677899651437,The Jacksons,Enjoy Yourself,r&b/soul,87.3010233803498,Ella Fitzgerald,Let Yourself Go,jazz,0.4276677869765273,Beverley Craven,Phoenix From The Fire,folk,0.3267888455353851,The Jacksons,Enjoy Yourself,r&b/soul,0.31396784612837386,Ella Fitzgerald,Let Yourself Go,jazz,0.44948175367934534,Beverley Craven,Phoenix From The Fire,folk,0.35782039434616286,The Jacksons,Enjoy Yourself,r&b/soul,0.34349408838386225
TRYIJWH128F146948C,SOXZUAV12A6310F21A,AR6LZB61187B9AF431,Depeche Mode,Personal Jesus,electronic,Lauryn Hill,Interlude 5,r&b/soul,2846.0,Eminem,My Darling,hip hop,2012.0,Beastie Boys,B-Boy Bouillabaisse: A.W.O.L. (2009 Digital Remaster),hip hop,1960.0,Lauryn Hill,Interlude 5,r&b/soul,3.2447000000000004,Eminem,My Darling,hip hop,2.3235375000000005,Beastie Boys,B-Boy Bouillabaisse: A.W.O.L. (2009 Digital Remaster),hip hop,2.188412500000001,Lollipop Lust Kill,Personal Jesus,metal,0.9556725161526004,Blackalicious,Just What Can Happen,hip hop,0.5727308994552003,Martin Jondo,Hold You,reggae,0.5218987340759397,Lollipop Lust Kill,Personal Jesus,metal,0.9567355016832566,Blackalicious,Just What Can Happen,hip hop,0.5862709205077544,Martin Jondo,Hold You,reggae,0.538524382315772,Lollipop Lust Kill,Personal Jesus,metal,380.04131267677946,Aretha Franklin,Reach Out And Touch (Live @ Fillmore West),jazz,136.95508324849544,Twista,Overdose (Album Version),hip hop,120.95932721551331,Lollipop Lust Kill,Personal Jesus,metal,368.48859749602195,Aretha Franklin,Reach Out And Touch (Live @ Fillmore West),jazz,122.35775388375814,Tina Turner,Talk To My Heart (Recorded Live In London '99),jazz,100.69387455468491,Lollipop Lust Kill,Personal Jesus,metal,0.9379098186577339,UnsraW,-9-,rock,0.3391252456370379,Aretha Franklin,Reach Out And Touch (Live @ Fillmore West),jazz,0.31843449277716324,Lollipop Lust Kill,Personal Jesus,metal,0.93941902608718,UnsraW,-9-,rock,0.3492553067000145,Aretha Franklin,Reach Out And Touch (Live @ Fillmore West),jazz,0.34240930257453567
TRDIAZY12903CB6532,SOWUJPS12AB018ACA8,ARAXU5Z1187B98FECD,Gorillaz,Broken,electronic,Lauryn Hill,Interlude 5,r&b/soul,1744.0,Beastie Boys,B-Boy Bouillabaisse: A.W.O.L. (2009 Digital Remaster),hip hop,1294.0,Twista,I'm A Winner (Amended Album Version),hip hop,1283.0,Lauryn Hill,Interlude 5,r&b/soul,1.8764000000000003,Twista,I'm A Winner (Amended Album Version),hip hop,1.4053375000000006,Beastie Boys,B-Boy Bouillabaisse: A.W.O.L. (2009 Digital Remaster),hip hop,1.3636062499999997,Erasure,The Circus,pop,0.4592891307750522,Sean Kingston,Magical,hip hop,0.4581981702050696,Bad Religion,Operation Rescue,punk,0.4484141269558652,Erasure,The Circus,pop,0.4823046022550818,Sean Kingston,Magical,hip hop,0.4778119969101455,Bad Religion,Operation Rescue,punk,0.4722981058001945,Pain of Salvation,Spitfall,metal,177.77718170976814,Beastie Boys,B-Boy Bouillabaisse: A.W.O.L. (2009 Digital Remaster),hip hop,167.16972425110708,Savatage,The Hourglass,metal,164.1995886209841,Pain of Salvation,Spitfall,metal,124.11343041453212,the bird and the bee,I'm a Broken Heart,rock,107.03976424261415,Kenny Lattimore,Forgiveness,r&b/soul,102.54736430882214,the bird and the bee,I'm a Broken Heart,rock,0.3556823019620802,The Miracles,Broken Hearted,r&b/soul,0.331966490393365,Kingston Falls,The Weak Shall Prevail,metal,0.316677804513633,the bird and the bee,I'm a Broken Heart,rock,0.3825200966801381,The Miracles,Broken Hearted,r&b/soul,0.3646538893197652,Kenny Lattimore,Forgiveness,r&b/soul,0.3535806019585915
TRTUJAL128F423E18D,SOGNWLL12AF72AAA61,ARAXU5Z1187B98FECD,Gorillaz,Kids With Guns (Quiet Village Remix),electronic,Daft Punk,Touch It / Technologic,electronic,6595.0,Vanilla Ice,Ice Is Workin' It,hip hop,5509.0,Charley Patton,Shake It And Break It,blues,3836.0,Daft Punk,Touch It / Technologic,electronic,8.053109375000005,Vanilla Ice,Ice Is Workin' It,hip hop,6.657874999999999,Charley Patton,Shake It And Break It,blues,4.654562500000003,Daft Punk,Touch It / Technologic,electronic,0.7012722158831243,The Specials,Doesn't Make It Alright,reggae,0.6553017338529186,Devo,Whip It,pop,0.6496500809905,Daft Punk,Touch It / Technologic,electronic,0.706104038330947,The Specials,Doesn't Make It Alright,reggae,0.6607096038317538,Devo,Whip It,pop,0.6556942447870098,Gorillaz,Kids With Guns (Jamie T's Turns To Monsters Mix),rock,293.6547151476459,Lauryn Hill,Interlude 5,r&b/soul,204.41340613238597,KeKe Wyatt,Push Me Away,r&b/soul,189.56821956593234,Gorillaz,Kids With Guns (Jamie T's Turns To Monsters Mix),rock,253.40548122672118,KeKe Wyatt,Push Me Away,r&b/soul,164.82334722688807,Lost Boyz,Keep It Real,hip hop,120.49603187157855,Gorillaz,Kids With Guns (Jamie T's Turns To Monsters Mix),rock,0.3977771521865393,Lower Definition,To Satellite,metal,0.27633101030597473,KeKe Wyatt,Push Me Away,r&b/soul,0.27145226174714693,Gorillaz,Kids With Guns (Jamie T's Turns To Monsters Mix),rock,0.4244911011041734,Lower Definition,To Satellite,metal,0.30561339816805494,KeKe Wyatt,Push Me Away,r&b/soul,0.29900078227634724
TRBTXNE12903CB6528,SOCMRWF12AB018AC92,ARAXU5Z1187B98FECD,Gorillaz,Rhinestone Eyes,electronic,Lauryn Hill,Interlude 5,r&b/soul,2670.0,Beastie Boys,B-Boy Bouillabaisse: A.W.O.L. (2009 Digital Remaster),hip hop,2212.0,The Pharcyde,Otha Fish,hip hop,1948.0,Lauryn Hill,Interlude 5,r&b/soul,2.8936,Beastie Boys,B-Boy Bouillabaisse: A.W.O.L. (2009 Digital Remaster),hip hop,2.3937765625000003,The Pharcyde,Otha Fish,hip hop,2.2043046875,Kottonmouth Kings,Bump,hip hop,0.5849977751029996,A Tribe Called Quest,Peace_ Prosperity & Paper,hip hop,0.5839860179193005,Above The Law,Flow On (Move Me No Mountain),hip hop,0.5766482991474781,A Tribe Called Quest,Peace_ Prosperity & Paper,hip hop,0.6151066731770107,Kottonmouth Kings,Bump,hip hop,0.6122319443189098,Above The Law,Flow On (Move Me No Mountain),hip hop,0.6092094824177163,Lauryn Hill,Interlude 5,r&b/soul,211.93394754701947,Beastie Boys,B-Boy Bouillabaisse: A.W.O.L. (2009 Digital Remaster),hip hop,181.89601421132,Talib Kweli,Beautiful Struggle,hip hop,175.48420901661416,Dreams Come True,Dandelion Hill,jazz,122.16486989158086,Common,Soul Power,hip hop,113.206634495375,Talib Kweli,Beautiful Struggle,hip hop,110.03767118139199,Dreams Come True,Dandelion Hill,jazz,0.28262851522442617,Goldfinger,99 Red Balloons,punk,0.2676781990634796,Roy Orbison,California Blue,rock,0.2482136678446019,Dreams Come True,Dandelion Hill,jazz,0.34249929346729413,Goldfinger,99 Red Balloons,punk,0.32573883458149483,Common,Soul Power,hip hop,0.30332739141015613
TRKQRSQ128F92D5134,SOTTAJB12A8C142C18,AR4L4WQ1187FB51996,The Prodigy,Invaders Must Die,electronic,Fler,NDW 2005,hip hop,420.0,ARRESTED DEVELOPMENT,Stand,r&b/soul,390.0,UB40,The Earth Dies Screaming,reggae,308.0,Fler,NDW 2005,hip hop,0.5137875,ARRESTED DEVELOPMENT,Stand,r&b/soul,0.4798875000000002,UB40,The Earth Dies Screaming,reggae,0.3796000000000007,PeterLicht,Popkultur / Meide,electronic,0.5327178845109594,Jungle Rot,Immersed In Pain,metal,0.4856317986201875,Mylène Farmer,We'll Never Die,pop,0.4788709714230987,PeterLicht,Popkultur / Meide,electronic,0.534686377234948,Jungle Rot,Immersed In Pain,metal,0.4878078391708029,Mylène Farmer,We'll Never Die,pop,0.4816192562600812,UB40,The Earth Dies Screaming,reggae,66.69748153327708,Grace Jones,Nipple To The Bottle,r&b/soul,66.47623233293108,Floetry,I'll Die,r&b/soul,61.71497280631587,UB40,The Earth Dies Screaming,reggae,65.02628884620607,Grace Jones,Nipple To The Bottle,r&b/soul,64.01902024896901,Floetry,I'll Die,r&b/soul,57.90547963794285,The Beautiful Mistake,Stavesail,punk,0.3587952953209346,Grace Jones,Nipple To The Bottle,r&b/soul,0.3560957537014015,UB40,The Earth Dies Screaming,reggae,0.3526130310524268,The Beautiful Mistake,Stavesail,punk,0.3626264430535606,Grace Jones,Nipple To The Bottle,r&b/soul,0.3590613390561848,UB40,The Earth Dies Screaming,reggae,0.35664074518968136
TRBFVAA128F423C356,SOCWAFA12A8AE48A78,AR4L4WQ1187FB51996,The Prodigy,Wake Up Call (Album Version),electronic,Lauryn Hill,Interlude 5,r&b/soul,777.0,Twista,I'm A Winner (Amended Album Version),hip hop,641.0,The Simpsons,Do The Bartman,hip hop,553.0,Lauryn Hill,Interlude 5,r&b/soul,0.8838500000000002,Twista,I'm A Winner (Amended Album Version),hip hop,0.7441312500000001,The Simpsons,Do The Bartman,hip hop,0.6441062499999998,Marissa Nadler,Undertaker,country,0.5534850779073077,Trisha Yearwood,Come Back When It Ain't Rainin',country,0.5247829463286902,Black Box,Strike It Up,electronic,0.5048330364924174,Marissa Nadler,Undertaker,country,0.5655267117210215,Trisha Yearwood,Come Back When It Ain't Rainin',country,0.5364768537952223,DJ Quik,Put It On Me,hip hop,0.5190370341141012,Fatboy Slim,Right Here Right Now,electronic,66.53728136644654,Haste The Day,Chorus Of Angels,metal,61.29516466563742,Lauryn Hill,Interlude 5,r&b/soul,60.4649154214116,Fatboy Slim,Right Here Right Now,electronic,64.70893317030723,Haste The Day,Chorus Of Angels,metal,55.41810711546271,Switchblade Symphony,Therapy,electronic,51.3735536312353,Fatboy Slim,Right Here Right Now,electronic,0.43422917615953954,Little Big Town,From This Dream,country,0.4335003203019063,Switchblade Symphony,Therapy,electronic,0.36502438993797287,Little Big Town,From This Dream,country,0.4465651466004284,Fatboy Slim,Right Here Right Now,electronic,0.4409438124277464,Switchblade Symphony,Therapy,electronic,0.38061242939014545
TRFSCLD12903CD213F,SOENGNL12AB018E1BD,AR4L4WQ1187FB51996,The Prodigy,We Gonna Rock,electronic,Apollo 440,Stop The Rock,electronic,5616.0,Bowling For Soup,Here We Go,punk,5217.0,Vanilla Ice,It's A Party,hip hop,4548.0,Apollo 440,Stop The Rock,electronic,6.898875000000001,Bowling For Soup,Here We Go,punk,6.355950000000002,Vanilla Ice,It's A Party,hip hop,5.364850000000001,The B-52s,Rock Lobster (Live),electronic,0.527407233509382,Charlie Robison,Good Times,country,0.4797700221226955,Ferlin Husky,Convoy,country,0.4732267903958201,The B-52s,Rock Lobster (Live),electronic,0.5313037291440534,Charlie Robison,Good Times,country,0.48373375565738,Ferlin Husky,Convoy,country,0.4750964702244586,The Foreign Exchange,The Answer,hip hop,189.035316771614,Bob Marley & The Wailers,Baby We've Got A Date (Rock It Baby),reggae,180.002538242739,Apollo 440,Stop The Rock,electronic,177.66371131891302,Apollo 440,Stop The Rock,electronic,173.66925397909012,Bob Marley & The Wailers,Baby We've Got A Date (Rock It Baby),reggae,173.46903155139023,The Foreign Exchange,The Answer,hip hop,172.19658789824933,Apollo 440,Stop The Rock,electronic,0.4458328497067616,The B-52s,Rock Lobster (Live),electronic,0.4360719078708826,Bob Marley & The Wailers,Baby We've Got A Date (Rock It Baby),reggae,0.4041936867704393,Apollo 440,Stop The Rock,electronic,0.45110282764449916,The B-52s,Rock Lobster (Live),electronic,0.442294757135648,Bob Marley & The Wailers,Baby We've Got A Date (Rock It Baby),reggae,0.41114532763898065
TRZTQEP128E0792526,SOYMEOT12A6701DE9A,ARK9TRQ1187B99C095,Nine Inch Nails,The Great Collapse,electronic,Lauryn Hill,Interlude 5,r&b/soul,1597.0,Vanilla Ice,Ice Is Workin' It,hip hop,1109.0,Daft Punk,Touch It / Technologic,electronic,1086.0,Lauryn Hill,Interlude 5,r&b/soul,1.8651500000000003,Vanilla Ice,Ice Is Workin' It,hip hop,1.3242625000000003,Daft Punk,Touch It / Technologic,electronic,1.3057546875,Dillinger Four,A Floater Left With Pleasure In The Executive Washroom.,punk,0.584168308826939,Time Again,Day Like This,punk,0.5678809889455803,Agonoize,C.O.A.,electronic,0.5574882644141821,Dillinger Four,A Floater Left With Pleasure In The Executive Washroom.,punk,0.5900304305670155,Time Again,Day Like This,punk,0.5743497742760909,Agonoize,C.O.A.,electronic,0.5625056747804826,Gyptian,Take My Money,reggae,63.21509600329282,Gary Moore,That Kind Of Woman,blues,58.09105971709026,B.B. King,Ain't That Just Like A Woman,blues,53.297716107622286,Gyptian,Take My Money,reggae,56.38755872232482,Gary Moore,That Kind Of Woman,blues,54.639536273041664,B.B. King,Ain't That Just Like A Woman,blues,50.1288148136709,Etta James,W.O.M.A.N.,blues,0.4043369236069298,B.B. King,Ain't That Just Like A Woman,blues,0.3856803183258236,Bette Midler,I'm A Woman,blues,0.38442494683426764,Etta James,W.O.M.A.N.,blues,0.4136833020132849,B.B. King,Ain't That Just Like A Woman,blues,0.3960260237739651,Bette Midler,I'm A Woman,blues,0.39479681622085394
TRLTFVP128E0782B34,SOITPXC12A6310E0DA,AR9L6R11187B9AA3F2,Duran Duran,Electric Barbarella (Radio Edit),electronic,Lauryn Hill,Interlude 5,r&b/soul,4025.0,Twista,I'm A Winner (Amended Album Version),hip hop,3075.0,Beastie Boys,B-Boy Bouillabaisse: A.W.O.L. (2009 Digital Remaster),hip hop,2731.0,Lauryn Hill,Interlude 5,r&b/soul,4.690849999999999,Twista,I'm A Winner (Amended Album Version),hip hop,3.6212875,Beastie Boys,B-Boy Bouillabaisse: A.W.O.L. (2009 Digital Remaster),hip hop,3.1290812500000005,The Antlers,Epilogue,rock,0.7478695192864804,Marissa Nadler,Famous Blue Raincoat,folk,0.7292397946188028,Small Sins,She's The Source,rock,0.7290728805281577,The Antlers,Epilogue,rock,0.7587906862592929,Marissa Nadler,Famous Blue Raincoat,folk,0.7413997674492591,7L & Esoteric,Boxcutter Rap,hip hop,0.740232121292283,Lauryn Hill,Interlude 5,r&b/soul,172.60310317316765,Beastie Boys,B-Boy Bouillabaisse: A.W.O.L. (2009 Digital Remaster),hip hop,158.91219985293338,Lisa Stansfield,Time To Make You Mine,pop,136.7216418877903,Lisa Stansfield,Time To Make You Mine,pop,112.68198316314408,Dean Martin,Kiss,jazz,98.19469502874921,Sara Evans,A Real Fine Place To Start,country,88.56824510337833,Lisa Stansfield,Time To Make You Mine,pop,0.29266857999425827,Little Walter,You're So Fine,blues,0.28866689528081646,Sara Evans,A Real Fine Place To Start,country,0.27464201671260385,Lisa Stansfield,Time To Make You Mine,pop,0.33421830898413857,Little Walter,You're So Fine,blues,0.3266321021927309,Sara Evans,A Real Fine Place To Start,country,0.32074741980256594
TRFVWXW128F931A0E9,SOPERLI129F0824AA5,ARAOQ5T1187FB435AB,Björk,Pluto,electronic,Eminem,8 Mile,hip hop,494.0,Lauryn Hill,Interlude 5,r&b/soul,465.0,Beastie Boys,B-Boy Bouillabaisse: A.W.O.L. (2009 Digital Remaster),hip hop,416.0,Eminem,8 Mile,hip hop,0.57685625,Lauryn Hill,Interlude 5,r&b/soul,0.51685,Mario Vazquez,Everytime I...,r&b/soul,0.4828125000000008,Fear My Thoughts,Wasteland,metal,0.5476552289852937,Incubus,Pardon Me,rock,0.5251614858386782,Basia Bulat,Birds Of Paradise,electronic,0.512357160164827,Fear My Thoughts,Wasteland,metal,0.5566522713077471,Incubus,Pardon Me,rock,0.5346991212454282,Basia Bulat,Birds Of Paradise,electronic,0.5230191827264211,Hollywood Undead,Undead,hip hop,52.81882331866292,Eminem,8 Mile,hip hop,49.71297668748816,Lauryn Hill,Interlude 5,r&b/soul,49.2640818184852,Madness,Tomorrow's Just Another Day,reggae,41.47125179459953,Hollywood Undead,Undead,hip hop,41.000235299081965,Marilyn Manson,This Is The New Shit,metal,39.627767969908895,Amel Larrieux,i like the sunrise,jazz,0.29129890932998403,U.S. Bombs,All The Bodies,punk,0.2863536719079965,De-Phazz,Wait,jazz,0.2810389917891571,Amel Larrieux,i like the sunrise,jazz,0.30550308404555837,U.S. Bombs,All The Bodies,punk,0.2976694632831061,De-Phazz,Wait,jazz,0.2970687618940029
TRKQQMW128F92D54DF,SOMXUUY12A8C141D38,ARD063K11C8A422ED7,Empire Of The Sun,Delta Bay,electronic,The Pharcyde,Otha Fish,hip hop,1518.0,Beastie Boys,B-Boy Bouillabaisse: A.W.O.L. (2009 Digital Remaster),hip hop,1437.0,Twista,I'm A Winner (Amended Album Version),hip hop,1404.0,The Pharcyde,Otha Fish,hip hop,1.728960937500002,Twista,I'm A Winner (Amended Album Version),hip hop,1.5430593749999997,Beastie Boys,B-Boy Bouillabaisse: A.W.O.L. (2009 Digital Remaster),hip hop,1.5250453125,Memphis Minnie,Down In The Alley,blues,0.5411379504774829,Wu-Tang Clan,The What,hip hop,0.4868686956592924,Thursday,Unintended Long Term Effects,punk,0.4793278095282874,Memphis Minnie,Down In The Alley,blues,0.5580896364022438,Wu-Tang Clan,The What,hip hop,0.5145079969904688,Thursday,Unintended Long Term Effects,punk,0.4992769376181448,Beastie Boys,B-Boy Bouillabaisse: A.W.O.L. (2009 Digital Remaster),hip hop,238.83333763928732,Lauryn Hill,Interlude 5,r&b/soul,165.4029368471469,Murs,The Dance,hip hop,158.8138525845525,Beastie Boys,B-Boy Bouillabaisse: A.W.O.L. (2009 Digital Remaster),hip hop,116.10994632117047,George Jones,Who Shot Sam,country,106.81964231699511,Fiddler's Green,Shot In The Dark,reggae,100.9993727711595,George Jones,Who Shot Sam,country,0.2768341133611811,Roy Buchanan,The Messiah Will Come Again,blues,0.25720452254576276,Fiddler's Green,Shot In The Dark,reggae,0.23019316148019195,George Jones,Who Shot Sam,country,0.31281904134940375,Roy Buchanan,The Messiah Will Come Again,blues,0.29250533277793395,Fiddler's Green,Shot In The Dark,reggae,0.27618702534912903
TRFYMPB128F93100C0,SOXKRRQ12AB017C0F2,ARD063K11C8A422ED7,Empire Of The Sun,We Are The People (Shazam Remix),electronic,Lauryn Hill,Interlude 5,r&b/soul,8737.0,Twista,I'm A Winner (Amended Album Version),hip hop,7195.0,Erykah Badu,I Want You,r&b/soul,6302.0,Lauryn Hill,Interlude 5,r&b/soul,10.146150000000004,Twista,I'm A Winner (Amended Album Version),hip hop,8.487196875,Erykah Badu,I Want You,r&b/soul,7.592629687500001,Clawfinger,Revenge,metal,0.7456428303160694,Jay-Jay Johanson,Rush,electronic,0.7304206635896381,The Corrs,Irresistible ( LP Version ),pop,0.7152316350031703,Clawfinger,Revenge,metal,0.7544107678533769,Jay-Jay Johanson,Rush,electronic,0.7390582047411307,The Corrs,Irresistible ( LP Version ),pop,0.7226488246114888,Lauryn Hill,Interlude 5,r&b/soul,237.1749834381805,Beastie Boys,B-Boy Bouillabaisse: A.W.O.L. (2009 Digital Remaster),hip hop,234.56914843720247,Eminem,My Darling,hip hop,204.46535830135576,Yellowcard,Believe,punk,139.7891014344295,Ja Rule,One of Us,hip hop,122.98218373541668,Black Eyed Peas,One Tribe,hip hop,120.68068177926513,Rachael Yamagata,Even So,folk,0.30992367663985854,Yellowcard,Believe,punk,0.2877995190747728,God Forbid,The End Of The World,metal,0.27895820209574707,Rachael Yamagata,Even So,folk,0.3573734740944926,Yellowcard,Believe,punk,0.33854633531399764,God Forbid,The End Of The World,metal,0.318176185952988
TRBCSDW128F424D686,SOQWSGM12A6D4FC3C6,ARIRCA31187FB58E84,The Maine,You Left Me,electronic,Lauryn Hill,Interlude 5,r&b/soul,9266.0,Danity Kane,Hold Me Down (Album Version),r&b/soul,8377.0,Five,That's What You Told Me,pop,7883.0,Lauryn Hill,Interlude 5,r&b/soul,10.692399999999996,Danity Kane,Hold Me Down (Album Version),r&b/soul,10.058853125,Five,That's What You Told Me,pop,9.51270625,Les Valentins,It's Too Late,pop,0.6832478050671874,The Isley Brothers,Touch Me,blues,0.6442541133802604,Hilary Duff,Play With Fire,pop,0.6283818352416818,Les Valentins,It's Too Late,pop,0.692284114430058,The Isley Brothers,Touch Me,blues,0.6547758611089833,Hilary Duff,Play With Fire,pop,0.6392680317217907,The Isley Brothers,Touch Me,blues,377.4792119188556,Mary J. Blige,Can't Get You Off My Mind,r&b/soul,349.00735958729734,Janis Joplin,Kozmic Blues,blues,346.50142538704245,Mary J. Blige,Can't Get You Off My Mind,r&b/soul,307.0468378692289,The Isley Brothers,Touch Me,blues,289.31075612479526,Janis Joplin,Kozmic Blues,blues,287.6340035437626,Mary J. Blige,Can't Get You Off My Mind,r&b/soul,0.46326533643114726,Lush,Outside World,electronic,0.4594772301665574,Everything But The Girl,Love Is Strange,folk,0.41492702275675053,Mary J. Blige,Can't Get You Off My Mind,r&b/soul,0.49450015728284963,Lush,Outside World,electronic,0.48482857213804054,Everything But The Girl,Love Is Strange,folk,0.43888075762057516
TRRXQJA128F1472A56,SOYPJMP12AF72A901D,ARWA8AH1187FB3FC84,Hot Chip,The Warning,electronic,Twista,I'm A Winner (Amended Album Version),hip hop,3859.0,Lauryn Hill,Interlude 5,r&b/soul,3739.0,Beastie Boys,B-Boy Bouillabaisse: A.W.O.L. (2009 Digital Remaster),hip hop,3551.0,Twista,I'm A Winner (Amended Album Version),hip hop,4.505087499999999,Lauryn Hill,Interlude 5,r&b/soul,4.186149999999999,Beastie Boys,B-Boy Bouillabaisse: A.W.O.L. (2009 Digital Remaster),hip hop,4.030981250000001,Annihilator,Hunter killer,metal,0.6989437317707918,Shai,Waiting For The Day,r&b/soul,0.69743722277901,The Dells,It's All Up To You,r&b/soul,0.6843409112271092,Shai,Waiting For The Day,r&b/soul,0.7080898506941884,Annihilator,Hunter killer,metal,0.7060697363811239,The Dells,It's All Up To You,r&b/soul,0.6936925649838742,Beastie Boys,B-Boy Bouillabaisse: A.W.O.L. (2009 Digital Remaster),hip hop,208.85106802297764,Digable Planets,"Pacifics (Sdtrk ""N.Y. Is Red Hot"")",hip hop,199.2061810683037,OutKast,Mainstream,hip hop,173.2688060686289,Digable Planets,"Pacifics (Sdtrk ""N.Y. Is Red Hot"")",hip hop,157.547193668434,Petey Pablo,Show Me The Money,hip hop,128.51029621900997,OutKast,Mainstream,hip hop,103.4730239375287,Digable Planets,"Pacifics (Sdtrk ""N.Y. Is Red Hot"")",hip hop,0.303973558671144,Petey Pablo,Show Me The Money,hip hop,0.2858316754137316,Helium,Lullaby of the Moths,rock,0.2683643670295002,Digable Planets,"Pacifics (Sdtrk ""N.Y. Is Red Hot"")",hip hop,0.35449374455319593,Petey Pablo,Show Me The Money,hip hop,0.34014457967202044,Helium,Lullaby of the Moths,rock,0.3005183251256821
TRMDYBW128F14A17E8,SOODBDC12A8C13E4E9,ARTH03J1187FB3E00C,Enter Shikari,Keep It On Ice,electronic,Beastie Boys,B-Boy Bouillabaisse: A.W.O.L. (2009 Digital Remaster),hip hop,1426.0,Eminem,My Darling,hip hop,1253.0,Life Without Buildings,New Town,rock,1231.0,Beastie Boys,B-Boy Bouillabaisse: A.W.O.L. (2009 Digital Remaster),hip hop,1.6228546875000014,Fatboy Slim,Acid 8000,electronic,1.4746671875,Life Without Buildings,New Town,rock,1.4595109374999975,At The Gates,Captor Of Sin (Slayer Cover),metal,0.6284530678419502,Kotipelto,Lord Of Eternity,metal,0.6160767380690639,Gorefest,Super Reality,metal,0.5959436238059861,At The Gates,Captor Of Sin (Slayer Cover),metal,0.6381371265238076,Kotipelto,Lord Of Eternity,metal,0.6254869980354952,Gorefest,Super Reality,metal,0.6057689414782675,Twiztid,She Ain't Afraid,hip hop,121.2316341655794,Eminem,8 Mile,hip hop,110.17693308371841,Hollywood Undead,Undead,hip hop,98.59210165147893,Twiztid,She Ain't Afraid,hip hop,94.6679083800954,Eminem,8 Mile,hip hop,75.6226982647556,Hollywood Undead,Undead,hip hop,75.4154978381923,Saez,My Funny Valentine,rock,0.279172636331182,A Tribe Called Quest,His Name Is Mutty Ranks,hip hop,0.26953271661789696,Rachelle Ferrell,My Funny Valentine,jazz,0.2654796730720833,A Tribe Called Quest,His Name Is Mutty Ranks,hip hop,0.2972559558599821,Saez,My Funny Valentine,rock,0.2970242569667875,Macc Lads,Fluffy Pup,punk,0.28643081655038105
TRCNUNL128F93437CF,SOYQNWH12AB0180C07,ARTH03J1187FB3E00C,Enter Shikari,The Jester,electronic,Lauryn Hill,Interlude 5,r&b/soul,3529.0,Beastie Boys,B-Boy Bouillabaisse: A.W.O.L. (2009 Digital Remaster),hip hop,2594.0,Twista,I'm A Winner (Amended Album Version),hip hop,2319.0,Lauryn Hill,Interlude 5,r&b/soul,4.0087499999999965,Beastie Boys,B-Boy Bouillabaisse: A.W.O.L. (2009 Digital Remaster),hip hop,2.905898437499998,Twista,I'm A Winner (Amended Album Version),hip hop,2.635703124999996,Lost Boyz,Keep It Real,hip hop,0.7098437463373442,Murs,You & I,hip hop,0.6838021961195,Above The Law,Flow On (Move Me No Mountain),hip hop,0.6829748169205637,Lost Boyz,Keep It Real,hip hop,0.7272648260569898,Above The Law,Flow On (Move Me No Mountain),hip hop,0.7033017724963556,Murs,You & I,hip hop,0.702882205347534,Lauryn Hill,Interlude 5,r&b/soul,181.5082931303955,Twista,Overdose (Album Version),hip hop,176.4294692817414,The Isley Brothers,Touch Me,blues,149.3742543025748,Fergie,Get Your Hands Up,hip hop,93.0668540660426,Twista,Overdose (Album Version),hip hop,88.96132534606797,K's Choice,Everything For Free,rock,86.17956653583124,Wolfmother,10_000 Feet,rock,0.23970792597042162,Dave Gahan,Black And Blue Again,electronic,0.23795377445420204,Letoya,Intro,r&b/soul,0.23632768464963458,Fergie,Get Your Hands Up,hip hop,0.2913595124010679,Wolfmother,10_000 Feet,rock,0.28957836542646204,Alice Peacock,Here I Go Again,folk,0.28702278700958317
TRIPJIJ128F1453AE0,SORSPQO12A6D4F782F,AREACYD1187FB566DE,Enya,Lazy Days,electronic,Lauryn Hill,Interlude 5,r&b/soul,1240.0,Vanilla Ice,Ice Is Workin' It,hip hop,1176.0,Daft Punk,Touch It / Technologic,electronic,1144.0,Lauryn Hill,Interlude 5,r&b/soul,1.4027999999999998,Vanilla Ice,Ice Is Workin' It,hip hop,1.4004,Daft Punk,Touch It / Technologic,electronic,1.3719,Anjali,Mistress Of Disguise,electronic,0.5859491664024592,Darden Smith,Swept Away,country,0.57917660376254,Earlimart,It's Okay To Think About Ending,electronic,0.5725591622596179,Anjali,Mistress Of Disguise,electronic,0.5985239830039881,Darden Smith,Swept Away,country,0.5920586402617903,Earlimart,It's Okay To Think About Ending,electronic,0.5829845869535093,Beastie Boys,B-Boy Bouillabaisse: A.W.O.L. (2009 Digital Remaster),hip hop,76.99578484263118,Nelly,St. Louie,hip hop,63.934243381128326,Matisyahu,Close My Eyes,reggae,62.04035028152351,Kate Ryan,One Happy Day,electronic,46.53293512127931,Burning Spear,Jordan River,reggae,45.221391581455066,Dreams Come True,Dandelion Hill,jazz,45.15360487364903,Kate Ryan,One Happy Day,electronic,0.25960088694063355,Cream,Take It Back,blues,0.248897023979851,Epsilon Minus,Ocean Floor,electronic,0.2428901430889558,Kate Ryan,One Happy Day,electronic,0.2896591662966506,Cream,Take It Back,blues,0.2790197063272354,Nine Inch Nails,Something I Can Never Have,rock,0.2769930461723918
TRPLRVY128F1473EBE,SOTCEXG12A6D4F60FE,AREACYD1187FB566DE,Enya,Someone Said Goodbye,electronic,Lauryn Hill,Interlude 5,r&b/soul,4463.0,Erykah Badu,I Want You,r&b/soul,3086.0,Twista,I'm A Winner (Amended Album Version),hip hop,3037.0,Lauryn Hill,Interlude 5,r&b/soul,5.11415,Erykah Badu,I Want You,r&b/soul,3.686746875000001,Twista,I'm A Winner (Amended Album Version),hip hop,3.492618749999999,Rosanne Cash,I Don't Know Why You Don't Want Me,country,0.7192580977680818,Mr. Vegas,I Don't Know Why I Love You,reggae,0.6600251045552638,Ten Years After,I Don't Know That You Don't Know My Name (2004 Digital Remaster),blues,0.6196878869366118,Rosanne Cash,I Don't Know Why You Don't Want Me,country,0.7267854833606897,Mr. Vegas,I Don't Know Why I Love You,reggae,0.6681571071763651,Jane Monheit,Why Can't You Behave?,jazz,0.6295711050428603,Maxi Priest,Never Did Say Goodbye,reggae,176.62202905194317,Miami Sound Machine,Words Get In The Way,pop,167.3074170818711,Lauryn Hill,Interlude 5,r&b/soul,155.93289549365574,Maxi Priest,Never Did Say Goodbye,reggae,151.86058907858583,Miami Sound Machine,Words Get In The Way,pop,137.24270618985943,Little Milton,Walking The Backstreets And Crying,blues,127.20493503416905,Maxi Priest,Never Did Say Goodbye,reggae,0.3615303135023711,Naked Raygun,Treason,rock,0.3493521717350114,John Mayer,All We Ever Do Is Say Goodbye,folk,0.3459972496538877,Maxi Priest,Never Did Say Goodbye,reggae,0.39694997754250677,Naked Raygun,Treason,rock,0.3840785179067216,John Mayer,All We Ever Do Is Say Goodbye,folk,0.3746574163606201
TRWPUDX128F148F907,SODFLBN12A6D4F923A,AREACYD1187FB566DE,Enya,The Magic Of The Night,electronic,Lauryn Hill,Interlude 5,r&b/soul,1640.0,Twista,I'm A Winner (Amended Album Version),hip hop,1374.0,The Pharcyde,Otha Fish,hip hop,1350.0,Lauryn Hill,Interlude 5,r&b/soul,1.7303,The Pharcyde,Otha Fish,hip hop,1.5213515625,Twista,I'm A Winner (Amended Album Version),hip hop,1.5085656249999997,Lard,The Power Of Lard,punk,0.5713510788110245,Seelenkrank,Lost,electronic,0.5432385530818844,Assemblage 23,MAPS OF REALITY,pop,0.5154597811191146,Lard,The Power Of Lard,punk,0.5896322973574187,Seelenkrank,Lost,electronic,0.5583246731243598,Assemblage 23,MAPS OF REALITY,pop,0.5369008030934663,Matisyahu,Close My Eyes,reggae,175.4142130574718,Flipsyde,Angel,hip hop,159.32847281748658,Deana Carter,Angel Without A Prayer,country,155.61399159019373,Deana Carter,Angel Without A Prayer,country,129.6254720587024,Tiffany Evans,Angels on Earth,blues,126.78699504167035,Flipsyde,Angel,hip hop,125.25019881868293,Freedom Call,Flying high,metal,0.4038695557272856,Tiffany Evans,Angels on Earth,blues,0.3752978811135113,All-4-One,When I Needed an Angel,blues,0.3424435478132853,Freedom Call,Flying high,metal,0.43020221611915915,Tiffany Evans,Angels on Earth,blues,0.4107779528565765,All-4-One,When I Needed an Angel,blues,0.3814907524949487
TRZQTSM128F9328120,SOZDITZ12A58A7B41A,AR91C8S1187B990901,Bruce Springsteen,Gave It A Name,folk,Lauryn Hill,Interlude 5,r&b/soul,1133.0,Vanilla Ice,Ice Is Workin' It,hip hop,985.0,Beastie Boys,B-Boy Bouillabaisse: A.W.O.L. (2009 Digital Remaster),hip hop,970.0,Lauryn Hill,Interlude 5,r&b/soul,1.2161500000000005,Vanilla Ice,Ice Is Workin' It,hip hop,1.1366375,Daft Punk,Touch It / Technologic,electronic,1.1297703125000005,Rasputina,Mr. E. Leon Rauis,rock,0.5796968952234571,Freezepop,Ninja Of Love (Album Version),pop,0.5787355657786682,Devo,Mongoloid,punk,0.5507517765195619,Rasputina,Mr. E. Leon Rauis,rock,0.5931226425529182,Freezepop,Ninja Of Love (Album Version),pop,0.5901834567271025,Binary Star,Wolfman Jack,hip hop,0.5632297693626623,Beastie Boys,B-Boy Bouillabaisse: A.W.O.L. (2009 Digital Remaster),hip hop,133.56768174238397,Ja Rule,One of Us,hip hop,130.0544113208159,Lauryn Hill,Interlude 5,r&b/soul,107.35001736856846,Ja Rule,One of Us,hip hop,93.92225849793952,Dixie Chicks,Travelin' Soldier,country,74.85706779535295,Boney M.,El Lute,pop,71.82081644683021,Willie Nelson,I Feel Sorry For Him,country,0.301164961306648,Adam Green,Bungee,folk,0.29217774603442564,Anti-Flag,Captain Anarchy,punk,0.27237766536139413,Willie Nelson,I Feel Sorry For Him,country,0.3285586584275754,Adam Green,Bungee,folk,0.32099293867802975,Anti-Flag,Captain Anarchy,punk,0.30378743649674683
TRNZCWJ128F427099F,SODXHZV12A8C1340B6,ARH861H1187B9B799E,Johnny Cash,The Vanishing Race,folk,Beastie Boys,B-Boy Bouillabaisse: A.W.O.L. (2009 Digital Remaster),hip hop,1696.0,Lauryn Hill,Interlude 5,r&b/soul,1648.0,Eminem,8 Mile,hip hop,1139.0,Beastie Boys,B-Boy Bouillabaisse: A.W.O.L. (2009 Digital Remaster),hip hop,1.943043750000001,Lauryn Hill,Interlude 5,r&b/soul,1.8484000000000005,Eminem,8 Mile,hip hop,1.2902062499999998,Domine,The Ride Of The Valkyries,classical,0.6723403340498181,Helen Reddy,Peaceful,pop,0.6598012519105725,Art Garfunkel,The Sound of Silence,folk,0.6452087927872626,Domine,The Ride Of The Valkyries,classical,0.6842119717617625,Helen Reddy,Peaceful,pop,0.6732444622478669,Art Garfunkel,The Sound of Silence,folk,0.6597289562238479,Beastie Boys,B-Boy Bouillabaisse: A.W.O.L. (2009 Digital Remaster),hip hop,162.9831089171515,Alabama,Roll On (Eighteen Wheeler),country,114.26305099379375,Murs,The Dance,hip hop,105.17858669505884,Alabama,Roll On (Eighteen Wheeler),country,95.6266641651976,Beastie Boys,B-Boy Bouillabaisse: A.W.O.L. (2009 Digital Remaster),hip hop,95.3727904244948,Cat Stevens,Peace Train,folk,78.37441715682482,Elizabeth Cotten,Willie,blues,0.3095393633834305,Roy Acuff,Wabash Cannonball,country,0.30397324855427005,Bukka White,Black Train Blues,blues,0.2847313297656479,Elizabeth Cotten,Willie,blues,0.3364032758223304,Roy Acuff,Wabash Cannonball,country,0.334025614188483,Alabama,Roll On (Eighteen Wheeler),country,0.31452617156832524
TRJQRAP128F9314B3F,SOMSWGY12AB017F755,ARZENOX1187B98A645,John Mayer,All We Ever Do Is Say Goodbye,folk,Lauryn Hill,Interlude 5,r&b/soul,4058.0,Erykah Badu,I Want You,r&b/soul,3182.0,Twista,I'm A Winner (Amended Album Version),hip hop,2569.0,Lauryn Hill,Interlude 5,r&b/soul,4.578,Erykah Badu,I Want You,r&b/soul,3.7957578125,R. Kelly,Don't You Say No,r&b/soul,3.0388046874999977,Kelly Price,Don't Say Goodbye,r&b/soul,0.5440054369177483,Lisa Stansfield,Goodbye,punk,0.5016856803172803,Morcheeba,Part Of The Process,electronic,0.4957130333776134,Kelly Price,Don't Say Goodbye,r&b/soul,0.5576360185477601,Lisa Stansfield,Goodbye,punk,0.515954481420897,Phantom Planet,See You Next Summer,rock,0.5087351263108321,Kelly Price,Don't Say Goodbye,r&b/soul,180.2443020692851,Lauryn Hill,Interlude 5,r&b/soul,170.62780228579226,Maxi Priest,Never Did Say Goodbye,reggae,160.82168479362196,Kelly Price,Don't Say Goodbye,r&b/soul,156.62421228432362,Maxi Priest,Never Did Say Goodbye,reggae,140.58875970453732,Lisa Stansfield,Goodbye,punk,136.42787365230842,Esthero,This Lull-a-bye (Album Version),jazz,0.4289649792662883,Carla Thomas,Don't Say No More,r&b/soul,0.4204002497039518,Lisa Stansfield,Goodbye,punk,0.39752475911808527,Esthero,This Lull-a-bye (Album Version),jazz,0.4543797741172964,Carla Thomas,Don't Say No More,r&b/soul,0.4428886507658017,Lisa Stansfield,Goodbye,punk,0.4241971053889823
TRETJUU128F426402A,SOYHOTV12A8C132B9B,ARZENOX1187B98A645,John Mayer,Clarity,folk,R. Kelly,I Mean (I Don't Mean It),r&b/soul,3416.0,Beastie Boys,B-Boy Bouillabaisse: A.W.O.L. (2009 Digital Remaster),hip hop,3347.0,Lauryn Hill,Interlude 5,r&b/soul,3332.0,R. Kelly,I Mean (I Don't Mean It),r&b/soul,4.050003125,Beastie Boys,B-Boy Bouillabaisse: A.W.O.L. (2009 Digital Remaster),hip hop,3.749053124999998,Lauryn Hill,Interlude 5,r&b/soul,3.645199999999999,Cat Stevens,Rubylove,folk,0.789977905064156,Gorky's Zygotic Mynci,Honeymoon With You,pop,0.5841660214865285,Teena Marie,Dear Lover,r&b/soul,0.5288989868982488,Cat Stevens,Rubylove,folk,0.7914090893574053,Gorky's Zygotic Mynci,Honeymoon With You,pop,0.592999738458225,Teena Marie,Dear Lover,r&b/soul,0.5409967898181834,Tavares,Don't Take Away The Music,r&b/soul,210.61033262548898,Alicia Keys,Tell You Something (Nana's Reprise),r&b/soul,208.13738723007177,Xzibit,Been A Long Time (Featuring Nate Dogg),hip hop,195.76097111476406,Tavares,Don't Take Away The Music,r&b/soul,183.39755369261277,Alicia Keys,Tell You Something (Nana's Reprise),r&b/soul,165.60858585951195,Cat Stevens,Rubylove,folk,164.13431399977327,Cat Stevens,Rubylove,folk,0.5202500032504929,J.J. Cale,Ooh La La,blues,0.44018545283266053,Janet Jackson,Throb,r&b/soul,0.38432940622358824,Cat Stevens,Rubylove,folk,0.5273252542506163,J.J. Cale,Ooh La La,blues,0.45350963770818403,Janet Jackson,Throb,r&b/soul,0.3983442967749673
TRNOUUF128F4280B8D,SOHREDT12A8C13862F,ARZENOX1187B98A645,John Mayer,Why Georgia,folk,Eminem,8 Mile,hip hop,3749.0,Beastie Boys,B-Boy Bouillabaisse: A.W.O.L. (2009 Digital Remaster),hip hop,3657.0,Rufio,Over It (Acoustic),punk,3583.0,Eminem,8 Mile,hip hop,4.407549999999999,Rufio,Over It (Acoustic),punk,4.329050000000003,Beastie Boys,B-Boy Bouillabaisse: A.W.O.L. (2009 Digital Remaster),hip hop,4.201949999999999,Eminem,8 Mile,hip hop,0.7480160130617092,Eminem,Rabbit Run,hip hop,0.7477634748512578,Common,Book Of Life,hip hop,0.7462799898867994,Eminem,8 Mile,hip hop,0.75774016369134,Eminem,Rabbit Run,hip hop,0.7575083177970414,Common,Book Of Life,hip hop,0.7555192686623954,Eminem,8 Mile,hip hop,199.77976454468484,Lauryn Hill,Interlude 5,r&b/soul,182.27748219342735,Recoil,Curse,electronic,180.848050769931,Recoil,Curse,electronic,107.43448027464643,Eminem,8 Mile,hip hop,103.4672092454818,Atmosphere,Hair,hip hop,102.17803787393434,Ani DiFranco,Grey (from Revelling Reckoning),folk,0.2560548683429234,Everly Brothers,I Wonder If I Care As Much,country,0.2539129866471818,Chicago,Life It What It Is (Remastered LP Version),pop,0.2522870682983086,Chicago,Life It What It Is (Remastered LP Version),pop,0.31015292989056326,Atmosphere,Hair,hip hop,0.3092680248169847,Ani DiFranco,Grey (from Revelling Reckoning),folk,0.30843301702029485
TREKVTY128E0784BA3,SOBHKVI12A6701F1C8,ARC8CQZ1187B98DECA,Jack Johnson,Mudfootball (For Moe Lerner),folk,Lauryn Hill,Interlude 5,r&b/soul,2367.0,Beastie Boys,B-Boy Bouillabaisse: A.W.O.L. (2009 Digital Remaster),hip hop,1514.0,Michael Jackson,Man In The Mirror,pop,1355.0,Lauryn Hill,Interlude 5,r&b/soul,2.5309500000000003,Beastie Boys,B-Boy Bouillabaisse: A.W.O.L. (2009 Digital Remaster),hip hop,1.534740625,Michael Jackson,Man In The Mirror,pop,1.3269812499999998,Shane MacGowan And The Popes,More Pricks Than Kicks,folk,0.5190026997832178,Beast,Devil,electronic,0.5055528952192943,Bouncing Souls,East Coast Fuck You,punk,0.4955270649658411,Beast,Devil,electronic,0.5392784452354596,Shane MacGowan And The Popes,More Pricks Than Kicks,folk,0.5382528517857033,Big Moe,S.U.C.,hip hop,0.5233054874891184,Lauryn Hill,Interlude 5,r&b/soul,340.715511799639,Beastie Boys,B-Boy Bouillabaisse: A.W.O.L. (2009 Digital Remaster),hip hop,240.01358116234522,Eminem,8 Mile,hip hop,191.84246301204493,Lauryn Hill,Interlude 5,r&b/soul,191.87709416060704,Freshman 15,She's Everything,punk,106.23352647318946,The Arrogant Sons Of Bitches,Kill The President,punk,101.98341200540987,Keziah Jones,Neptune,blues,0.2508490759333894,Amel Larrieux,lucky to be me,jazz,0.24582464015221867,Freshman 15,She's Everything,punk,0.2443558651163129,Lauryn Hill,Interlude 5,r&b/soul,0.33689041722571444,Alison Krauss / Union Station,Find My Way Back To My Heart,country,0.30083445009634635,Terra Naomi,New Song,electronic,0.29679865522139326
TRYNAAP128F427EF64,SOCJTTL12A8C14009F,AR7OA5G1187B98D3A0,Sufjan Stevens,Sister Winter,folk,Lauryn Hill,Interlude 5,r&b/soul,3703.0,Beastie Boys,B-Boy Bouillabaisse: A.W.O.L. (2009 Digital Remaster),hip hop,3494.0,Twista,I'm A Winner (Amended Album Version),hip hop,3410.0,Lauryn Hill,Interlude 5,r&b/soul,4.2745500000000005,Beastie Boys,B-Boy Bouillabaisse: A.W.O.L. (2009 Digital Remaster),hip hop,4.071290624999999,Twista,I'm A Winner (Amended Album Version),hip hop,4.031018749999999,Bette Midler,Friends/Oh My My (LIve),folk,0.7716130694009681,Diary of Dreams,Tears of Laughter,punk,0.68690663339737,Abba,Waterloo,pop,0.6837850855869918,Bette Midler,Friends/Oh My My (LIve),folk,0.7771210723403891,Diary of Dreams,Tears of Laughter,punk,0.6946715261934102,Abba,Waterloo,pop,0.6914900399419549,Incognito,Stone Cold Heart,r&b/soul,115.16622048911093,Brick & Lace,Love Is Wicked,r&b/soul,112.54983681986005,Natalie Cole,Your Eyes,r&b/soul,110.76667198117916,Incognito,Stone Cold Heart,r&b/soul,98.26273960345077,Natalie Cole,Your Eyes,r&b/soul,93.42206795026257,Bobby McFerrin,Don't Worry_ Be Happy,reggae,87.95692459782924,Laura Fygi,I Wish You Love,jazz,0.329279845016763,Frank Sinatra,Put Your Dreams Away,jazz,0.29848663434423894,Incognito,Stone Cold Heart,r&b/soul,0.29576813897493776,Laura Fygi,I Wish You Love,jazz,0.3523494923229729,Incognito,Stone Cold Heart,r&b/soul,0.3287648244891755,Frank Sinatra,Put Your Dreams Away,jazz,0.32342425848096695
TRFMWVJ128E0791E70,SODZLMJ127D977E810,ARE0WH81187B9A7BA3,Rufus Wainwright,In A Graveyard,folk,Lauryn Hill,Interlude 5,r&b/soul,613.0,Ja Rule,One of Us,hip hop,541.0,Beastie Boys,B-Boy Bouillabaisse: A.W.O.L. (2009 Digital Remaster),hip hop,461.0,Lauryn Hill,Interlude 5,r&b/soul,0.6466500000000001,Ja Rule,One of Us,hip hop,0.6039375000000003,Beastie Boys,B-Boy Bouillabaisse: A.W.O.L. (2009 Digital Remaster),hip hop,0.4762312499999995,Birth Control,Gamma Ray,rock,0.4731157847452205,Asphyx,Indulge In Frenzy,metal,0.436626329224303,Naglfar,And The World Shall Be Your Grave,metal,0.4298124676005146,Birth Control,Gamma Ray,rock,0.494657065039745,Asphyx,Indulge In Frenzy,metal,0.4572753147241977,Reverend Bizarre,Doom Over The World,metal,0.4545166287977355,The Streets,Weak Become Heroes,hip hop,111.94654881792685,T Bone Burnett,I'm Going On A Long Journey Never To Return,blues,87.8568212763781,Savatage,The Hourglass,metal,83.34877525273843,The Streets,Weak Become Heroes,hip hop,81.95802581213734,T Bone Burnett,I'm Going On A Long Journey Never To Return,blues,74.23851241785412,Judy Collins,Cat's In The Cradle,folk,52.535118073988016,The Misfits,Static Age,punk,0.2985190016201285,T Bone Burnett,I'm Going On A Long Journey Never To Return,blues,0.2715442467681083,The Streets,Weak Become Heroes,hip hop,0.24579356815098416,The Misfits,Static Age,punk,0.31613263462761815,T Bone Burnett,I'm Going On A Long Journey Never To Return,blues,0.30580221756849907,The Streets,Weak Become Heroes,hip hop,0.30042804062007916
TRLTTDC128E079380E,SOCTYHG12A679D7E2B,ARE0WH81187B9A7BA3,Rufus Wainwright,Baby,folk,Lauryn Hill,Interlude 5,r&b/soul,5681.0,Twista,I'm A Winner (Amended Album Version),hip hop,5126.0,Beastie Boys,B-Boy Bouillabaisse: A.W.O.L. (2009 Digital Remaster),hip hop,4861.0,Lauryn Hill,Interlude 5,r&b/soul,6.60675,Twista,I'm A Winner (Amended Album Version),hip hop,6.084328125000001,Erykah Badu,I Want You,r&b/soul,5.835757812499999,Less Than Jake,I Think I Love You,reggae,0.8339074933245743,Next,I Still Love You,r&b/soul,0.8239305960493901,Mario Vazquez,Everytime I...,r&b/soul,0.8152414104270829,Less Than Jake,I Think I Love You,reggae,0.8386664591573368,Next,I Still Love You,r&b/soul,0.8289853313139036,Mario Vazquez,Everytime I...,r&b/soul,0.8183457283868151,Beastie Boys,B-Boy Bouillabaisse: A.W.O.L. (2009 Digital Remaster),hip hop,208.71315954220643,Lauryn Hill,Interlude 5,r&b/soul,191.80567188152486,Eminem,8 Mile,hip hop,187.92540895895826,Javier,Slow Motion,r&b/soul,118.45819395585893,Usher,Roni,r&b/soul,117.38260107140097,Old Crow Medicine Show,Fall On My Knees,folk,108.70861788707474,Old Crow Medicine Show,Fall On My Knees,folk,0.361281456485354,The Jeff Healey Band,My Little Girl,blues,0.35232467461146516,Nouvelle Vague,Blister In The Sun,jazz,0.30860039707852327,Old Crow Medicine Show,Fall On My Knees,folk,0.4027804369648622,The Jeff Healey Band,My Little Girl,blues,0.3953298781696502,Maysa,Love Won't Let Me Wait,r&b/soul,0.3455862656456467
TRUCWXA128F92E4944,SOYGQGR12AF72ABAB8,ARQEBGJ122E6447D2B,Edward Sharpe & The Magnetic Zeros,Janglin,folk,Lauryn Hill,Interlude 5,r&b/soul,1710.0,Beastie Boys,B-Boy Bouillabaisse: A.W.O.L. (2009 Digital Remaster),hip hop,1085.0,Eminem,My Darling,hip hop,1072.0,Lauryn Hill,Interlude 5,r&b/soul,1.8638,The Prodigy,We Gonna Rock,electronic,1.2522249999999997,Eminem,My Darling,hip hop,1.1724703125,Suicide Commando,Dead March,electronic,0.6719954819835088,Dead Kennedys,Goons of Hazzard,punk,0.6659943286996225,Thompson Twins,We Are Detective,pop,0.6419592206954009,Dead Kennedys,Goons of Hazzard,punk,0.6786363838670403,Suicide Commando,Dead March,electronic,0.6777057515773306,Thompson Twins,We Are Detective,pop,0.6545859675012985,Lauryn Hill,Interlude 5,r&b/soul,175.77796105238792,Dolly Parton,Daddy's Moonshine Still,country,143.73433398328118,Beastie Boys,B-Boy Bouillabaisse: A.W.O.L. (2009 Digital Remaster),hip hop,140.1033242101066,Dolly Parton,Daddy's Moonshine Still,country,109.83453747399051,Alborosie,Likkle Africa,reggae,99.26949071245441,Bran Van 3000,Carry On,hip hop,86.24971422570536,The Unseen,Dead Weight Falls (Album Version),punk,0.28782607192202436,Dolly Parton,Daddy's Moonshine Still,country,0.2868064408578359,HIM,Sigillum Diaboli,metal,0.2771429140115627,Dolly Parton,Daddy's Moonshine Still,country,0.3424473443939047,The Unseen,Dead Weight Falls (Album Version),punk,0.32399038003679664,Alborosie,Likkle Africa,reggae,0.3138151391571557
TRGQBAX128F426EFCA,SOERZLJ12A8C132D53,AR5FP401187FB523C9,Bob Dylan,Ballad In Plain D,folk,Lauryn Hill,Interlude 5,r&b/soul,4363.0,Beastie Boys,B-Boy Bouillabaisse: A.W.O.L. (2009 Digital Remaster),hip hop,4319.0,Eminem,8 Mile,hip hop,3527.0,Beastie Boys,B-Boy Bouillabaisse: A.W.O.L. (2009 Digital Remaster),hip hop,4.835182812499998,Lauryn Hill,Interlude 5,r&b/soul,4.779849999999998,Eminem,8 Mile,hip hop,3.983442187499999,Con Funk Shun,Electric Lady,r&b/soul,0.7656771058305044,Example,Birthday Card,hip hop,0.7493331908470001,Chicago,Caroline (Album Version),pop,0.744421710432285,Con Funk Shun,Electric Lady,r&b/soul,0.7786801438980581,Example,Birthday Card,hip hop,0.7638939200181829,Chicago,Caroline (Album Version),pop,0.7600571652544487,Beastie Boys,B-Boy Bouillabaisse: A.W.O.L. (2009 Digital Remaster),hip hop,339.33616766101255,Lauryn Hill,Interlude 5,r&b/soul,331.32491245600363,Eminem,8 Mile,hip hop,275.66685447540215,The Corrs,Queen Of Hollywood ( LP Version ),pop,167.50806091422467,The Pharcyde,Passin' Me By,hip hop,133.29890702271703,Robin Trower,Day Of The Eagle,blues,127.88521748061383,Cannibal Corpse,Nothing Left to Mutilate,metal,0.2810616248233995,Kitty Wells,Mommy For A Day,country,0.2754729855709479,Stephen Lynch,Albino,folk,0.27002974361698034,Kitty Wells,Mommy For A Day,country,0.3443253650467544,The Pharcyde,Passin' Me By,hip hop,0.34295700876159463,Cannibal Corpse,Nothing Left to Mutilate,metal,0.33999422746452257
TRGSDTP128F92F76D1,SOHMZEX12A8C132F5F,AR5FP401187FB523C9,Bob Dylan,One Of Us Must Know (Sooner Or Later),folk,Lauryn Hill,Interlude 5,r&b/soul,8617.0,Twista,I'm A Winner (Amended Album Version),hip hop,6823.0,Erykah Badu,I Want You,r&b/soul,5664.0,Lauryn Hill,Interlude 5,r&b/soul,10.124950000000002,Twista,I'm A Winner (Amended Album Version),hip hop,8.106371875,Erykah Badu,I Want You,r&b/soul,6.842467187499995,Angela Bofill,I Try,r&b/soul,0.8249023999190265,Leonard Cohen,Chelsea Hotel #2,folk,0.8194665364814029,Clawfinger,Revenge,metal,0.8091981097180729,Angela Bofill,I Try,r&b/soul,0.8300310278249087,Leonard Cohen,Chelsea Hotel #2,folk,0.8255527888645763,Clawfinger,Revenge,metal,0.8158894872455159,Lauryn Hill,Interlude 5,r&b/soul,343.357483734174,Eminem,8 Mile,hip hop,223.35633658421602,Mobb Deep,Trife Life,hip hop,223.20651021500137,Lauryn Hill,Interlude 5,r&b/soul,193.6833889930505,R. Kelly,Kickin' It With Your Girlfriend,r&b/soul,140.9720429878944,Aaron Carter,That's How I Beat Shaq,pop,133.61927854454868,The Mighty Mighty Bosstones,The Skeleton Song,reggae,0.3128856631886969,Robert Palmer,I Didn't Mean To Turn You On,rock,0.30092040769335204,Lloyd Cole,I Didn't Know That You Cared,electronic,0.2813307245806396,The Mighty Mighty Bosstones,The Skeleton Song,reggae,0.366870252716663,Lauryn Hill,Interlude 5,r&b/soul,0.3509503755085583,Bobby Bare,Numbers,country,0.3493588569218357
TRMRMTN128F92D426F,SOIZDJI12A8C1435C7,ARSF0K11187B9AF319,James Taylor,It's Growing,folk,Lauryn Hill,Interlude 5,r&b/soul,5582.0,Daft Punk,Touch It / Technologic,electronic,4204.0,Vanilla Ice,Ice Is Workin' It,hip hop,4069.0,Lauryn Hill,Interlude 5,r&b/soul,6.285200000000003,Daft Punk,Touch It / Technologic,electronic,4.981748437499999,Vanilla Ice,Ice Is Workin' It,hip hop,4.7589125,Big Bad Voodoo Daddy,Big And Bad,jazz,0.6544471983993555,16 Horsepower,Coal Black Horses,country,0.6411735414584436,TLC,Shock Dat Monkey,r&b/soul,0.5359128863342336,Big Bad Voodoo Daddy,Big And Bad,jazz,0.6623058767432092,16 Horsepower,Coal Black Horses,country,0.6494944600193853,TLC,Shock Dat Monkey,r&b/soul,0.5487054736705547,Lauryn Hill,Interlude 5,r&b/soul,295.4894528590804,Beastie Boys,Hey Ladies (2009 Digital Remaster),hip hop,190.04396009560924,16 Horsepower,Coal Black Horses,country,185.3281550051125,Lauryn Hill,Interlude 5,r&b/soul,161.35727133361905,16 Horsepower,Coal Black Horses,country,152.3963468744447,Anthony David,Stop Playin',r&b/soul,150.04974514919445,Lesley Gore,Hey Now,pop,0.30656438500759986,Stevie Ray Vaughan And Double Trouble,Tin Pan Alley (aka Roughest Place In Town),blues,0.3018520599308715,Anthony David,Stop Playin',r&b/soul,0.29919241505587796,Anthony David,Stop Playin',r&b/soul,0.33726486448287507,Nina Simone,Blues Prelude,jazz,0.33725926716918364,Stevie Ray Vaughan And Double Trouble,Tin Pan Alley (aka Roughest Place In Town),blues,0.33724674125748416
TRDFPTZ128F14B108C,SOJKUOG12A6D4FD11D,ARSF0K11187B9AF319,James Taylor,Oh_ Susannah (LP Version),folk,Beastie Boys,B-Boy Bouillabaisse: A.W.O.L. (2009 Digital Remaster),hip hop,2513.0,Lauryn Hill,Interlude 5,r&b/soul,2392.0,Twista,I'm A Winner (Amended Album Version),hip hop,2121.0,Beastie Boys,B-Boy Bouillabaisse: A.W.O.L. (2009 Digital Remaster),hip hop,2.898896875,Lauryn Hill,Interlude 5,r&b/soul,2.7002,Twista,I'm A Winner (Amended Album Version),hip hop,2.46185625,Snoop Dogg,Snoopafella (Edited),hip hop,0.7393268470616094,King Tee,Act A Fool,hip hop,0.723399579469537,Arc Angels,Shape I'm In,blues,0.7175666732967817,Snoop Dogg,Snoopafella (Edited),hip hop,0.751170263555241,King Tee,Act A Fool,hip hop,0.7361404325547102,Beastie Boys,B-Boy Bouillabaisse: A.W.O.L. (2009 Digital Remaster),hip hop,0.7270736977073202,Beastie Boys,B-Boy Bouillabaisse: A.W.O.L. (2009 Digital Remaster),hip hop,153.1602106865457,Twista,Overdose (Album Version),hip hop,145.9016385648593,Lauryn Hill,Interlude 5,r&b/soul,119.77905038635221,Jolie Holland,Love Henry,country,96.73190010586673,Ayo,Down On My Knees,r&b/soul,90.74170492332024,Twista,Overdose (Album Version),hip hop,83.54676978036575,Jolie Holland,Love Henry,country,0.3520951102877327,Ayo,Down On My Knees,r&b/soul,0.3518121060808812,Ramones,Needles And Pins (Remastered Album Version ),punk,0.3275807713239221,Jolie Holland,Love Henry,country,0.39651264630031463,Ayo,Down On My Knees,r&b/soul,0.38260432040445475,Ramones,Needles And Pins (Remastered Album Version ),punk,0.3671005272113304
TROZEMN128F4262CCA,SOHSTLE12A8C132425,ARSF0K11187B9AF319,James Taylor,Something In The Way She Moves,folk,Lauryn Hill,Interlude 5,r&b/soul,4724.0,Beastie Boys,B-Boy Bouillabaisse: A.W.O.L. (2009 Digital Remaster),hip hop,3817.0,Twiztid,She Ain't Afraid,hip hop,3260.0,Lauryn Hill,Interlude 5,r&b/soul,5.286299999999999,Beastie Boys,B-Boy Bouillabaisse: A.W.O.L. (2009 Digital Remaster),hip hop,4.2538453124999975,Twiztid,She Ain't Afraid,hip hop,3.714792187500001,Atmosphere,Hair,hip hop,0.6717997645006976,Obie Trice,Got Some Teeth,hip hop,0.6500910799894821,The Pharcyde,Passin' Me By,hip hop,0.6495420206197383,Atmosphere,Hair,hip hop,0.6898237509042626,Obie Trice,Got Some Teeth,hip hop,0.6668673603111734,The Pharcyde,Passin' Me By,hip hop,0.6661505056060111,Lauryn Hill,Interlude 5,r&b/soul,275.3018070281613,Beastie Boys,B-Boy Bouillabaisse: A.W.O.L. (2009 Digital Remaster),hip hop,274.046451458833,Eric B. & Rakim,What's On Your Mind,hip hop,199.11079994225133,Lauryn Hill,Interlude 5,r&b/soul,119.58571902883509,Beastie Boys,B-Boy Bouillabaisse: A.W.O.L. (2009 Digital Remaster),hip hop,115.33088772516885,Eric B. & Rakim,What's On Your Mind,hip hop,113.99247569430607,Skip James,Cherry Ball Blues,blues,0.3369846401821762,Little Walter,You're So Fine,blues,0.30656155082515324,Phantom Planet,By The Bed,rock,0.26656425857722105,Skip James,Cherry Ball Blues,blues,0.37800989412500113,Little Walter,You're So Fine,blues,0.3517217944422391,Phantom Planet,By The Bed,rock,0.33532986353410316
TRGAZWQ12903CB0BA9,SOGJZZZ12AF72AA43B,ARYQES41187B9B960F,David Gray,Draw The Line,folk,Lauryn Hill,Interlude 5,r&b/soul,1466.0,Beastie Boys,B-Boy Bouillabaisse: A.W.O.L. (2009 Digital Remaster),hip hop,1176.0,Marques Houston,Cancel (Album Version),r&b/soul,1002.0,Lauryn Hill,Interlude 5,r&b/soul,1.4506999999999997,Beastie Boys,B-Boy Bouillabaisse: A.W.O.L. (2009 Digital Remaster),hip hop,1.1507093749999997,Marques Houston,Cancel (Album Version),r&b/soul,1.122553125,Against All Authority,Stand In Line,reggae,0.4370826660431153,Beck,Farewell Ride,rock,0.4354391998669559,Pat Green,California,country,0.4310093323832423,Against All Authority,Stand In Line,reggae,0.4568882237507943,Beck,Farewell Ride,rock,0.4554883361460728,Pat Green,California,country,0.4541322126490904,Lauryn Hill,Interlude 5,r&b/soul,191.81334705411317,Beastie Boys,B-Boy Bouillabaisse: A.W.O.L. (2009 Digital Remaster),hip hop,191.19847189165057,Eminem,8 Mile,hip hop,181.34059263617067,Black Box,Strike It Up,electronic,104.67779331771972,The Streets,The Irony Of It All (Album Version),electronic,99.19657870275107,Heaven 17,We're Going To Live For A Very Long Time (2006 Digital Remaster),electronic,96.32903457398557,Black Box,Strike It Up,electronic,0.29117859578894084,ZZ Top,Move Me On Down The Line [Remastered Album Version],blues,0.24485867066984793,Beck,Farewell Ride,rock,0.22593237765019522,Black Box,Strike It Up,electronic,0.3385578381756162,The Streets,The Irony Of It All (Album Version),electronic,0.30192869119615884,Lauryn Hill,Adam Lives In Theory,r&b/soul,0.2874770452972278
TRSNACX128E078AA88,SOKYDGS12A6701E3CB,ARYQES41187B9B960F,David Gray,Sail Away,folk,Fatboy Slim,The Rockafeller Skank,electronic,4327.0,Lauryn Hill,Interlude 5,r&b/soul,3842.0,Danity Kane,Hold Me Down (Album Version),r&b/soul,3580.0,Fatboy Slim,The Rockafeller Skank,electronic,5.172749999999993,Lauryn Hill,Interlude 5,r&b/soul,4.259699999999998,Danity Kane,Hold Me Down (Album Version),r&b/soul,4.223512499999997,OV7,Angelica,latin,0.6312952792090802,Usher,Nice & Slow,r&b/soul,0.6208463246777806,The Quireboys,Misled,rock,0.6154786750501658,OV7,Angelica,latin,0.6422368518882587,Usher,Nice & Slow,r&b/soul,0.6338410188205807,The Quireboys,Misled,rock,0.6288536656274727,Janis Joplin,Kozmic Blues,blues,173.04798650455666,Keri Noble,Piece Of My Heart,jazz,170.47049789996035,Lauryn Hill,Interlude 5,r&b/soul,157.50022079948974,Janis Joplin,Kozmic Blues,blues,129.11478474474865,Keri Noble,Piece Of My Heart,jazz,125.34126041010902,Boyz II Men,Never Go Away,r&b/soul,96.7514163017647,George Thorogood And The Destroyers,Give Me Back My Wig,blues,0.31859587257615474,Boyz II Men,Shining Star,r&b/soul,0.27689650310956965,Boyz II Men,Never Go Away,r&b/soul,0.2720614123639018,George Thorogood And The Destroyers,Give Me Back My Wig,blues,0.3470198645883835,Boyz II Men,Never Go Away,r&b/soul,0.32411122742946746,Boyz II Men,Shining Star,r&b/soul,0.31730949483214227
TRXCQOC12903CB0BBA,SOEWUQY12AB0188156,ARYQES41187B9B960F,David Gray,Stella The Artist,folk,Lauryn Hill,Interlude 5,r&b/soul,1637.0,Beastie Boys,B-Boy Bouillabaisse: A.W.O.L. (2009 Digital Remaster),hip hop,1278.0,Twiztid,She Ain't Afraid,hip hop,1016.0,Lauryn Hill,Interlude 5,r&b/soul,1.774849999999999,Beastie Boys,B-Boy Bouillabaisse: A.W.O.L. (2009 Digital Remaster),hip hop,1.370534375,Twiztid,She Ain't Afraid,hip hop,1.1119906250000005,Bob Dylan,Ballad In Plain D,folk,0.470142089766118,Biz Markie,Vapors,hip hop,0.4701387893544121,Karan Casey,Song Of Lies,folk,0.4632499483995282,Biz Markie,Vapors,hip hop,0.5017708039497569,Bob Dylan,Ballad In Plain D,folk,0.4963615751163783,Karan Casey,Song Of Lies,folk,0.4881574546551795,Beastie Boys,B-Boy Bouillabaisse: A.W.O.L. (2009 Digital Remaster),hip hop,155.05705659531193,Lauryn Hill,Interlude 5,r&b/soul,144.1707167487396,Ying Yang Twins,1st Booty On Duty,hip hop,132.98878084525415,Ying Yang Twins,1st Booty On Duty,hip hop,90.55686064154794,Beastie Boys,B-Boy Bouillabaisse: A.W.O.L. (2009 Digital Remaster),hip hop,79.50149158466625,Savatage,The Hourglass,metal,76.02335007492952,Fairground Attraction,Winter Rose,folk,0.370264030028287,Leadbelly,Keep Your Hands Off Her,blues,0.3160247809652019,Gene Watson,ROSE IN THE SAND,country,0.2732129651062717,Fairground Attraction,Winter Rose,folk,0.3813226439364804,Leadbelly,Keep Your Hands Off Her,blues,0.3352663093334754,Noe Venable,Prayer for Beauty,r&b/soul,0.3081853878406747
TRPGPVH128F429B2F0,SOGACYC12A8C13C528,ARZWK2R1187B98F09F,Rise Against,Swing Life Away (Acoustic),folk,Lauryn Hill,Interlude 5,r&b/soul,4554.0,Beastie Boys,B-Boy Bouillabaisse: A.W.O.L. (2009 Digital Remaster),hip hop,3753.0,Twista,I'm A Winner (Amended Album Version),hip hop,3492.0,Lauryn Hill,Interlude 5,r&b/soul,5.133599999999999,Beastie Boys,B-Boy Bouillabaisse: A.W.O.L. (2009 Digital Remaster),hip hop,4.223854687499999,Twista,I'm A Winner (Amended Album Version),hip hop,3.999740625,Josh Turner,Soulmate,country,0.7046213058004952,Tony Sly,On the Outside,folk,0.6898616654683779,Skankin' Pickle,Gas In My Car,reggae,0.6801670204477925,Josh Turner,Soulmate,country,0.7189496142418095,Tony Sly,On the Outside,folk,0.706768690944044,Skankin' Pickle,Gas In My Car,reggae,0.697442950464658,Lauryn Hill,Interlude 5,r&b/soul,264.3623515797913,Eminem,8 Mile,hip hop,228.55649239402584,Ying Yang Twins,1st Booty On Duty,hip hop,207.5670691028537,Ying Yang Twins,1st Booty On Duty,hip hop,122.38278261326374,Big & Rich,Live This Life (Album Version + Non-Music Hidden Track),country,115.73645649385669,Lauryn Hill,Interlude 5,r&b/soul,115.5471727496339,Gary Allan,Bourbon Borderline,country,0.2935421918417252,Kings Of Convenience,Summer On The West Hill,folk,0.2931416423917829,Rebelution,Moonlight,reggae,0.27981466585572207,Gary Allan,Bourbon Borderline,country,0.3369133426887831,Kings Of Convenience,Summer On The West Hill,folk,0.33450871406098964,Clawfinger,Revenge,metal,0.33163144308067655
TRHLRGU128F42643FB,SORGTNE12D02193408,AR5FP401187FB523C9,Bob Dylan,Billy 4,folk,Lauryn Hill,Interlude 5,r&b/soul,3007.0,Twista,I'm A Winner (Amended Album Version),hip hop,2423.0,Eminem,My Darling,hip hop,2140.0,Lauryn Hill,Interlude 5,r&b/soul,3.25965,Twista,I'm A Winner (Amended Album Version),hip hop,2.702571875,Pain of Salvation,Spitfall,metal,2.42494375,Pain of Salvation,Spitfall,metal,0.6418661041430549,Murs,The Dance,hip hop,0.593224739387696,Warrant,Hollywood (So Far_ So Good),rock,0.5865989028345342,Pain of Salvation,Spitfall,metal,0.6626789551653871,Murs,The Dance,hip hop,0.6265403539181253,John Cale,Graham Greene,folk,0.6059454199125038,Beastie Boys,B-Boy Bouillabaisse: A.W.O.L. (2009 Digital Remaster),hip hop,283.085508821287,Savatage,The Hourglass,metal,222.76604678842045,Murs,The Dance,hip hop,216.29327259886196,Nelly,St. Louie,hip hop,125.81423532887341,Beastie Boys,B-Boy Bouillabaisse: A.W.O.L. (2009 Digital Remaster),hip hop,110.66404328370989,KMD,Plumskinzz (Loose Hoe_ God & Cupid),hip hop,108.18788062845181,Etta Jones,Something to remember you by,jazz,0.261307416125141,Neil Young,Down By The River [Live At Massey Hall 1971],folk,0.24875308379808192,Lacy J. Dalton,Whisper,country,0.23739091673434354,Nelly,St. Louie,hip hop,0.308745511750744,Gang Starr,The Illest Brother,hip hop,0.30480277321878674,Etta Jones,Something to remember you by,jazz,0.30158591540178137
TRFCCKL128F426EE8E,SORACYK12D02193097,AR5FP401187FB523C9,Bob Dylan,Stuck Inside Of Mobile With The Memphis Blues Again,folk,Lauryn Hill,Interlude 5,r&b/soul,7190.0,Beastie Boys,B-Boy Bouillabaisse: A.W.O.L. (2009 Digital Remaster),hip hop,5605.0,Twista,I'm A Winner (Amended Album Version),hip hop,4521.0,Lauryn Hill,Interlude 5,r&b/soul,7.920299999999997,Beastie Boys,B-Boy Bouillabaisse: A.W.O.L. (2009 Digital Remaster),hip hop,6.113775000000001,Twista,I'm A Winner (Amended Album Version),hip hop,4.953800000000001,Biz Markie,Vapors,hip hop,0.6353965509281014,Tonedeff,Ridiculous,hip hop,0.6167885032279063,The Arrogant Sons Of Bitches,Kill The President,punk,0.6160583982478218,Biz Markie,Vapors,hip hop,0.6678006172278396,Tonedeff,Ridiculous,hip hop,0.6462188123703354,Atmosphere,Hair,hip hop,0.6437198518961156,Beastie Boys,B-Boy Bouillabaisse: A.W.O.L. (2009 Digital Remaster),hip hop,522.9782054898216,Lauryn Hill,Interlude 5,r&b/soul,505.5609214627016,Murs,The Dance,hip hop,362.8333379462985,Beastie Boys,B-Boy Bouillabaisse: A.W.O.L. (2009 Digital Remaster),hip hop,221.1368101947243,Lauryn Hill,Interlude 5,r&b/soul,209.4238560991395,Spearhead,Tha Payroll (Stay Strong),r&b/soul,193.83663690537188,Extreme,Li'l Jack Horny,rock,0.3170599135326456,Bessie Smith,Beale Street Mama,blues,0.30902903321047825,Judge Dread,The Winkle Man,reggae,0.28868134076771923,Judge Dread,The Winkle Man,reggae,0.3755229974769261,Bessie Smith,Beale Street Mama,blues,0.3733716703892366,Beastie Boys,B-Boy Bouillabaisse: A.W.O.L. (2009 Digital Remaster),hip hop,0.3649269897433221
TRGOYOU128F93223F2,SOWILEH12CF5F8729B,AR5FP401187FB523C9,Bob Dylan,Pretty Peggy-O,folk,Lauryn Hill,Interlude 5,r&b/soul,1454.0,Beastie Boys,B-Boy Bouillabaisse: A.W.O.L. (2009 Digital Remaster),hip hop,1186.0,Eminem,My Darling,hip hop,1144.0,Lauryn Hill,Interlude 5,r&b/soul,1.5024000000000002,Marques Houston,Cancel (Album Version),r&b/soul,1.2677546875,Eminem,My Darling,hip hop,1.2371296875,Rasputina,Mr. E. Leon Rauis,rock,0.5228907274239639,Bad Religion,Automatic Man (Album Version),punk,0.5110774648400737,Bauhaus,The Sanity Assassin,punk,0.5018354299347376,Rasputina,Mr. E. Leon Rauis,rock,0.5416654706732521,Bad Religion,Automatic Man (Album Version),punk,0.5282993028416241,THERION,Darkness eve,metal,0.5179596269795272,Beastie Boys,B-Boy Bouillabaisse: A.W.O.L. (2009 Digital Remaster),hip hop,161.24898321054894,Lauryn Hill,Interlude 5,r&b/soul,154.59558267896728,Binary Star,Wolfman Jack,hip hop,132.59880099267122,Dixie Chicks,Travelin' Soldier,country,94.35808349358886,Gillian Welch,Elvis Presley Blues,country,91.40659440436421,Blind Willie Johnson,If I Had My Way I'd Tear This Building Down,blues,88.58561050253165,John Mayall,My Pretty Girl,blues,0.299005850828031,Capdown,Truly Dead,reggae,0.28247331165710265,The Charlatans,Dead Love,rock,0.2650012735028914,John Mayall,My Pretty Girl,blues,0.3213486694890264,Capdown,Truly Dead,reggae,0.31770425398265045,The Charlatans,Dead Love,rock,0.29403790434552673
TROMGSH128F427A408,SOBADWZ12CF5F86CD7,AR5FP401187FB523C9,Bob Dylan,She Belongs To Me,folk,Twiztid,She Ain't Afraid,hip hop,1718.0,UGK (Underground Kingz),She Luv It,hip hop,1594.0,The Corrs,Queen Of Hollywood ( LP Version ),pop,1481.0,Twiztid,She Ain't Afraid,hip hop,1.9734218750000003,UGK (Underground Kingz),She Luv It,hip hop,1.8755000000000004,The Corrs,Queen Of Hollywood ( LP Version ),pop,1.753343749999999,Lionel Richie,She's Amazing,r&b/soul,0.7441348931319411,Janie Fricke,She's Single Again,country,0.7286398001650657,DAN SEALS,Addicted,country,0.7259392328589439,Lionel Richie,She's Amazing,r&b/soul,0.7496652116822717,Janie Fricke,She's Single Again,country,0.7369258686409615,DAN SEALS,Addicted,country,0.7344662537966612,Twiztid,She Ain't Afraid,hip hop,158.6665799458677,Ying Yang Twins,1st Booty On Duty,hip hop,142.98479378855288,Atmosphere,Hair,hip hop,141.17521863999033,Freshman 15,She's Everything,punk,113.56220840658048,Shaggy,Luv Me Up,reggae,103.47373498027208,Twiztid,She Ain't Afraid,hip hop,102.1252496432669,Fear,Beef Bologna,punk,0.35310669237015463,Lee Roy Parnell,When A Woman Loves A Man,country,0.3332674886073412,Freshman 15,She's Everything,punk,0.3308234899134348,Lee Roy Parnell,When A Woman Loves A Man,country,0.3699979854556346,Freshman 15,She's Everything,punk,0.36635724888955457,Fear,Beef Bologna,punk,0.3620963612877183
TRFBWEC128F42B8346,SOFDFBL12CF5F89018,AR5FP401187FB523C9,Bob Dylan,When The Deal Goes Down,folk,Lauryn Hill,Interlude 5,r&b/soul,4500.0,Beastie Boys,B-Boy Bouillabaisse: A.W.O.L. (2009 Digital Remaster),hip hop,3401.0,Twista,I'm A Winner (Amended Album Version),hip hop,3122.0,Lauryn Hill,Interlude 5,r&b/soul,5.171899999999998,Beastie Boys,B-Boy Bouillabaisse: A.W.O.L. (2009 Digital Remaster),hip hop,3.8723328125,Twista,I'm A Winner (Amended Album Version),hip hop,3.606384375,Martin Jondo,Hold You,reggae,0.7790156913243186,Hieroglyphics,Shift Shape,hip hop,0.7589073932774928,The Streets,The Irony Of It All (Album Version),electronic,0.7532121135683523,Martin Jondo,Hold You,reggae,0.7910491929359419,Hieroglyphics,Shift Shape,hip hop,0.7729686927188213,The Streets,The Irony Of It All (Album Version),electronic,0.7677562712748037,Lauryn Hill,Interlude 5,r&b/soul,232.64456769345824,Beastie Boys,B-Boy Bouillabaisse: A.W.O.L. (2009 Digital Remaster),hip hop,231.34733243888945,Eminem,8 Mile,hip hop,215.800304126523,Kristine W,Strings,r&b/soul,103.80321757392207,Eminem,8 Mile,hip hop,91.04455452974706,Billy Talent,Red Flag,punk,90.51151409603173,Kristine W,Strings,r&b/soul,0.23680904275617892,Billy Corgan,Strayz (Album Version),rock,0.2305851273009519,Carpenters,Eventide,pop,0.22738567309122293,Kristine W,Strings,r&b/soul,0.3104128685378069,Only Crime,Framed Then Failed,punk,0.288548527790627,Sally Shapiro,Hold Me So Tight,electronic,0.2853853559021894
TRDVYVJ128F426F7C0,SOXYGEE12CF5F875CF,AR5FP401187FB523C9,Bob Dylan,With God On Our Side,folk,Lauryn Hill,Interlude 5,r&b/soul,3985.0,Beastie Boys,B-Boy Bouillabaisse: A.W.O.L. (2009 Digital Remaster),hip hop,3634.0,Vanilla Ice,Ice Is Workin' It,hip hop,2801.0,Lauryn Hill,Interlude 5,r&b/soul,4.385550000000001,Beastie Boys,B-Boy Bouillabaisse: A.W.O.L. (2009 Digital Remaster),hip hop,4.044329687499999,Vanilla Ice,Ice Is Workin' It,hip hop,3.219587499999995,Lost Boyz,Keep It Real,hip hop,0.7048937862645763,Warren G,We Brings Heat,hip hop,0.6934558728704395,Mack 10,LBC And The ING (Explicit),hip hop,0.6713103670352489,Lost Boyz,Keep It Real,hip hop,0.7258165704315714,Warren G,We Brings Heat,hip hop,0.7158439676971885,Mack 10,LBC And The ING (Explicit),hip hop,0.6962439773360479,Lauryn Hill,Interlude 5,r&b/soul,296.70954033375693,Savatage,The Hourglass,metal,279.19643547179663,Beastie Boys,B-Boy Bouillabaisse: A.W.O.L. (2009 Digital Remaster),hip hop,265.68651575368705,Ensiferum,Into Battle,metal,144.06166872490877,Savatage,The Hourglass,metal,142.3328508793195,Blind Willie Johnson,Jesus Is Coming Soon,blues,129.19226179453224,Ensiferum,Into Battle,metal,0.3092552486887834,Discharge,Realities Of War,punk,0.2795319066668525,Nile,Kafir !,metal,0.2781734623788357,Ensiferum,Into Battle,metal,0.3692832041380839,Dead Kennedys,Kinky Sex Makes the World Go 'Round,punk,0.335946468059485,Funker Vogt,Thanks For Nothing,electronic,0.33096235294818327
TREKVGV128E0788976,SOSHHZB12A6701F0C5,ARN5NHX1187FB4F755,The Smashing Pumpkins,Terrapin,folk,Lauryn Hill,Interlude 5,r&b/soul,2977.0,Twista,I'm A Winner (Amended Album Version),hip hop,2510.0,Erykah Badu,I Want You,r&b/soul,2368.0,Lauryn Hill,Interlude 5,r&b/soul,3.47745,Twista,I'm A Winner (Amended Album Version),hip hop,2.9781687499999987,Erykah Badu,I Want You,r&b/soul,2.870396875,Fat Joe,Preacher On A Sunday Morning,hip hop,0.686505395893891,Ayo,Only You,r&b/soul,0.6764096026138876,Y&T,Beautiful Dreamer,rock,0.6739731453621983,Fat Joe,Preacher On A Sunday Morning,hip hop,0.6963398906057763,Ayo,Only You,r&b/soul,0.6852653143008917,Y&T,Beautiful Dreamer,rock,0.6809746977294956,DJ Quik,Safe + Sound,hip hop,130.19833104809933,Atmosphere,Hair,hip hop,102.29540173669152,Lauryn Hill,Interlude 5,r&b/soul,101.73599652806212,DJ Quik,Safe + Sound,hip hop,90.17772329485456,Harry Connick_ Jr.,We Are In Love,jazz,76.08726994146588,Bob Dylan,Stuck Inside Of Mobile With The Memphis Blues Again,folk,70.16924483945799,Harry Connick_ Jr.,We Are In Love,jazz,0.31268042788745753,Billie Holiday,Embraceable you,jazz,0.2879861140231,Joan Baez,Black Is The Color,folk,0.2637393591762894,Harry Connick_ Jr.,We Are In Love,jazz,0.3405502381904979,Billie Holiday,Embraceable you,jazz,0.30678418509416083,Joan Baez,Black Is The Color,folk,0.28364089769936635
TRUUBKE128F426F5C0,SONBFSZ12AF729E7A3,ARSF0K11187B9AF319,James Taylor,On The 4th of July,folk,Lauryn Hill,Interlude 5,r&b/soul,3136.0,Beastie Boys,B-Boy Bouillabaisse: A.W.O.L. (2009 Digital Remaster),hip hop,2180.0,Ja Rule,One of Us,hip hop,2127.0,Lauryn Hill,Interlude 5,r&b/soul,3.4945,Ja Rule,One of Us,hip hop,2.401484375000001,Beastie Boys,B-Boy Bouillabaisse: A.W.O.L. (2009 Digital Remaster),hip hop,2.3691640624999994,Kurt Elling,Moonlight Serenade,jazz,0.6564247701933793,Sebadoh,Showtape '91,electronic,0.647005410042937,Immortal Technique,The 4th Branch,hip hop,0.6463528621017658,Kurt Elling,Moonlight Serenade,jazz,0.6741126880317854,Sebadoh,Showtape '91,electronic,0.6659066271574315,Immortal Technique,The 4th Branch,hip hop,0.6655735905638792,Eminem,8 Mile,hip hop,220.4338774858224,Lauryn Hill,Interlude 5,r&b/soul,210.57064127325935,Savatage,The Hourglass,metal,192.1868332501215,Eminem,8 Mile,hip hop,105.35477198936364,Watch Them Die,Resurrection,metal,101.47115125694299,Cinderella Effect,Standing,electronic,98.73830207366096,The Beautiful Mistake,Stavesail,punk,0.25745495201199786,Fates Warning,Closer To The Heart,metal,0.23728065616079524,Ian McCulloch,Proud To Fall,punk,0.23498537299948696,Cinderella Effect,Standing,electronic,0.2903051082045201,Ian McCulloch,Proud To Fall,punk,0.28559622506650745,The Beautiful Mistake,Stavesail,punk,0.2818243511430992
TRJZYIT128F426D5BE,SONYMBG12CF5826721,ARSF0K11187B9AF319,James Taylor,Company Man,folk,Lauryn Hill,Interlude 5,r&b/soul,4436.0,Twista,I'm A Winner (Amended Album Version),hip hop,3564.0,Michael Jackson,Man In The Mirror,pop,3240.0,Lauryn Hill,Interlude 5,r&b/soul,5.1402,Twista,I'm A Winner (Amended Album Version),hip hop,4.19045,Michael Jackson,Man In The Mirror,pop,3.702950000000001,Jeff Timmons,Can't You See,pop,0.7833967498079505,Ayo,Only You,r&b/soul,0.7690250460497656,HELLYEAH,Nausea,metal,0.7671443386897427,Jeff Timmons,Can't You See,pop,0.7889231788967777,HELLYEAH,Nausea,metal,0.7770988005949183,Ayo,Only You,r&b/soul,0.7767673301754846,Beastie Boys,B-Boy Bouillabaisse: A.W.O.L. (2009 Digital Remaster),hip hop,251.21155926889284,Michael Jackson,Man In The Mirror,pop,206.40383222413573,Lauryn Hill,Interlude 5,r&b/soul,197.6239138127946,Michael Jackson,Man In The Mirror,pop,140.4734819815618,Beastie Boys,B-Boy Bouillabaisse: A.W.O.L. (2009 Digital Remaster),hip hop,117.51601827112691,Moe Bandy,The Strawberry Roan,country,103.8043500854027,Faith No More,Chinese Arithmetic,rock,0.2769950863057187,The Enemy,It's Not OK [Live From London],rock,0.26065573667089303,Moe Bandy,The Strawberry Roan,country,0.25958022613125364,Faith No More,Chinese Arithmetic,rock,0.3465590161060666,Moe Bandy,The Strawberry Roan,country,0.33862930449455925,The Enemy,It's Not OK [Live From London],rock,0.32073536691223625
TRYOIZM128F14567A0,SODRUMV12A6D4F7A58,ARTBSEF1187FB3CBDE,Jimmy Buffett,Ace,folk,Lauryn Hill,Interlude 5,r&b/soul,2508.0,Beastie Boys,B-Boy Bouillabaisse: A.W.O.L. (2009 Digital Remaster),hip hop,2241.0,Michael Jackson,Man In The Mirror,pop,2060.0,Lauryn Hill,Interlude 5,r&b/soul,2.5784,Beastie Boys,B-Boy Bouillabaisse: A.W.O.L. (2009 Digital Remaster),hip hop,2.335778125,Michael Jackson,Man In The Mirror,pop,2.09780625,Bellamy Brothers,Old Hippie,country,0.6759179570691132,Suicidal Tendencies,Possessed To Skate,metal,0.6572485236859028,Binary Star,Wolfman Jack,hip hop,0.6500895763653676,Bellamy Brothers,Old Hippie,country,0.6899667082079847,Binary Star,Wolfman Jack,hip hop,0.67493263812083,Suicidal Tendencies,Possessed To Skate,metal,0.6720943098962607,Beastie Boys,B-Boy Bouillabaisse: A.W.O.L. (2009 Digital Remaster),hip hop,339.91646501831366,Savatage,The Hourglass,metal,323.93868715111967,Lauryn Hill,Interlude 5,r&b/soul,267.0580694470431,Savatage,The Hourglass,metal,198.44577651483368,Bellamy Brothers,Old Hippie,country,172.78584417615548,Beastie Boys,B-Boy Bouillabaisse: A.W.O.L. (2009 Digital Remaster),hip hop,155.4946075099683,Bellamy Brothers,Old Hippie,country,0.3166217336407412,Boney M.,El Lute,pop,0.2935557224709109,Suicidal Tendencies,Possessed To Skate,metal,0.2886146906205364,Bellamy Brothers,Old Hippie,country,0.383626186865523,Savatage,The Hourglass,metal,0.36385316341363677,Boney M.,El Lute,pop,0.35990281409782243
TRQYFLB128E078941E,SOBRYFG12AF72A1BAE,ARGHBVV1187FB4D57A,Ryan Adams,How Do You Keep Love Alive,folk,Lauryn Hill,Interlude 5,r&b/soul,3347.0,Twista,I'm A Winner (Amended Album Version),hip hop,3295.0,Erykah Badu,I Want You,r&b/soul,2643.0,Twista,I'm A Winner (Amended Album Version),hip hop,3.83315625,Lauryn Hill,Interlude 5,r&b/soul,3.74675,Erykah Badu,I Want You,r&b/soul,3.143140625000001,The Smashing Pumpkins,The Guns of Love Disastrous,rock,0.6441043207316761,Jim White,Buzzards of Love,folk,0.6376504192751724,Jeff Timmons,Can't You See,pop,0.6358794944887619,The Smashing Pumpkins,The Guns of Love Disastrous,rock,0.6572720253602651,Jim White,Buzzards of Love,folk,0.6544057887647112,Slum Village,Conant Gardens,hip hop,0.6498491137650593,Lauryn Hill,Interlude 5,r&b/soul,199.75588117818916,Beastie Boys,B-Boy Bouillabaisse: A.W.O.L. (2009 Digital Remaster),hip hop,189.4881020968062,Savatage,The Hourglass,metal,171.50830914945735,Disciple,Southern Hospitality,metal,118.17262864127919,Four Tops,Ain't No Woman (Like The One I've Got),r&b/soul,104.81173155950107,The Cat Empire,Days Like These,reggae,94.00493750537493,Say Anything,Goodbye Young Tutor_ You've Now Outgrown Me,folk,0.26688680284852123,Disciple,Southern Hospitality,metal,0.26040353763326113,Nick Drake,Black Mountain Blues,blues,0.25787785895617865,Say Anything,Goodbye Young Tutor_ You've Now Outgrown Me,folk,0.3082189258146439,Disciple,Southern Hospitality,metal,0.30442323822639683,Four Tops,Ain't No Woman (Like The One I've Got),r&b/soul,0.30169361603025696
TRZUSDI128F4259806,SOXBQDJ12A6D4F93CC,ARGHBVV1187FB4D57A,Ryan Adams,When The Stars Go Blue,folk,Twista,I'm A Winner (Amended Album Version),hip hop,2749.0,Lauryn Hill,Interlude 5,r&b/soul,2386.0,Erykah Badu,I Want You,r&b/soul,2034.0,Twista,I'm A Winner (Amended Album Version),hip hop,3.2423468749999995,Lauryn Hill,Interlude 5,r&b/soul,2.6858000000000004,Erykah Badu,I Want You,r&b/soul,2.4334546875000007,Diana Ross,Do You Know Where You're Going To,r&b/soul,0.5674580868569583,Jennifer Lopez,Theme From Mahagony (Do You Know Where You're Going To),electronic,0.552986029861706,Bon Jovi,Superman Tonight,rock,0.5365564444532787,Diana Ross,Do You Know Where You're Going To,r&b/soul,0.5756519429010702,Jennifer Lopez,Theme From Mahagony (Do You Know Where You're Going To),electronic,0.5616768149120054,Bon Jovi,Superman Tonight,rock,0.5469083387728301,Jon Secada,Where Do I Go From You,pop,122.48872988793089,Katie Melua,Blue Shoes,jazz,112.45210647644485,The Streets,Weak Become Heroes,hip hop,99.5296218759656,Jon Secada,Where Do I Go From You,pop,103.9079918533443,Katie Melua,Blue Shoes,jazz,98.8786281933043,Billie Holiday,Laughing At Life,jazz,89.50865708826156,Billie Holiday,Laughing At Life,jazz,0.31199376369377496,Frank Sinatra,In The Blue Of The Evening,jazz,0.3010755229068835,The Misfits,Static Age,punk,0.2959103969901832,Billie Holiday,Laughing At Life,jazz,0.33257828305430354,Frank Sinatra,In The Blue Of The Evening,jazz,0.3226440444100374,The Misfits,Static Age,punk,0.31027805272004866
TRWUFEW128F14782F3,SOBCLWO12A6D4F83AD,AR90WS41187FB3F064,Ray LaMontagne,Forever My Friend,folk,Lauryn Hill,Interlude 5,r&b/soul,4171.0,Beastie Boys,B-Boy Bouillabaisse: A.W.O.L. (2009 Digital Remaster),hip hop,3187.0,Eminem,8 Mile,hip hop,3124.0,Lauryn Hill,Interlude 5,r&b/soul,4.65945,Eminem,8 Mile,hip hop,3.5551734374999984,Beastie Boys,B-Boy Bouillabaisse: A.W.O.L. (2009 Digital Remaster),hip hop,3.520201562499997,The Tear Garden,Judgement Hour,electronic,0.6032377995339937,Demi Lovato,This Is Me (Acoustic Full Version),pop,0.6027426520047571,The Thermals,Time to Lose,punk,0.6026333497750032,The Tear Garden,Judgement Hour,electronic,0.6235777533283492,Demi Lovato,This Is Me (Acoustic Full Version),pop,0.6204819523891244,Bowling For Soup,Boulevard,punk,0.6155496935042378,Lauryn Hill,Interlude 5,r&b/soul,274.23941276249286,Alicia Keys,Tell You Something (Nana's Reprise),r&b/soul,186.5859488935345,Beastie Boys,B-Boy Bouillabaisse: A.W.O.L. (2009 Digital Remaster),hip hop,181.70216040878645,Lauryn Hill,Interlude 5,r&b/soul,145.14062187509666,Alicia Keys,Tell You Something (Nana's Reprise),r&b/soul,142.36187362509247,Eliane Elias,Call Me,jazz,136.3691988753309,Eliane Elias,Call Me,jazz,0.3674883807410816,S Club,Straight From The Heart,pop,0.30170688863436484,Keith Sweat,Make You Sweat (LP Version),jazz,0.2986080084940948,Eliane Elias,Call Me,jazz,0.40505588430583994,S Club,Straight From The Heart,pop,0.34992232562794173,Keith Sweat,Make You Sweat (LP Version),jazz,0.3440430201764325
TRPZXTD128F14856D4,SOFZRDV12A6D4FACB1,AR90WS41187FB3F064,Ray LaMontagne,How Come [Acoustic Mix],folk,Lauryn Hill,Interlude 5,r&b/soul,3048.0,Beastie Boys,B-Boy Bouillabaisse: A.W.O.L. (2009 Digital Remaster),hip hop,2639.0,Eminem,8 Mile,hip hop,2166.0,Lauryn Hill,Interlude 5,r&b/soul,3.3684000000000016,Beastie Boys,B-Boy Bouillabaisse: A.W.O.L. (2009 Digital Remaster),hip hop,2.9294499999999988,Eminem,8 Mile,hip hop,2.428800000000001,Nick Cave & The Bad Seeds,Midnight Man,rock,0.5627382432242997,Interpol,Pace Is The Trick,rock,0.5611403390898275,Beastie Boys,B-Boy Bouillabaisse: A.W.O.L. (2009 Digital Remaster),hip hop,0.5554083855171643,Nick Cave & The Bad Seeds,Midnight Man,rock,0.5852238166776126,Beastie Boys,B-Boy Bouillabaisse: A.W.O.L. (2009 Digital Remaster),hip hop,0.5836354299324463,Fugees (Tranzlator Crew),Temple,hip hop,0.5818670194058317,Lauryn Hill,Interlude 5,r&b/soul,271.4584171988926,Beastie Boys,B-Boy Bouillabaisse: A.W.O.L. (2009 Digital Remaster),hip hop,222.42409991226015,Prince,I Love U In Me ( LP Version),r&b/soul,182.95636911352184,Lauryn Hill,Interlude 5,r&b/soul,131.79310350450953,Black Box,Everybody Everybody,electronic,117.81003825375691,Ja Rule,One of Us,hip hop,97.59706761306961,Black Box,Everybody Everybody,electronic,0.29616496287538113,Space,Begin Again,electronic,0.27027163828935424,Billy Gilman,The Christmas Song,country,0.24353625269214638,Black Box,Everybody Everybody,electronic,0.33662323547432316,Space,Begin Again,electronic,0.30499626578501166,Reverend Bizarre,Demons Annoying Me,metal,0.2937303031933808
TRIOKOC128F4267572,SOIOLFS12D021989DD,ARTQ8QP1187FB3D220,Leonard Cohen,Chelsea Hotel #2,folk,Lauryn Hill,Interlude 5,r&b/soul,6689.0,Twista,I'm A Winner (Amended Album Version),hip hop,5830.0,Erykah Badu,I Want You,r&b/soul,4980.0,Lauryn Hill,Interlude 5,r&b/soul,7.871349999999998,Twista,I'm A Winner (Amended Album Version),hip hop,6.967334374999998,Erykah Badu,I Want You,r&b/soul,6.044948437500002,Harry Belafonte,Angelina,latin,0.8419100364972374,The Blues Brothers,Everybody Needs Somebody To Love,blues,0.8379721205027801,Bob Dylan,One Of Us Must Know (Sooner Or Later),folk,0.8194665364814029,Harry Belafonte,Angelina,latin,0.8471485144612962,The Blues Brothers,Everybody Needs Somebody To Love,blues,0.8431146149360579,Bob Dylan,One Of Us Must Know (Sooner Or Later),folk,0.8255527888645763,Lauryn Hill,Interlude 5,r&b/soul,209.05614695798448,Snoop Dogg,Snoopafella (Edited),hip hop,174.0854230986378,Beastie Boys,B-Boy Bouillabaisse: A.W.O.L. (2009 Digital Remaster),hip hop,171.24054204388563,Snoop Dogg,Snoopafella (Edited),hip hop,96.5862970629409,Lauryn Hill,Interlude 5,r&b/soul,88.38829710380006,Keri Noble,Piece Of My Heart,jazz,86.0765054535661,Moby,One Time We Lived,electronic,0.26440556674796334,Cassandra Wilson,'Til There Was You,jazz,0.26194755000845676,Ozark Henry,Weekenders,folk,0.2607416555697271,Moby,One Time We Lived,electronic,0.316410572234483,Marvin Gaye,Come Get To This,r&b/soul,0.3120572998879712,Ozark Henry,Weekenders,folk,0.31087330472812347
TREBQMO128F42828DB,SOOHIHR12AF72A7053,ARIDDOM1187B9A1360,We Are Scientists,Lethal Enforcer (Live From Union Chapel_ London),folk,Lauryn Hill,Interlude 5,r&b/soul,4731.0,Twista,I'm A Winner (Amended Album Version),hip hop,3964.0,Beastie Boys,B-Boy Bouillabaisse: A.W.O.L. (2009 Digital Remaster),hip hop,3735.0,Lauryn Hill,Interlude 5,r&b/soul,5.3778500000000005,Twista,I'm A Winner (Amended Album Version),hip hop,4.604771875,Vanilla Ice,Ice Is Workin' It,hip hop,4.370362499999996,Blues Traveler,Hook,blues,0.6808831495857787,Greeley Estates,This Song Goes Out To (Album Version),punk,0.6728202770664782,Tristan Prettyman,War Out Of Peace,folk,0.6695478507569061,Blues Traveler,Hook,blues,0.6948590830891974,Murs,You & I,hip hop,0.6849975944183156,Tristan Prettyman,War Out Of Peace,folk,0.6838619934925734,Lauryn Hill,Interlude 5,r&b/soul,262.6365636970392,Vanilla Ice,Ice Is Workin' It,hip hop,176.98423447190015,Beastie Boys,B-Boy Bouillabaisse: A.W.O.L. (2009 Digital Remaster),hip hop,174.24936262165758,Lauryn Hill,Interlude 5,r&b/soul,139.62705497236695,Jon Secada,Take Me,pop,136.81547925179166,Conjure One,One Word,electronic,121.71370809610026,Jon Secada,Take Me,pop,0.28590511074279035,Natalie Cole,Don't Get Around Much Anymore,jazz,0.26973770410870224,Ladyhawke,Love Don't Live Here,electronic,0.2536330816714358,Jon Secada,Take Me,pop,0.32721101496730187,Natalie Cole,Don't Get Around Much Anymore,jazz,0.301737056496937,Clawfinger,Revenge,metal,0.29581358094206506
TRIQKDQ128F146F504,SOVWOMM12A6D4F8484,ARCJKV91187FB46210,KT Tunstall,Change,folk,Lauryn Hill,Interlude 5,r&b/soul,3840.0,Erykah Badu,I Want You,r&b/soul,3147.0,Beastie Boys,B-Boy Bouillabaisse: A.W.O.L. (2009 Digital Remaster),hip hop,3129.0,Lauryn Hill,Interlude 5,r&b/soul,4.3952,Erykah Badu,I Want You,r&b/soul,3.7849750000000006,Beastie Boys,B-Boy Bouillabaisse: A.W.O.L. (2009 Digital Remaster),hip hop,3.572725000000001,Bouncing Souls_ The,Pervert,electronic,0.7534982285256839,Cherish,Oooh,r&b/soul,0.7449380765193698,Matt Nathanson,More Than This,folk,0.7408473371049429,Bouncing Souls_ The,Pervert,electronic,0.7621562886148283,Cherish,Oooh,r&b/soul,0.7529615521109958,Matt Nathanson,More Than This,folk,0.7502234885264435,Lauryn Hill,Interlude 5,r&b/soul,251.29293245575727,Eminem,8 Mile,hip hop,168.59469651653185,Dar Williams,Mortal City,folk,165.71775110699306,Lauryn Hill,Interlude 5,r&b/soul,133.7431450636293,Dar Williams,Mortal City,folk,100.34066435495038,Lou Reed,So Alone,rock,99.79850389170494,Sparks,Angst In My Pants,electronic,0.26158385710094506,Pillar,Hindsight,metal,0.25916750629992824,The Red Jumpsuit Apparatus,Cat And Mouse,punk,0.24976788800882946,Pillar,Hindsight,metal,0.30944667414651855,Sparks,Angst In My Pants,electronic,0.3088356462342238,Lou Reed,So Alone,rock,0.30761424514834135
TRBFURI128F1455498,SOLMCFH12A58A7FACE,ARCJKV91187FB46210,KT Tunstall,Under The Weather,folk,Lauryn Hill,Interlude 5,r&b/soul,3820.0,Twista,I'm A Winner (Amended Album Version),hip hop,3403.0,Beastie Boys,B-Boy Bouillabaisse: A.W.O.L. (2009 Digital Remaster),hip hop,3189.0,Lauryn Hill,Interlude 5,r&b/soul,4.3633000000000015,Twista,I'm A Winner (Amended Album Version),hip hop,3.984690625,Beastie Boys,B-Boy Bouillabaisse: A.W.O.L. (2009 Digital Remaster),hip hop,3.641954687500001,Eagles Of Death Metal,Already Died,rock,0.7231795474917129,Soul Asylum,Stranger,rock,0.7166639685347116,Conway Twitty,Where I Stand,country,0.6976664602578582,Eagles Of Death Metal,Already Died,rock,0.7325690820752915,Soul Asylum,Stranger,rock,0.7278528371557337,Conway Twitty,Where I Stand,country,0.708217848970303,Beastie Boys,B-Boy Bouillabaisse: A.W.O.L. (2009 Digital Remaster),hip hop,165.68331924340492,Eminem,8 Mile,hip hop,146.168836286286,Lauryn Hill,Interlude 5,r&b/soul,127.65879474416337,Lagwagon,Sick,punk,88.25916320012949,Vivian Green,Under My Skin,r&b/soul,85.93618848118402,The Arrogant Sons Of Bitches,Kill The President,punk,77.5917328834464,Conway Twitty,Where I Stand,country,0.28095676535207664,Swans,Can't Find My Way Home,punk,0.25580567666112686,Pat Travers,Boom Boom (Out Go The Lights),blues,0.2557410220981275,Conway Twitty,Where I Stand,country,0.3266202434482614,Pepper,Love 101,reggae,0.29868098393013426,James Darren,I've Got You Under My Skin,jazz,0.29336333914251805
TRVLECJ128E078235B,SOSJLXU12A6310F2B2,AR0L04E1187B9AE90C,The Verve,So Sister,folk,Beastie Boys,B-Boy Bouillabaisse: A.W.O.L. (2009 Digital Remaster),hip hop,5200.0,Lauryn Hill,Interlude 5,r&b/soul,4868.0,Erykah Badu,I Want You,r&b/soul,4562.0,Beastie Boys,B-Boy Bouillabaisse: A.W.O.L. (2009 Digital Remaster),hip hop,6.051839062500001,Lauryn Hill,Interlude 5,r&b/soul,5.549100000000001,Erykah Badu,I Want You,r&b/soul,5.505542187500001,A Tribe Called Quest,Hot Sex,hip hop,0.7770050661458137,Cherish,Oooh,r&b/soul,0.747066100061881,Less Than Jake,I Think I Love You,reggae,0.7283906212623221,A Tribe Called Quest,Hot Sex,hip hop,0.7842282792838822,Cherish,Oooh,r&b/soul,0.7541778427106477,Less Than Jake,I Think I Love You,reggae,0.7360537918528917,Beastie Boys,B-Boy Bouillabaisse: A.W.O.L. (2009 Digital Remaster),hip hop,168.20667870301483,Johnny Winter,Miss Ann,blues,150.33871525987388,Ying Yang Twins,1st Booty On Duty,hip hop,149.68439867367132,Johnny Winter,Miss Ann,blues,137.4811468502883,Enrique Iglesias,Miss You,latin,110.54442917188997,Kristinia DeBarge,Disconnect,pop,107.33003909151165,Johnny Winter,Miss Ann,blues,0.4221045929020075,Brett Dennen,When She's Gone,folk,0.3084081991342581,Ella Fitzgerald,Miss Otis Regrets,jazz,0.3080660099824689,Johnny Winter,Miss Ann,blues,0.4439689821043742,Isaac Hayes,By The Time I Get To Phoenix,r&b/soul,0.34196556281435625,Brett Dennen,When She's Gone,folk,0.3358923988742745
TRMLKKJ128E0798A59,SONNMHJ12A67AE098E,AR8886N1187B9B330A,Liz Phair,Lost Tonight,folk,Lauryn Hill,Interlude 5,r&b/soul,5305.0,Twista,I'm A Winner (Amended Album Version),hip hop,4323.0,Erykah Badu,I Want You,r&b/soul,3824.0,Lauryn Hill,Interlude 5,r&b/soul,6.173550000000002,Twista,I'm A Winner (Amended Album Version),hip hop,5.1046281250000005,Erykah Badu,I Want You,r&b/soul,4.611782812500001,Black Eyed Peas,Sexy,hip hop,0.7484415930715319,Lauryn Hill,Interlude 1,r&b/soul,0.7453642964459376,Eric B. & Rakim,I Know You Got Soul,hip hop,0.7401118409903511,Black Eyed Peas,Sexy,hip hop,0.7595398537227716,Lauryn Hill,Interlude 1,r&b/soul,0.7562653547560878,Eric B. & Rakim,I Know You Got Soul,hip hop,0.7505309506646636,Beastie Boys,B-Boy Bouillabaisse: A.W.O.L. (2009 Digital Remaster),hip hop,181.87319703571671,Afroman,Let's All Get Drunk,hip hop,171.159355515067,Jodeci,It's Alright,jazz,163.20952061477558,Afroman,Let's All Get Drunk,hip hop,129.9844245399283,Jodeci,It's Alright,jazz,121.12531508552247,Avant,Out of Character,blues,120.5763176828327,Avant,Out of Character,blues,0.32243918530967636,The Adicts,Disco,punk,0.32123541601397093,The Gaslight Anthem,Even Cowgirls Get The Blues,rock,0.3183904153536254,Avant,Out of Character,blues,0.36952841685816323,The Gaslight Anthem,Even Cowgirls Get The Blues,rock,0.3562819584392378,The Adicts,Disco,punk,0.3409413246821445
TRYBZQD12903CD1380,SONJLBP12AB018A66C,AR9UC071187B9B76FD,The Pogues,Sunnyside Of The Street,folk,Beastie Boys,B-Boy Bouillabaisse: A.W.O.L. (2009 Digital Remaster),hip hop,2505.0,Eminem,8 Mile,hip hop,2269.0,Lauryn Hill,Interlude 5,r&b/soul,2189.0,Beastie Boys,B-Boy Bouillabaisse: A.W.O.L. (2009 Digital Remaster),hip hop,2.8946671875,Eminem,8 Mile,hip hop,2.6577078125000004,Lauryn Hill,Interlude 5,r&b/soul,2.45335,Charlotte Martin,In Parentheses,rock,0.7842984035407795,RODNEY CROWELL,Preachin' To The Choir,country,0.7796691403611358,Common,Book Of Life,hip hop,0.7784546780979922,Charlotte Martin,In Parentheses,rock,0.7923614115045462,RODNEY CROWELL,Preachin' To The Choir,country,0.7890104881257605,Josh Martinez,Tour is War,hip hop,0.7880236809033332,Beastie Boys,B-Boy Bouillabaisse: A.W.O.L. (2009 Digital Remaster),hip hop,158.44237508012125,Lauryn Hill,Interlude 5,r&b/soul,150.4310228775702,Murs,The Dance,hip hop,146.60450202453885,Murs,The Dance,hip hop,84.35629494894471,N-Dubz,Work Work,reggae,82.42258212874806,Us3,Dead End Street,jazz,77.00412514762682,Benny Goodman,On The Sunny Side Of The Street,jazz,0.2730901196661063,Scarlett Johansson,Fannin Street,pop,0.2609215443077168,Incognito,Marrakech,jazz,0.25385650869781734,Benny Goodman,On The Sunny Side Of The Street,jazz,0.3179940386838023,Us3,Dead End Street,jazz,0.3176418605261687,Scarlett Johansson,Fannin Street,pop,0.30726223554582344
TRHYZQR128F428F5C5,SOAWESO12A8C13AC4E,ARRH63Y1187FB47783,Kanye West,Can't Tell Me Nothing,hip hop,Lauryn Hill,Interlude 5,r&b/soul,8750.0,Twista,I'm A Winner (Amended Album Version),hip hop,7472.0,Beastie Boys,B-Boy Bouillabaisse: A.W.O.L. (2009 Digital Remaster),hip hop,6899.0,Lauryn Hill,Interlude 5,r&b/soul,9.8289,Twista,I'm A Winner (Amended Album Version),hip hop,8.61549375,Abba,Move On,pop,7.953221875000002,Pat Travers,I La La La Love You,blues,0.692598732247821,Puressence,India,classical,0.688871321165637,Grand Puba,Very Special (LP Version),hip hop,0.6720073692897209,Puressence,India,classical,0.7024266522111294,Pat Travers,I La La La Love You,blues,0.7011174828583588,Grand Puba,Very Special (LP Version),hip hop,0.6912566449605438,Lauryn Hill,Interlude 5,r&b/soul,550.3720678195742,Beastie Boys,B-Boy Bouillabaisse: A.W.O.L. (2009 Digital Remaster),hip hop,378.86187419296044,Clipse,Dirty Money,hip hop,337.2772878470597,Lauryn Hill,Interlude 5,r&b/soul,282.3900346124448,Alicia Keys,Tell You Something (Nana's Reprise),r&b/soul,214.755939536458,Clipse,Dirty Money,hip hop,208.4023030754518,Pat Travers,I La La La Love You,blues,0.3783755271556007,Grand Puba,Alamo,hip hop,0.30847855012503794,Shania Twain,I'm Not In The Mood (To Say No)!,country,0.2718556611836313,Pat Travers,I La La La Love You,blues,0.4153785875852433,Lauryn Hill,Interlude 5,r&b/soul,0.37419441803276954,Jessica Simpson,These Boots Are Made For Walkin',pop,0.3400764639326135
TRPQDHV128E07845CB,SOWZAHB12AF72A4B46,ARRH63Y1187FB47783,Kanye West,Graduation Day,hip hop,Lauryn Hill,Interlude 5,r&b/soul,3980.0,Twista,I'm A Winner (Amended Album Version),hip hop,3177.0,Erykah Badu,I Want You,r&b/soul,2856.0,Lauryn Hill,Interlude 5,r&b/soul,4.5909,Twista,I'm A Winner (Amended Album Version),hip hop,3.720228124999999,Erykah Badu,I Want You,r&b/soul,3.428832812500001,Immortal Technique,Crossing the Boundary,hip hop,0.7823577457682117,Clawfinger,Revenge,metal,0.758694245988108,Harry Belafonte,Angelina,latin,0.7579775378434886,Immortal Technique,Crossing the Boundary,hip hop,0.7942108846996822,Clawfinger,Revenge,metal,0.7679399302907091,Harry Belafonte,Angelina,latin,0.7675755335260797,Lauryn Hill,Interlude 5,r&b/soul,229.7206901852972,Twista,Overdose (Album Version),hip hop,226.88594616325273,The Game,Black Opera,classical,221.6707661880342,The Game,Black Opera,classical,157.76765333866038,Petey Pablo,Fool For Love,hip hop,142.76320533467918,Ying Yang Twins,1st Booty On Duty,hip hop,142.37638171560832,Immortal Technique,Crossing the Boundary,hip hop,0.29001661486966884,Remy Ma,I'm,hip hop,0.28887536541121955,The Game,Black Opera,classical,0.2746421624275732,Immortal Technique,Crossing the Boundary,hip hop,0.36521901372601495,Remy Ma,I'm,hip hop,0.35844132647010507,The Game,Black Opera,classical,0.34531719942253314
TRHAGFQ128F428B8EA,SOLBUFV12A67020A39,ARRH63Y1187FB47783,Kanye West,Wake Up Mr. West,hip hop,Lauryn Hill,Interlude 5,r&b/soul,2853.0,Twista,I'm A Winner (Amended Album Version),hip hop,2582.0,Erykah Badu,I Want You,r&b/soul,2236.0,Lauryn Hill,Interlude 5,r&b/soul,3.28105,Twista,I'm A Winner (Amended Album Version),hip hop,3.041112499999999,Erykah Badu,I Want You,r&b/soul,2.690181250000001,Todd Snider,Looking For A Job,country,0.7053803123090664,Harry Belafonte,Angelina,latin,0.7048338001882208,Shannon McNally,Down And Dirty,blues,0.6976273475421846,Todd Snider,Looking For A Job,country,0.718813276487547,Harry Belafonte,Angelina,latin,0.715868751350209,Obie Trice,Hoodrats,hip hop,0.7083972352800746,DMX,Keep Your Shit The Hardest,hip hop,212.93690720331963,Binary Star,Honest Expression,hip hop,187.0976640602365,Lauryn Hill,Interlude 5,r&b/soul,176.30968689030288,DMX,Keep Your Shit The Hardest,hip hop,155.73681814647304,Binary Star,Honest Expression,hip hop,120.06661238270122,Eazy-E,Real Muthaphuckkin' G's,hip hop,105.23369759988805,Billy Ray Cyrus,Like Nothing Else,country,0.2711278767881922,DMX,Keep Your Shit The Hardest,hip hop,0.2626511236303802,Trent Willmon,Love Don't Have To Be So Hard,country,0.24692494315877506,DMX,Keep Your Shit The Hardest,hip hop,0.32393165124225104,Billy Ray Cyrus,Like Nothing Else,country,0.31754134722982386,Binary Star,Honest Expression,hip hop,0.3013421163986601
TRQXYGU128E079236A,SOIJTSI12A6701FD8B,ARTDQRC1187FB4EFD4,Black Eyed Peas,A8,hip hop,Lauryn Hill,Interlude 5,r&b/soul,16403.0,Twista,I'm A Winner (Amended Album Version),hip hop,13125.0,Erykah Badu,I Want You,r&b/soul,11110.0,Lauryn Hill,Interlude 5,r&b/soul,19.158249999999995,Twista,I'm A Winner (Amended Album Version),hip hop,15.526921874999998,Erykah Badu,I Want You,r&b/soul,13.3929921875,Jeff Timmons,Can't You See,pop,0.7695401493939122,The Blues Brothers,Everybody Needs Somebody To Love,blues,0.7644836441216569,The Berzerker,All About You,metal,0.762914295763349,Jeff Timmons,Can't You See,pop,0.775640173200905,The Blues Brothers,Everybody Needs Somebody To Love,blues,0.7724608046830249,The Berzerker,All About You,metal,0.77028834503191,Lauryn Hill,Interlude 5,r&b/soul,546.1811320192694,Michael Jackson,Man In The Mirror,pop,522.7680003150881,Beastie Boys,B-Boy Bouillabaisse: A.W.O.L. (2009 Digital Remaster),hip hop,484.56626727573564,Michael Jackson,Man In The Mirror,pop,360.1751760265127,Fun Lovin' Criminals,Blues For Suckers,blues,248.98099464742637,Binary Star,Honest Expression,hip hop,226.10904305591146,Kayah,Dla Niego,pop,0.39999721856245346,Orla Fallon,An Mhaighdean Mhara,classical,0.3717098368945669,Sentidos Opuestos,Oh Na Na Na,latin,0.3713220844009282,Michael Jackson,Man In The Mirror,pop,0.39111294505352134,Kayah,Dla Niego,pop,0.3872651133964596,Fun Lovin' Criminals,Blues For Suckers,blues,0.3855891100447397
TRBUESY128F92F81F6,SOVVVXC12AB017F162,ARTDQRC1187FB4EFD4,Black Eyed Peas,Boom Boom Guetta,hip hop,Slick Rick,Let's Get Crazy,hip hop,5646.0,Twista,I'm A Winner (Amended Album Version),hip hop,5165.0,Calvin Harris,The Girls,electronic,4988.0,Slick Rick,Let's Get Crazy,hip hop,6.869590625000001,Calvin Harris,The Girls,electronic,6.026975000000011,Twista,I'm A Winner (Amended Album Version),hip hop,5.98426875,Slick Rick,Let's Get Crazy,hip hop,0.7763683564333996,Esmée Denters,Getting Over You,r&b/soul,0.580946317014819,The Rolling Stones,Fight (1994 Digital Remaster),rock,0.5719654414363775,Slick Rick,Let's Get Crazy,hip hop,0.7809157463430818,Esmée Denters,Getting Over You,r&b/soul,0.5910307485315972,The Rolling Stones,Fight (1994 Digital Remaster),rock,0.5821427032702406,Twista,Overdose (Album Version),hip hop,305.57745664586383,The Foreign Exchange,The Answer,hip hop,247.10355388681472,Kurtis Blow,AJ Scratch,hip hop,241.38044040161495,Kurtis Blow,AJ Scratch,hip hop,204.58233049613955,Twista,Overdose (Album Version),hip hop,203.93371216415701,The Foreign Exchange,The Answer,hip hop,188.43625590085668,Chris Murray,Steady Beat Convention,reggae,0.3579441986377886,The Prodigy,We Gonna Rock,electronic,0.3522051842223313,Darude,Feel The Beat,electronic,0.338644397710368,Chris Murray,Steady Beat Convention,reggae,0.37536336255052966,Beastie Boys,Pass The Mic (Pt. 2_ Skills To Pay The Bills) (2009 Digital Remaster),hip hop,0.36626254794469953,The Prodigy,We Gonna Rock,electronic,0.36062285156576557
TRPDBLM128E0792367,SOZRPOY12A8C1455F5,ARTDQRC1187FB4EFD4,Black Eyed Peas,Communication,hip hop,Lauryn Hill,Interlude 5,r&b/soul,7908.0,Daft Punk,Touch It / Technologic,electronic,6512.0,Vanilla Ice,Ice Is Workin' It,hip hop,6373.0,Lauryn Hill,Interlude 5,r&b/soul,8.8661,Daft Punk,Touch It / Technologic,electronic,7.737839062499996,Vanilla Ice,Ice Is Workin' It,hip hop,7.484487499999997,Dilated Peoples,Live On Stage,hip hop,0.7080047235054067,Slum Village,Conant Gardens,hip hop,0.6871821591396622,Above The Law,Flow On (Move Me No Mountain),hip hop,0.6815502506040095,Dilated Peoples,Live On Stage,hip hop,0.7203881266821792,Slum Village,Conant Gardens,hip hop,0.7013992079218276,Above The Law,Flow On (Move Me No Mountain),hip hop,0.6962022825726946,Beastie Boys,B-Boy Bouillabaisse: A.W.O.L. (2009 Digital Remaster),hip hop,355.1331626845695,Twista,Overdose (Album Version),hip hop,330.4698261333152,The Pharcyde,I'm That Type Of Ni**a,hip hop,329.3148852511241,The Pharcyde,I'm That Type Of Ni**a,hip hop,211.5069318021248,Fatboy Slim,The Rockafeller Skank,electronic,207.55213817369298,Biz Markie,Make the Music With Your Mouth_ Biz,hip hop,195.90384299789477,Us3,I Got It Goin' On,jazz,0.2883572712424824,King Tee,Guitar Playin',hip hop,0.28273611679629634,The Pharcyde,I'm That Type Of Ni**a,hip hop,0.2794605345753472,King Tee,Guitar Playin',hip hop,0.375227450414205,The Pharcyde,I'm That Type Of Ni**a,hip hop,0.37458094470901776,Brand Nubian,All For One (Explicit) (2006 Remastered LP Version),hip hop,0.37201891241983825
TRLINLH128F9346400,SOROKRP12AF729F9B4,ARTDQRC1187FB4EFD4,Black Eyed Peas,One Tribe,hip hop,Ja Rule,One of Us,hip hop,10279.0,Lauryn Hill,Interlude 5,r&b/soul,9253.0,Beastie Boys,B-Boy Bouillabaisse: A.W.O.L. (2009 Digital Remaster),hip hop,5715.0,Ja Rule,One of Us,hip hop,12.053312499999992,Lauryn Hill,Interlude 5,r&b/soul,10.250649999999991,Brand Nubian,All For One (Explicit) (2006 Remastered LP Version),hip hop,6.4050875000000005,Cutting Crew,One For The Mockingbird,rock,0.6387809100410823,Avail,N30,punk,0.6258167391979074,Bob Marley & The Wailers,One Love / People Get Ready,reggae,0.5869638593102421,Cutting Crew,One For The Mockingbird,rock,0.6484252929966451,Avail,N30,punk,0.6355929422524544,Bob Marley & The Wailers,One Love / People Get Ready,reggae,0.598910012511148,Lauryn Hill,Interlude 5,r&b/soul,481.54412251018204,Beastie Boys,B-Boy Bouillabaisse: A.W.O.L. (2009 Digital Remaster),hip hop,394.6481869846571,Gang Starr,The Illest Brother,hip hop,334.6807289712297,Lauryn Hill,Interlude 5,r&b/soul,247.86277706214256,Gang Starr,The Illest Brother,hip hop,205.59794236708098,Will.I.Am,She's A Star,hip hop,185.4539917416854,Sara Gazarek,Yours (Live),jazz,0.3110433041388512,Matisyahu,Jerusalem,reggae,0.28891593213631855,Gang Starr,The Illest Brother,hip hop,0.2674298039494264,Gang Starr,The Illest Brother,hip hop,0.37000908909848834,Sara Gazarek,Yours (Live),jazz,0.3665958321901956,Matisyahu,Jerusalem,reggae,0.3562236896909971
TREPPUG128F9301FAB,SOBRREA12A6701C403,ARTDQRC1187FB4EFD4,Black Eyed Peas,Sexy,hip hop,Lauryn Hill,Interlude 5,r&b/soul,8731.0,Twista,I'm A Winner (Amended Album Version),hip hop,7236.0,Beastie Boys,B-Boy Bouillabaisse: A.W.O.L. (2009 Digital Remaster),hip hop,6427.0,Lauryn Hill,Interlude 5,r&b/soul,10.08115,Twista,I'm A Winner (Amended Album Version),hip hop,8.50086875,Beastie Boys,B-Boy Bouillabaisse: A.W.O.L. (2009 Digital Remaster),hip hop,7.337465624999998,Kat DeLuna,Run The Show,r&b/soul,0.7988137786752562,Natasha Bedingfield,Stumble,pop,0.7928167495154005,The Zutons,What's Your Problem,rock,0.7910204605077429,Kat DeLuna,Run The Show,r&b/soul,0.8086650794028996,Natasha Bedingfield,Stumble,pop,0.8013219695593266,Anastacia,Club Megamix,rock,0.7996723191919811,Lauryn Hill,Interlude 5,r&b/soul,349.64065083450424,Twista,Overdose (Album Version),hip hop,338.58824681005206,Binary Star,Honest Expression,hip hop,311.04111914518717,Marques Houston,Naked,r&b/soul,194.87642872275828,Twista,Overdose (Album Version),hip hop,179.3933541463987,Binary Star,Honest Expression,hip hop,166.14689561859862,Marques Houston,Naked,r&b/soul,0.32448925767758835,R. Kelly,In The Kitchen,r&b/soul,0.3065441757656849,Unbelievable Truth,Let It Flow,rock,0.30182156890711687,Marques Houston,Naked,r&b/soul,0.40013374026968657,R. Kelly,In The Kitchen,r&b/soul,0.3650841423926582,Unbelievable Truth,Let It Flow,rock,0.36052668129666054
TRBBVNR128E078E1E4,SOCMYLF12A67020A4D,ARTDQRC1187FB4EFD4,Black Eyed Peas,Tell Your Momma Come,hip hop,Lauryn Hill,Interlude 5,r&b/soul,6243.0,Vanilla Ice,It's A Party,hip hop,5347.0,Marques Houston,Cancel (Album Version),r&b/soul,4786.0,Lauryn Hill,Interlude 5,r&b/soul,6.863049999999999,Vanilla Ice,It's A Party,hip hop,6.253021874999999,Marques Houston,Cancel (Album Version),r&b/soul,5.662329687500001,Nick Cave & The Bad Seeds,Midnight Man,rock,0.5732986916526916,Misery Speaks,Sounds Of Brutality,metal,0.5566868914053548,Dungeon Family,Trans DF Express,r&b/soul,0.5504982982156523,Nick Cave & The Bad Seeds,Midnight Man,rock,0.5903315118479259,Misery Speaks,Sounds Of Brutality,metal,0.5711604400355598,Dungeon Family,Trans DF Express,r&b/soul,0.5694203753612118,Twista,Overdose (Album Version),hip hop,361.10326349947576,The Simpsons,Do The Bartman,hip hop,353.659121961117,Lauryn Hill,Interlude 5,r&b/soul,331.93008507274675,The Simpsons,Do The Bartman,hip hop,223.22552893358267,Missy Elliott,Back In The Day (Explicit LP Version),hip hop,201.15549427584892,Beastie Boys,Pass The Mic (Pt. 2_ Skills To Pay The Bills) (2009 Digital Remaster),hip hop,200.60237795767316,Beastie Boys,Pass The Mic (Pt. 2_ Skills To Pay The Bills) (2009 Digital Remaster),hip hop,0.3132129483038607,Missy Elliott,Back In The Day (Explicit LP Version),hip hop,0.2653618479905162,Petey Pablo,Show Me The Money,hip hop,0.2645537957788366,Beastie Boys,Pass The Mic (Pt. 2_ Skills To Pay The Bills) (2009 Digital Remaster),hip hop,0.39134923361739987,Missy Elliott,Back In The Day (Explicit LP Version),hip hop,0.34739681108190457,Petey Pablo,Show Me The Money,hip hop,0.3436929815492488
TRTJVGX128E078EB1C,SOUNVLC12A6701C406,ARTDQRC1187FB4EFD4,Black Eyed Peas,The Apl Song,hip hop,Lauryn Hill,Interlude 5,r&b/soul,2904.0,Beastie Boys,B-Boy Bouillabaisse: A.W.O.L. (2009 Digital Remaster),hip hop,2547.0,Twista,I'm A Winner (Amended Album Version),hip hop,2255.0,Lauryn Hill,Interlude 5,r&b/soul,3.1516000000000006,Beastie Boys,B-Boy Bouillabaisse: A.W.O.L. (2009 Digital Remaster),hip hop,2.783674999999999,Vanilla Ice,Ice Is Workin' It,hip hop,2.5188000000000024,Lost Boyz,Keep It Real,hip hop,0.6453813894774374,Souls Of Mischief,Fa Sho Fo Real,hip hop,0.6249810593350325,Dead Prez,Fucked Up,hip hop,0.6212271001065203,Lost Boyz,Keep It Real,hip hop,0.6706259924490934,Souls Of Mischief,Fa Sho Fo Real,hip hop,0.6540992986714538,Dead Prez,Fucked Up,hip hop,0.6469686558533245,Lauryn Hill,Interlude 5,r&b/soul,309.0221131206491,Twista,Overdose (Album Version),hip hop,291.4754451464799,Beastie Boys,B-Boy Bouillabaisse: A.W.O.L. (2009 Digital Remaster),hip hop,250.22210933769833,Twista,Overdose (Album Version),hip hop,166.5219648649997,Lauryn Hill,Interlude 5,r&b/soul,143.74653777881173,Public Enemy,Party For Your Right To Fight,hip hop,131.19617205790075,Beastie Boys,Futterman's Rule (2009 Digital Remaster),r&b/soul,0.27427865000251406,Public Enemy,Party For Your Right To Fight,hip hop,0.26962578203819726,Beastie Boys,Pass The Mic (Pt. 2_ Skills To Pay The Bills) (2009 Digital Remaster),hip hop,0.23079952421623184,Above The Law,Flow On (Move Me No Mountain),hip hop,0.31999111180731954,Twista,Overdose (Album Version),hip hop,0.31652615181177707,Public Enemy,Party For Your Right To Fight,hip hop,0.31521886713615377
TRDJOCY128F4294CD5,SOTHRKJ12A6701C2D8,ARRH63Y1187FB47783,Kanye West,Diamonds From Sierra Leone,hip hop,Lauryn Hill,Interlude 5,r&b/soul,7877.0,Beastie Boys,B-Boy Bouillabaisse: A.W.O.L. (2009 Digital Remaster),hip hop,6292.0,Twista,I'm A Winner (Amended Album Version),hip hop,5811.0,Lauryn Hill,Interlude 5,r&b/soul,8.659449999999998,Beastie Boys,B-Boy Bouillabaisse: A.W.O.L. (2009 Digital Remaster),hip hop,6.8725062499999945,Twista,I'm A Winner (Amended Album Version),hip hop,6.488137500000002,Onyx,Onyx Is Back,hip hop,0.6774987218359162,Archers Of Loaf,Web In Front,rock,0.5897832951715085,Chrisette Michele,All I Ever Think About,r&b/soul,0.5807370983003974,Onyx,Onyx Is Back,hip hop,0.6965440087632736,Archers Of Loaf,Web In Front,rock,0.6087633742965205,Chrisette Michele,All I Ever Think About,r&b/soul,0.6018680423221451,Beastie Boys,B-Boy Bouillabaisse: A.W.O.L. (2009 Digital Remaster),hip hop,571.1110348675973,Lauryn Hill,Interlude 5,r&b/soul,557.7282832977688,Twista,Overdose (Album Version),hip hop,535.7002824131839,Twista,Overdose (Album Version),hip hop,267.3245308261577,Binary Star,Honest Expression,hip hop,262.6987120339646,EPMD,Knick Knack Patty Wack,hip hop,247.8496070521732,Above The Law,Flow On (Move Me No Mountain),hip hop,0.2702080088719454,Binary Star,Honest Expression,hip hop,0.25947694050687775,Us3,It's Like That,jazz,0.2579671269434424,Above The Law,Flow On (Move Me No Mountain),hip hop,0.40439292302874325,Binary Star,Honest Expression,hip hop,0.4029015278690785,Kool Moe Dee,Bad Mutha,hip hop,0.3839487427967983
TREADOS128E078EC1F,SORAWSB12A6701FBC8,ARTH9041187FB43E1F,Eminem,If I Had,hip hop,Lauryn Hill,Interlude 5,r&b/soul,9605.0,Beastie Boys,B-Boy Bouillabaisse: A.W.O.L. (2009 Digital Remaster),hip hop,9469.0,Eminem,8 Mile,hip hop,8214.0,Beastie Boys,B-Boy Bouillabaisse: A.W.O.L. (2009 Digital Remaster),hip hop,10.7225796875,Lauryn Hill,Interlude 5,r&b/soul,10.67455,Eminem,8 Mile,hip hop,9.4270453125,Skip James,I'm So Glad,blues,0.7339131273986794,Clipse,Freedom,hip hop,0.694298444368742,Swollen Members,Concerto,hip hop,0.6889559816502872,Skip James,I'm So Glad,blues,0.7344757735871994,Clipse,Freedom,hip hop,0.7108053288697619,Swollen Members,Concerto,hip hop,0.7058563994824767,Beastie Boys,B-Boy Bouillabaisse: A.W.O.L. (2009 Digital Remaster),hip hop,505.86737157854674,Lauryn Hill,Interlude 5,r&b/soul,497.9000931400964,Twista,Overdose (Album Version),hip hop,486.4664235544801,Twista,Overdose (Album Version),hip hop,244.85283044875905,Twiztid,She Ain't Afraid,hip hop,234.1473523864343,Binary Star,Honest Expression,hip hop,233.787483543876,Skip James,I'm So Glad,blues,0.41375073904288895,Rosanne Cash,This World,country,0.271676959122191,Terminal Choice,Be Like Me,electronic,0.2538032775583274,Skip James,I'm So Glad,blues,0.4133255028329053,Binary Star,Honest Expression,hip hop,0.36149530649233935,Immortal Technique,That's What It Is,hip hop,0.3550304923918471
TRHPAVK128E078EC9C,SOKJZZN12A6701C77A,ARTH9041187FB43E1F,Eminem,Ken Kaniff,hip hop,Lauryn Hill,Interlude 5,r&b/soul,8216.0,Beastie Boys,B-Boy Bouillabaisse: A.W.O.L. (2009 Digital Remaster),hip hop,7588.0,Eminem,8 Mile,hip hop,6209.0,Lauryn Hill,Interlude 5,r&b/soul,9.1361,Beastie Boys,B-Boy Bouillabaisse: A.W.O.L. (2009 Digital Remaster),hip hop,8.536745312500003,Eminem,8 Mile,hip hop,7.045629687500007,Madness,Cardiac Arrest,reggae,0.727052288707104,K'Naan,Voices In My Head,hip hop,0.726970447957655,Organized Konfusion,Releasing Hypnotical Gases,hip hop,0.7257340005560255,Madness,Cardiac Arrest,reggae,0.7456132409803983,Organized Konfusion,Releasing Hypnotical Gases,hip hop,0.7442381017090358,Saul Williams,Elohim (1972),hip hop,0.7412218710825725,Twista,Overdose (Album Version),hip hop,462.487024566545,Beastie Boys,B-Boy Bouillabaisse: A.W.O.L. (2009 Digital Remaster),hip hop,458.6122652456057,Lauryn Hill,Interlude 5,r&b/soul,452.1275512693341,Redman,Soopaman Luva 3,hip hop,266.52209494191465,Twiztid,She Ain't Afraid,hip hop,263.5834155234304,Twista,Overdose (Album Version),hip hop,235.56628728782684,Redman,Soopaman Luva 3,hip hop,0.30299091987790117,The Darkness,Givin' Up (Clean Version),rock,0.29573259820219483,Del The Funky Homosapien,Faulty,hip hop,0.28941864900268294,Redman,Soopaman Luva 3,hip hop,0.4183351676395836,Del The Funky Homosapien,Faulty,hip hop,0.385632908775589,Atmosphere,Hair,hip hop,0.3808573634059859
TRGLNKG128F9307689,SOFVLYU12AB017F502,ARTH9041187FB43E1F,Eminem,My Darling,hip hop,Lauryn Hill,Interlude 5,r&b/soul,22766.0,Twista,I'm A Winner (Amended Album Version),hip hop,18521.0,Beastie Boys,B-Boy Bouillabaisse: A.W.O.L. (2009 Digital Remaster),hip hop,16797.0,Lauryn Hill,Interlude 5,r&b/soul,26.385200000000005,Twista,I'm A Winner (Amended Album Version),hip hop,21.796934375,Beastie Boys,B-Boy Bouillabaisse: A.W.O.L. (2009 Digital Remaster),hip hop,19.2632328125,Kevin Devine,Fever Moon,folk,0.8462124674347412,Clawfinger,Revenge,metal,0.8416920316225494,The Inchtabokatables,Underdrive,rock,0.8393010640528752,Kevin Devine,Fever Moon,folk,0.8531169870408263,Clawfinger,Revenge,metal,0.8474561027279263,The Inchtabokatables,Underdrive,rock,0.8437087151733264,Lauryn Hill,Interlude 5,r&b/soul,723.1319973716301,Beastie Boys,B-Boy Bouillabaisse: A.W.O.L. (2009 Digital Remaster),hip hop,664.5240751486315,Twista,Overdose (Album Version),hip hop,621.5551081368943,Twista,Overdose (Album Version),hip hop,279.98877779764445,Lauryn Hill,Interlude 5,r&b/soul,271.34328658862484,Twista,I'm A Winner (Amended Album Version),hip hop,247.11521685607465,Johnny Nash,Stir It Up,reggae,0.2882613965873101,Etta James,My Dearest Darling,blues,0.25291947483687266,Simply Red,Go Now,pop,0.25171097274804843,Gang Starr,The Illest Brother,hip hop,0.38476862037550386,Lauryn Hill,Interlude 5,r&b/soul,0.3736161495112072,Souls Of Mischief,Rock It Like That,hip hop,0.36711741317097185
TRCHZXW128E079288A,SOMEJDK12D0219BB71,ARTH9041187FB43E1F,Eminem,8 Mile,hip hop,Beastie Boys,B-Boy Bouillabaisse: A.W.O.L. (2009 Digital Remaster),hip hop,17013.0,Lauryn Hill,Interlude 5,r&b/soul,16626.0,Twista,I'm A Winner (Amended Album Version),hip hop,14068.0,Beastie Boys,B-Boy Bouillabaisse: A.W.O.L. (2009 Digital Remaster),hip hop,19.4793765625,Lauryn Hill,Interlude 5,r&b/soul,18.6458,Mario Vazquez,Everytime I...,r&b/soul,16.449296874999973,Common,Book Of Life,hip hop,0.8921928015781576,Eminem,Rabbit Run,hip hop,0.8693785025650071,Gang Starr,Gotta Get Over (Taking Loot) (Explicit),hip hop,0.8653391439458403,Common,Book Of Life,hip hop,0.896699433811434,Eminem,Rabbit Run,hip hop,0.8769762457980983,Gang Starr,Gotta Get Over (Taking Loot) (Explicit),hip hop,0.8727866174428162,Beastie Boys,B-Boy Bouillabaisse: A.W.O.L. (2009 Digital Remaster),hip hop,808.9468899169303,Lauryn Hill,Interlude 5,r&b/soul,797.6246297916822,Twista,Overdose (Album Version),hip hop,693.2410766172818,Twiztid,She Ain't Afraid,hip hop,341.4018619166018,Twista,I'm A Winner (Amended Album Version),hip hop,338.1472090940675,Eazy-E,Real Muthaphuckkin' G's,hip hop,295.1550632602855,Common,Book Of Life,hip hop,0.263566638717119,Will Smith,Momma Knows,hip hop,0.25412660251742886,Twiztid,She Ain't Afraid,hip hop,0.2539724294579775,Common,Book Of Life,hip hop,0.4114836812640654,Above The Law,Flow On (Move Me No Mountain),hip hop,0.4050451840858351,OutKast,Mainstream,hip hop,0.40440463465023574
TRCDLUM128F9331CA9,SOOOJWM12A8C13AC0E,ARPDVPJ1187B9ADBE9,Usher,Love Was Here,hip hop,Lauryn Hill,Interlude 5,r&b/soul,7931.0,Twista,I'm A Winner (Amended Album Version),hip hop,7167.0,Erykah Badu,I Want You,r&b/soul,6340.0,Lauryn Hill,Interlude 5,r&b/soul,9.09725,Twista,I'm A Winner (Amended Album Version),hip hop,8.425140625000003,Erykah Badu,I Want You,r&b/soul,7.6249140625,The Jeff Healey Band,You're Coming Home,blues,0.7483436842603647,Marques Houston,Naked,r&b/soul,0.720132087174014,Gotye,Coming Back,rock,0.7148908365381214,The Jeff Healey Band,You're Coming Home,blues,0.759042196768557,Marques Houston,Naked,r&b/soul,0.7339754351838812,Gotye,Coming Back,rock,0.7278671472553035,Lauryn Hill,Interlude 5,r&b/soul,321.3380048562633,Michael Jackson,Man In The Mirror,pop,303.5881036860021,Atmosphere,Hair,hip hop,246.91389599896848,Michael Jackson,Man In The Mirror,pop,215.32862048034272,K-Ci & JoJo,Baby Come Back,blues,171.566182439151,Blackstreet,Billie Jean,r&b/soul,161.65545954989184,Willie Nelson,All Of Me,country,0.4000362648317422,K-Ci & JoJo,Baby Come Back,blues,0.3485113833011952,Blackstreet,Billie Jean,r&b/soul,0.3456108664242984,Willie Nelson,All Of Me,country,0.43435644012143243,K-Ci & JoJo,Baby Come Back,blues,0.4001418036204125,Blackstreet,Billie Jean,r&b/soul,0.39986784027980216
TRPMNRL128F9302AD7,SOEVGOY12AB0181053,ARCGJ6U1187FB4D01F,Akon,Be With You,hip hop,Lauryn Hill,Interlude 5,r&b/soul,14362.0,Beastie Boys,B-Boy Bouillabaisse: A.W.O.L. (2009 Digital Remaster),hip hop,11253.0,Twista,I'm A Winner (Amended Album Version),hip hop,11057.0,Lauryn Hill,Interlude 5,r&b/soul,16.853099999999998,Beastie Boys,B-Boy Bouillabaisse: A.W.O.L. (2009 Digital Remaster),hip hop,13.146846875,Twista,I'm A Winner (Amended Album Version),hip hop,13.102756249999995,Clawfinger,Revenge,metal,0.8135375366003691,Machinemade God,With You,metal,0.7757605977112659,Boyz II Men,Could It Be I'm Falling In Love,r&b/soul,0.7635556890909763,Clawfinger,Revenge,metal,0.819537726220782,Machinemade God,With You,metal,0.7824318819588947,Boyz II Men,Could It Be I'm Falling In Love,r&b/soul,0.7706665638678859,Lauryn Hill,Interlude 5,r&b/soul,357.83508403367216,Beastie Boys,B-Boy Bouillabaisse: A.W.O.L. (2009 Digital Remaster),hip hop,300.9127685960192,Binary Star,Honest Expression,hip hop,235.03670679754265,Lauryn Hill,Interlude 5,r&b/soul,186.25766647338827,3LW,Playas Gon' Play,r&b/soul,149.35012225505474,Clawfinger,Revenge,metal,138.20737269997915,Millencolin,Random I Am (Album Version),punk,0.33835760606901083,Jennifer Lopez,The Way It Is,pop,0.307019057944843,Clawfinger,Revenge,metal,0.3063131486877253,Millencolin,Random I Am (Album Version),punk,0.3939021939329246,Clawfinger,Revenge,metal,0.38449942836524625,Chris Brown,Ain't No Way (You Won't Love Me),r&b/soul,0.36690653277838253
TRRIRMX128F92E6272,SOILRPD12A6701E38C,ARCGJ6U1187FB4D01F,Akon,Locked Up,hip hop,Ice Cube,When I Get To Heaven (Remix) (Explicit),hip hop,8786.0,Danity Kane,Hold Me Down (Album Version),r&b/soul,6272.0,Beastie Boys,B-Boy Bouillabaisse: A.W.O.L. (2009 Digital Remaster),hip hop,6231.0,Ice Cube,When I Get To Heaven (Remix) (Explicit),hip hop,10.5897203125,Britney Spears,Let Me Be,pop,7.391053125000001,Danity Kane,Hold Me Down (Album Version),r&b/soul,7.331696874999999,Ice Cube,When I Get To Heaven (Remix) (Explicit),hip hop,0.6788456750240752,JET,Let Me Out,rock,0.6362666877782961,Tommy Castro,Nasty Habits,blues,0.6321070553838414,Ice Cube,When I Get To Heaven (Remix) (Explicit),hip hop,0.6865571612397183,JET,Let Me Out,rock,0.6459752707942557,Tommy Castro,Nasty Habits,blues,0.641198889310491,Kurupt,It Ain't About You,hip hop,317.23726179216055,Lloyd Banks,Make A Move,hip hop,299.47580394568723,Ying Yang Twins,1st Booty On Duty,hip hop,279.6955227806344,Kurupt,It Ain't About You,hip hop,217.69203877630807,Lloyd Banks,Make A Move,hip hop,210.47322699351295,Fun Lovin' Criminals,Blues For Suckers,blues,194.8690888690063,KathrynWilliams,Room In My Head,folk,0.38470694208077294,J.J. Cale,Shanghaid,blues,0.3442588605352708,Fun Lovin' Criminals,Blues For Suckers,blues,0.29219693472497,KathrynWilliams,Room In My Head,folk,0.4059631184100472,J.J. Cale,Shanghaid,blues,0.3860314013119453,Fun Lovin' Criminals,Blues For Suckers,blues,0.3377203504736941
TRCEYQJ128E07862DE,SOAUEBB12A67020DC4,ARLGIX31187B9AE9A0,Jay-Z,So Ghetto,hip hop,Lauryn Hill,Interlude 5,r&b/soul,8107.0,Beastie Boys,B-Boy Bouillabaisse: A.W.O.L. (2009 Digital Remaster),hip hop,7905.0,Eminem,8 Mile,hip hop,7155.0,Lauryn Hill,Interlude 5,r&b/soul,8.95615,Beastie Boys,B-Boy Bouillabaisse: A.W.O.L. (2009 Digital Remaster),hip hop,8.896450000000003,Eminem,8 Mile,hip hop,8.20055,Amel Larrieux,lucky to be me,jazz,0.7741734030921312,Sage Francis,Keep Moving,hip hop,0.7599273913551403,Ledisi,Best Friend,r&b/soul,0.7494190681785076,Amel Larrieux,lucky to be me,jazz,0.77977202325625,Sage Francis,Keep Moving,hip hop,0.7744778017557445,Ledisi,Best Friend,r&b/soul,0.7597862287839753,Twista,Overdose (Album Version),hip hop,565.0259605174281,Beastie Boys,B-Boy Bouillabaisse: A.W.O.L. (2009 Digital Remaster),hip hop,550.1051298642453,2Pac,Strictly 4 My N.I.G.G.A.Z.,hip hop,542.0826104732533,2Pac,Strictly 4 My N.I.G.G.A.Z.,hip hop,345.68487186231215,Onyx,Slam,hip hop,340.76252554852175,Onyx,Slam Harder,hip hop,340.76252554852175,EPMD,Right Now,hip hop,0.3641965046853374,2Pac,Strictly 4 My N.I.G.G.A.Z.,hip hop,0.34313769285090556,Insane Clown Posse,Fuck Off,metal,0.33305335496350724,2Pac,Strictly 4 My N.I.G.G.A.Z.,hip hop,0.44982558330248856,EPMD,Right Now,hip hop,0.44776536300694825,Soulja Slim,From What I Was Told,hip hop,0.43205265625935896
TRZGUNN128E07862F7,SOGFJJE12A58A80C35,ARLGIX31187B9AE9A0,Jay-Z,Heart Of The City (Ain't No Love),hip hop,Lauryn Hill,Interlude 5,r&b/soul,7878.0,Beastie Boys,B-Boy Bouillabaisse: A.W.O.L. (2009 Digital Remaster),hip hop,7351.0,Eminem,8 Mile,hip hop,6530.0,Lauryn Hill,Interlude 5,r&b/soul,8.796400000000004,Beastie Boys,B-Boy Bouillabaisse: A.W.O.L. (2009 Digital Remaster),hip hop,8.309739062499998,Eminem,8 Mile,hip hop,7.499135937500004,Anastacia,Club Megamix,rock,0.7728379195250741,Ledisi,Best Friend,r&b/soul,0.7698358288326562,Lil Wyte,Ten Toes Tall,hip hop,0.756956572967453,Anastacia,Club Megamix,rock,0.7862626433588975,Ledisi,Best Friend,r&b/soul,0.7792451081910555,Lil Wyte,Ten Toes Tall,hip hop,0.7731535716743303,Twista,Overdose (Album Version),hip hop,531.5139805634911,Ying Yang Twins,1st Booty On Duty,hip hop,527.4709024193706,DMX,Keep Your Shit The Hardest,hip hop,522.2645450662167,Three 6 Mafia,Who Run It,hip hop,360.87747147374574,Ying Yang Twins,1st Booty On Duty,hip hop,353.01586258633125,DMX,Keep Your Shit The Hardest,hip hop,343.3055414381286,Westside Connection,Superstar (Double Murder = Double Platinum),r&b/soul,0.34678162414826924,Three 6 Mafia,Who Run It,hip hop,0.34095118535517227,2Pac,Strictly 4 My N.I.G.G.A.Z.,hip hop,0.3330407773873122,2Pac,Strictly 4 My N.I.G.G.A.Z.,hip hop,0.43761587697182996,Westside Connection,Superstar (Double Murder = Double Platinum),r&b/soul,0.4310919691865737,Three 6 Mafia,Who Run It,hip hop,0.42718707527753114
TRTVTYS128E0792887,SORCZHK12A6701FFB0,ARTH9041187FB43E1F,Eminem,Rabbit Run,hip hop,Lauryn Hill,Interlude 5,r&b/soul,10439.0,Beastie Boys,B-Boy Bouillabaisse: A.W.O.L. (2009 Digital Remaster),hip hop,9936.0,Twista,I'm A Winner (Amended Album Version),hip hop,9500.0,Lauryn Hill,Interlude 5,r&b/soul,11.80215,Beastie Boys,B-Boy Bouillabaisse: A.W.O.L. (2009 Digital Remaster),hip hop,11.377496875000006,Twista,I'm A Winner (Amended Album Version),hip hop,11.060306250000004,Eminem,8 Mile,hip hop,0.8693785025650071,Common,Book Of Life,hip hop,0.8506579041417829,RODNEY CROWELL,Preachin' To The Choir,country,0.8415246429452563,Eminem,8 Mile,hip hop,0.8769762457980983,Common,Book Of Life,hip hop,0.8573360919159411,RODNEY CROWELL,Preachin' To The Choir,country,0.849360414465328,Twista,Overdose (Album Version),hip hop,569.3920002358544,Twiztid,She Ain't Afraid,hip hop,553.6878584430436,Eminem,8 Mile,hip hop,549.1850154856749,Twiztid,She Ain't Afraid,hip hop,342.08926967284094,Twista,Overdose (Album Version),hip hop,311.0900481488417,Ying Yang Twins,1st Booty On Duty,hip hop,299.11874257537227,Twiztid,She Ain't Afraid,hip hop,0.3274700347082773,The Forces Of Evil,My Life,reggae,0.31357394622572293,Insane Clown Posse,Fuck Off,metal,0.29516576627926083,Twiztid,She Ain't Afraid,hip hop,0.44071994312826485,Twista,Overdose (Album Version),hip hop,0.41507607373996636,OutKast,Mainstream,hip hop,0.4069055512699496
TRBEBJO128C719646B,SORXHBR12AF72A5DA5,ARCBD0U1187FB466EF,Nelly,Splurge,hip hop,Lauryn Hill,Interlude 5,r&b/soul,20757.0,Beastie Boys,B-Boy Bouillabaisse: A.W.O.L. (2009 Digital Remaster),hip hop,16731.0,Twista,I'm A Winner (Amended Album Version),hip hop,16494.0,Lauryn Hill,Interlude 5,r&b/soul,24.260349999999995,Twista,I'm A Winner (Amended Album Version),hip hop,19.515709375,Beastie Boys,B-Boy Bouillabaisse: A.W.O.L. (2009 Digital Remaster),hip hop,19.503870312499995,Remy Ma,I'm,hip hop,0.8464237494375487,Kool Moe Dee,Bad Mutha,hip hop,0.8451237364280122,Clawfinger,Revenge,metal,0.8434406793283219,Remy Ma,I'm,hip hop,0.8525079920543649,Kool Moe Dee,Bad Mutha,hip hop,0.8516197674376584,Clawfinger,Revenge,metal,0.849029887280976,Ying Yang Twins,1st Booty On Duty,hip hop,554.5082604730842,DMX,Keep Your Shit The Hardest,hip hop,547.3862716930715,Lauryn Hill,Interlude 5,r&b/soul,523.0962250573973,Ying Yang Twins,1st Booty On Duty,hip hop,371.0681692500469,DMX,Keep Your Shit The Hardest,hip hop,359.2102466144134,Juvenile,Around The Way [Explicit Album Version],hip hop,331.8509592971791,Juvenile,Around The Way [Explicit Album Version],hip hop,0.35020189891468906,Levon Helm,Feelin' Good,country,0.3311555808213519,DMX,Keep Your Shit The Hardest,hip hop,0.3092999209100691,Juvenile,Around The Way [Explicit Album Version],hip hop,0.43938879572200523,DMX,Keep Your Shit The Hardest,hip hop,0.40560889434023933,OutKast,Claimin' True,hip hop,0.4030598484963782
TRMWYIH128E078DCA6,SOMTUPP12A6701FC38,ARCBD0U1187FB466EF,Nelly,St. Louie,hip hop,Lauryn Hill,Interlude 5,r&b/soul,9575.0,Beastie Boys,B-Boy Bouillabaisse: A.W.O.L. (2009 Digital Remaster),hip hop,7227.0,Twista,I'm A Winner (Amended Album Version),hip hop,6326.0,Lauryn Hill,Interlude 5,r&b/soul,10.807250000000003,Beastie Boys,B-Boy Bouillabaisse: A.W.O.L. (2009 Digital Remaster),hip hop,8.062414062499998,Twista,I'm A Winner (Amended Album Version),hip hop,7.148421874999998,Soulja Slim,From What I Was Told,hip hop,0.6727790489311304,DJ Quik,Safe + Sound,hip hop,0.667709963864419,Blues Traveler,Run Around,blues,0.6628208099188218,Soulja Slim,From What I Was Told,hip hop,0.6956358428070462,DJ Quik,Safe + Sound,hip hop,0.6904687041916838,Blues Traveler,Run Around,blues,0.6844385076896574,Beastie Boys,B-Boy Bouillabaisse: A.W.O.L. (2009 Digital Remaster),hip hop,534.8903486283185,Twista,Overdose (Album Version),hip hop,474.7876167794142,Lauryn Hill,Interlude 5,r&b/soul,434.20843366063997,Twista,Overdose (Album Version),hip hop,257.7361173037986,Young Jeezy,Still On It,hip hop,256.1963404056471,Mos Def,The Easy Spell,hip hop,249.0465207838974,The Replacements,Love You Till Friday,punk,0.27025875286722273,Nelly,Wrap Sumden,hip hop,0.268946795465088,Lloyd Banks,Just Another Day,hip hop,0.26836226592558854,Nelly,Wrap Sumden,hip hop,0.3681128943298217,Soulja Slim,From What I Was Told,hip hop,0.3672398899284653,Lloyd Banks,Just Another Day,hip hop,0.36381581993370116
TRHXTHR128F145E864,SOTUHWK12A6310D7E5,ARCBD0U1187FB466EF,Nelly,Wrap Sumden,hip hop,Lauryn Hill,Interlude 5,r&b/soul,7411.0,Beastie Boys,B-Boy Bouillabaisse: A.W.O.L. (2009 Digital Remaster),hip hop,6648.0,Eminem,8 Mile,hip hop,5497.0,Lauryn Hill,Interlude 5,r&b/soul,8.398950000000003,Beastie Boys,B-Boy Bouillabaisse: A.W.O.L. (2009 Digital Remaster),hip hop,7.586787499999997,Nelly,Splurge,hip hop,6.3818625,Remy Ma,I'm,hip hop,0.8330510814071294,Beastie Boys,B-Boy Bouillabaisse: A.W.O.L. (2009 Digital Remaster),hip hop,0.8251990738049689,Lil Wyte,Ten Toes Tall,hip hop,0.8174710110294233,Remy Ma,I'm,hip hop,0.8402796190115877,Beastie Boys,B-Boy Bouillabaisse: A.W.O.L. (2009 Digital Remaster),hip hop,0.8376436529288706,Lil Wyte,Ten Toes Tall,hip hop,0.8305199178109834,Twista,Overdose (Album Version),hip hop,473.99953705756894,Ying Yang Twins,1st Booty On Duty,hip hop,429.1281167174918,Mobb Deep,Trife Life,hip hop,418.29655625886977,Ying Yang Twins,1st Booty On Duty,hip hop,270.95819537744006,Twista,Overdose (Album Version),hip hop,265.0933423358632,DMX,Bring Your Whole Crew,hip hop,237.34303332451668,KMD,Contact Blitt,hip hop,0.31964827866365264,N.W.A.,The Dayz Of Wayback,hip hop,0.2954038680301271,Hieroglyphics,Shift Shape,hip hop,0.29116533261987537,KMD,Contact Blitt,hip hop,0.4141790718805987,Mobb Deep,Trife Life,hip hop,0.40662577823182783,The Pharcyde,Pack The Pipe,hip hop,0.40483882745916694
TRQRAKE128F9322866,SOJQLHA12AB017F7D4,ARLGIX31187B9AE9A0,Jay-Z,Soon You'll Understand,hip hop,Lauryn Hill,Interlude 5,r&b/soul,16833.0,Twista,I'm A Winner (Amended Album Version),hip hop,14552.0,Erykah Badu,I Want You,r&b/soul,11823.0,Lauryn Hill,Interlude 5,r&b/soul,19.58765,Twista,I'm A Winner (Amended Album Version),hip hop,17.240024999999992,Erykah Badu,I Want You,r&b/soul,14.244512500000004,Clawfinger,Revenge,metal,0.8172833654342355,Chely Wright,Between A Mother And A Child,country,0.8126473257695461,Harry Belafonte,Angelina,latin,0.8017084907007062,Clawfinger,Revenge,metal,0.8240500724231242,Chely Wright,Between A Mother And A Child,country,0.8209644768440513,Harry Belafonte,Angelina,latin,0.8093392605993524,Lauryn Hill,Interlude 5,r&b/soul,646.2360206841578,Eminem,8 Mile,hip hop,521.4832588085808,Twista,Overdose (Album Version),hip hop,505.04533442384513,Lauryn Hill,Interlude 5,r&b/soul,279.89631585238976,Mobb Deep,Trife Life,hip hop,231.30289091320887,Twista,Overdose (Album Version),hip hop,228.08111276348853,Samantha Mumba,What's It Gonna Be,r&b/soul,0.2616981900110805,Will Smith,Momma Knows,hip hop,0.25709654801025933,The Pharcyde,Pack The Pipe,hip hop,0.2480712726125832,The Pharcyde,Pack The Pipe,hip hop,0.3851111437354709,Lauryn Hill,Interlude 5,r&b/soul,0.3809332321752009,Gang Starr,The Illest Brother,hip hop,0.37059844259562075
TRCDAUA128E0784644,SOAZMZB12A6701D958,ARLGIX31187B9AE9A0,Jay-Z,Encore,hip hop,Lauryn Hill,Interlude 5,r&b/soul,9611.0,Twista,I'm A Winner (Amended Album Version),hip hop,8460.0,Erykah Badu,I Want You,r&b/soul,6725.0,Lauryn Hill,Interlude 5,r&b/soul,11.013249999999998,Twista,I'm A Winner (Amended Album Version),hip hop,9.921140625000003,Erykah Badu,I Want You,r&b/soul,8.038539062500002,Good Old War,Tell Me (Acoustic),folk,0.8157285543350989,Natasha Bedingfield,Stumble,pop,0.8076014582768112,Beastie Boys,So What'Cha Want (Butt Naked Version) (Explicit) (2009 Digital Remaster),hip hop,0.8069587678611952,Good Old War,Tell Me (Acoustic),folk,0.8259639967078707,Beastie Boys,So What'Cha Want (Butt Naked Version) (Explicit) (2009 Digital Remaster),hip hop,0.8162256778666267,Natasha Bedingfield,Stumble,pop,0.8151545838093671,Twista,Overdose (Album Version),hip hop,513.4109557142903,Lauryn Hill,Interlude 5,r&b/soul,496.7875890556921,Beastie Boys,B-Boy Bouillabaisse: A.W.O.L. (2009 Digital Remaster),hip hop,443.0986472444503,Twista,Overdose (Album Version),hip hop,293.527713454279,Ying Yang Twins,1st Booty On Duty,hip hop,274.5315053670577,Onyx,Slam Harder,hip hop,254.1080723955851,Beastie Boys,Pass The Mic (Pt. 2_ Skills To Pay The Bills) (2009 Digital Remaster),hip hop,0.3048501611324035,A Tribe Called Quest,Peace_ Prosperity & Paper,hip hop,0.296824446438092,Bone Thugs-N-Harmony,9mm,hip hop,0.28954171970914366,Twista,Overdose (Album Version),hip hop,0.4106762747919477,A Tribe Called Quest,Peace_ Prosperity & Paper,hip hop,0.40758776342548,Beastie Boys,Pass The Mic (Pt. 2_ Skills To Pay The Bills) (2009 Digital Remaster),hip hop,0.39978285546543585
TRBCPZS128F145ECC1,SOOKDOU12D0219A1C0,ARCBD0U1187FB466EF,Nelly,Say Now,hip hop,Lauryn Hill,Interlude 5,r&b/soul,7559.0,Michael Jackson,Man In The Mirror,pop,6921.0,Fatboy Slim,The Rockafeller Skank,electronic,6009.0,Lauryn Hill,Interlude 5,r&b/soul,8.30565,Michael Jackson,Man In The Mirror,pop,7.671228125000002,Fatboy Slim,The Rockafeller Skank,electronic,7.014249999999999,Bruce Hornsby and the Range,The Red Plains,folk,0.6061194489518105,Blink-182,Online Songs,punk,0.6059385776483655,Ini Kamoze,Here Comes The Hotstepper,reggae,0.5962512597307602,Blink-182,Online Songs,punk,0.6237764408472842,Bruce Hornsby and the Range,The Red Plains,folk,0.6185799010369691,Ini Kamoze,Here Comes The Hotstepper,reggae,0.6064342889763552,Michael Jackson,Man In The Mirror,pop,537.6366216256879,Lauryn Hill,Interlude 5,r&b/soul,496.86949388116517,Twista,Overdose (Album Version),hip hop,452.81532539755597,Michael Jackson,Man In The Mirror,pop,383.6744810734951,Fun Lovin' Criminals,Blues For Suckers,blues,305.2334911284724,Tiziano Ferro,Universal Prayer,pop,295.82457570506745,Sentidos Opuestos,Oh Na Na Na,latin,0.42143219552225697,Kayah,Dla Niego,pop,0.41825900427460805,Orla Fallon,An Mhaighdean Mhara,classical,0.3690724606173548,Tiziano Ferro,Universal Prayer,pop,0.417114190652964,Sentidos Opuestos,Oh Na Na Na,latin,0.4139108990687238,Tim Armstrong,Take This City,reggae,0.4118609570578756
TRWFVOW128E0793847,SOZDHYB12A679D7E52,ARZER7I1187FB385AF,Dr. Dre,Been There Done That,hip hop,Lauryn Hill,Interlude 5,r&b/soul,6947.0,Beastie Boys,B-Boy Bouillabaisse: A.W.O.L. (2009 Digital Remaster),hip hop,5817.0,Michael Jackson,Man In The Mirror,pop,5648.0,Lauryn Hill,Interlude 5,r&b/soul,7.715450000000001,Beastie Boys,B-Boy Bouillabaisse: A.W.O.L. (2009 Digital Remaster),hip hop,6.461482812500001,Michael Jackson,Man In The Mirror,pop,6.2298406250000005,Mobb Deep,Live Foul,hip hop,0.6982076517092871,Lost Boyz,Keep It Real,hip hop,0.6381602946481136,OutKast,Claimin' True,hip hop,0.637863248119422,Mobb Deep,Live Foul,hip hop,0.7168507480305717,Lost Boyz,Keep It Real,hip hop,0.6613645872091801,Souls Of Mischief,Do You Want It?,hip hop,0.6599652717296057,Beastie Boys,B-Boy Bouillabaisse: A.W.O.L. (2009 Digital Remaster),hip hop,429.62519894106714,Twista,Overdose (Album Version),hip hop,404.19441618988515,DJ Quik,Safe + Sound,hip hop,353.51135376653025,Eminem,If I Had,hip hop,195.73636597251334,Three 6 Mafia,Who Run It,hip hop,193.3699310216362,WWE John Cena and Tha Trademarc,Just Another Day,hip hop,192.09541821385244,Bobby Bare,Marie Laveau,country,0.25585072018086136,WWE John Cena and Tha Trademarc,Just Another Day,hip hop,0.23268249545991443,Eminem,If I Had,hip hop,0.22894699509897773,Gang Starr,The Illest Brother,hip hop,0.3499569032375065,WWE John Cena and Tha Trademarc,Just Another Day,hip hop,0.33998092912735056,Bobby Bare,Marie Laveau,country,0.33955004776479686
TRWZWOX128F935A084,SOTYTWT12A58A7BBEE,AR9LJ9D1187FB4303D,Sean Kingston,Magical,hip hop,Lauryn Hill,Interlude 5,r&b/soul,5677.0,Stevie Wonder,All Day Sucker,r&b/soul,5057.0,Brick & Lace,Love Is Wicked,r&b/soul,5031.0,Lauryn Hill,Interlude 5,r&b/soul,6.328049999999999,Stevie Wonder,All Day Sucker,r&b/soul,6.0561375,Brick & Lace,Love Is Wicked,r&b/soul,5.981887500000003,Ben E. King,Supernatural Thing Part 1,r&b/soul,0.7067527753415465,Ladyhawke,Love Don't Live Here,electronic,0.6890688376692659,Aretha Franklin,A Deeper Love,r&b/soul,0.6863434513649261,Ben E. King,Supernatural Thing Part 1,r&b/soul,0.7159543389876427,Ladyhawke,Love Don't Live Here,electronic,0.6980204346348534,Aretha Franklin,A Deeper Love,r&b/soul,0.6951663405273613,Lauryn Hill,Interlude 5,r&b/soul,326.4766511511499,Beastie Boys,B-Boy Bouillabaisse: A.W.O.L. (2009 Digital Remaster),hip hop,233.15067837450115,Eminem,8 Mile,hip hop,193.2032224739583,Lauryn Hill,Interlude 5,r&b/soul,180.99672262291597,Babyface,I Love You Babe,r&b/soul,156.40391408101863,Next,I Still Love You,r&b/soul,139.3110177184267,Babyface,I Love You Babe,r&b/soul,0.36532918217984195,Dion,Can't We Be Sweethearts,pop,0.3331080813124706,Next,I Still Love You,r&b/soul,0.3213924588473585,Babyface,I Love You Babe,r&b/soul,0.4020713423377804,Shai,Waiting For The Day,r&b/soul,0.3791005863240237,Next,I Still Love You,r&b/soul,0.3773877279247986
TRXGBGU128F935A092,SOGKYFP12AB0185ED3,AR9LJ9D1187FB4303D,Sean Kingston,Over,hip hop,Lauryn Hill,Interlude 5,r&b/soul,6535.0,Beastie Boys,B-Boy Bouillabaisse: A.W.O.L. (2009 Digital Remaster),hip hop,5407.0,Twista,I'm A Winner (Amended Album Version),hip hop,5135.0,Lauryn Hill,Interlude 5,r&b/soul,7.3108499999999985,Beastie Boys,B-Boy Bouillabaisse: A.W.O.L. (2009 Digital Remaster),hip hop,6.0413078125,Twista,I'm A Winner (Amended Album Version),hip hop,5.858084375000001,Marilyn Monroe,Do It Again,jazz,0.7160385288649296,Albert Hammond Jr.,Bright Young Thing,rock,0.7033672945159105,Wall Of Voodoo,Do It Again,pop,0.6562499972731539,Marilyn Monroe,Do It Again,jazz,0.734288180086579,Albert Hammond Jr.,Bright Young Thing,rock,0.7169261586694056,Marques Houston,Naked,r&b/soul,0.6744386318958402,Beastie Boys,B-Boy Bouillabaisse: A.W.O.L. (2009 Digital Remaster),hip hop,356.6708165168478,Lauryn Hill,Interlude 5,r&b/soul,292.22198221970586,Murs,The Dance,hip hop,256.7144054561368,Omarion,I'm Gon' Change,r&b/soul,179.77017114164914,Jodeci,My Phone,jazz,169.10114840774816,Will Smith,Switch,hip hop,167.253535662997,João Gilberto,Ave Maria No Morro,latin,0.28738222744860786,Wall Of Voodoo,Do It Again,pop,0.2768393616152452,Omarion,I'm Gon' Change,r&b/soul,0.263099048162474,Wall Of Voodoo,Do It Again,pop,0.33283997134628573,Omarion,I'm Gon' Change,r&b/soul,0.3274258137500572,Will Smith,Switch,hip hop,0.31993703033026727
TRFKPZK128F935A08D,SOJHMSM12AB0185233,AR9LJ9D1187FB4303D,Sean Kingston,Wrap U Around Me,hip hop,Danity Kane,Hold Me Down (Album Version),r&b/soul,6024.0,Five,That's What You Told Me,pop,5223.0,Lauryn Hill,Interlude 5,r&b/soul,5089.0,Danity Kane,Hold Me Down (Album Version),r&b/soul,7.210312499999998,Five,That's What You Told Me,pop,6.264374999999993,Lauryn Hill,Interlude 5,r&b/soul,5.671249999999998,Diana Krall,Peel Me A Grape,jazz,0.6994488668706811,Jill Scott,He Loves Me (Lyzel In E Flat),r&b/soul,0.6651443334644149,Jeff Buckley,Be Your Husband,blues,0.6415283655082863,Diana Krall,Peel Me A Grape,jazz,0.7042804296396256,Jill Scott,He Loves Me (Lyzel In E Flat),r&b/soul,0.67081577954257,Jeff Buckley,Be Your Husband,blues,0.6507598774277561,Prince,I Love U In Me ( LP Version),r&b/soul,268.5280863389824,Lauryn Hill,Interlude 5,r&b/soul,258.64637328189644,Michael Jackson,Man In The Mirror,pop,222.3773267719123,Prince,I Love U In Me ( LP Version),r&b/soul,182.5707702396844,R. Kelly,Chocolate Factory,r&b/soul,165.42630197915435,Prince,Jack U Off (LP Version),r&b/soul,160.76086821175514,Prince,Jack U Off (LP Version),r&b/soul,0.326640847400569,John Lee Hooker,House Rent Boogie,blues,0.3251605119612343,Janet Jackson,Never Letchu Go,r&b/soul,0.31788119641098295,Prince,Jack U Off (LP Version),r&b/soul,0.36007441766758524,Janet Jackson,Never Letchu Go,r&b/soul,0.35982555765335034,John Lee Hooker,House Rent Boogie,blues,0.35862532354552923
TRWVTDX128F931ECEF,SOUOEMP12A8C13866E,ARDDMYP1187B9B8AE4,M.I.A.,Paper Planes,hip hop,Lauryn Hill,Interlude 5,r&b/soul,8072.0,Beastie Boys,B-Boy Bouillabaisse: A.W.O.L. (2009 Digital Remaster),hip hop,7106.0,Twista,I'm A Winner (Amended Album Version),hip hop,5644.0,Lauryn Hill,Interlude 5,r&b/soul,9.331,Beastie Boys,B-Boy Bouillabaisse: A.W.O.L. (2009 Digital Remaster),hip hop,8.247765625,Nelly,Splurge,hip hop,6.580796874999997,Brand Nubian,All For One (Explicit) (2006 Remastered LP Version),hip hop,0.7680797407766707,Remy Ma,I'm,hip hop,0.7608096802470191,The Clash,I Fought The Law,punk,0.7468341453171878,Brand Nubian,All For One (Explicit) (2006 Remastered LP Version),hip hop,0.776999349082176,Remy Ma,I'm,hip hop,0.769496976440744,Big L,Lifestylez Ov Da Poor & Dangerous,hip hop,0.7553429725110976,Beastie Boys,B-Boy Bouillabaisse: A.W.O.L. (2009 Digital Remaster),hip hop,253.24546214729418,KMD,Plumskinzz (Loose Hoe_ God & Cupid),hip hop,248.24231857414603,Twista,Overdose (Album Version),hip hop,240.10681792090594,KMD,Plumskinzz (Loose Hoe_ God & Cupid),hip hop,165.2756645287753,Clipse,Dirty Money,hip hop,156.45590829486127,Three 6 Mafia,Who Run It,hip hop,155.2047952274097,Plasmatics,Monkey Suit,punk,0.2798878473739134,Van Morrison,Just Like Greta,folk,0.24090745252548199,Elliot Minor,Electric High,classical,0.2382203583418503,KMD,Plumskinzz (Loose Hoe_ God & Cupid),hip hop,0.302817071572276,Plasmatics,Monkey Suit,punk,0.30087560324504936,Van Morrison,Just Like Greta,folk,0.2958102184045927
TRWTZGX128F149535F,SOQFNGB12A6D4FA61E,AR9RYZP1187FB36C6A,Thousand Foot Krutch,Set It Off,hip hop,Lauryn Hill,Interlude 5,r&b/soul,5985.0,Beastie Boys,B-Boy Bouillabaisse: A.W.O.L. (2009 Digital Remaster),hip hop,4891.0,Daft Punk,Touch It / Technologic,electronic,4576.0,Lauryn Hill,Interlude 5,r&b/soul,6.517550000000003,Daft Punk,Touch It / Technologic,electronic,5.3396265625,Beastie Boys,B-Boy Bouillabaisse: A.W.O.L. (2009 Digital Remaster),hip hop,5.3078296875,John Legend,Out Of Sight,r&b/soul,0.6394761374215039,Smif-n-Wessun,LET's GIT IT ON,hip hop,0.6234171373081917,Shannon McNally,Miracle Mile,country,0.6183037241130304,John Legend,Out Of Sight,r&b/soul,0.6575173470477002,Smif-n-Wessun,LET's GIT IT ON,hip hop,0.6444180361569123,Organized Konfusion,Confrontations,hip hop,0.640770187106105,Beastie Boys,B-Boy Bouillabaisse: A.W.O.L. (2009 Digital Remaster),hip hop,467.2497797049495,Twista,Overdose (Album Version),hip hop,356.5795419282701,Kurupt,It Ain't About You,hip hop,304.75078679086965,Beastie Boys,B-Boy Bouillabaisse: A.W.O.L. (2009 Digital Remaster),hip hop,237.0036927694615,Dilated Peoples,Expansion Team Theme,hip hop,205.5591877929878,Twista,Overdose (Album Version),hip hop,185.79604343957214,Jeru The Damaja,Physical Stamina,hip hop,0.2968060208998196,EPMD,Right Now,hip hop,0.2590469930830573,Dilated Peoples,Expansion Team Theme,hip hop,0.24405740985140717,Jeru The Damaja,Physical Stamina,hip hop,0.37660926696406405,Beastie Boys,B-Boy Bouillabaisse: A.W.O.L. (2009 Digital Remaster),hip hop,0.35992776965022244,EPMD,Right Now,hip hop,0.34001864037428503
TRCACEF128F42434D7,SOEFLLL12AF72A15EA,AR7NPRY1187B9ADE15,Ludacris,Ho,hip hop,Lauryn Hill,Interlude 5,r&b/soul,4262.0,Big Bad Voodoo Daddy,Mambo Swing,jazz,3395.0,Beastie Boys,B-Boy Bouillabaisse: A.W.O.L. (2009 Digital Remaster),hip hop,3224.0,Lauryn Hill,Interlude 5,r&b/soul,4.7479,Big Bad Voodoo Daddy,Mambo Swing,jazz,4.161062500000002,Twista,I'm A Winner (Amended Album Version),hip hop,3.5937125000000005,Big Bad Voodoo Daddy,Mambo Swing,jazz,0.8275470070215455,Gene Autry,Up On The House Top,country,0.6658309762782457,Nina Hagen,Live On Mars,punk,0.4264494506448966,Big Bad Voodoo Daddy,Mambo Swing,jazz,0.8286527685473251,Gene Autry,Up On The House Top,country,0.6742611420066916,Nina Hagen,Live On Mars,punk,0.4323110927386168,Big Bad Voodoo Daddy,Mambo Swing,jazz,345.9327586687606,DMX,Keep Your Shit The Hardest,hip hop,333.0312703963084,DMX,Bring Your Whole Crew,hip hop,316.34596307794965,Big Bad Voodoo Daddy,Mambo Swing,jazz,321.83548388371213,Gene Autry,Up On The House Top,country,239.6501902229463,DMX,Keep Your Shit The Hardest,hip hop,231.43207405496563,Big Bad Voodoo Daddy,Mambo Swing,jazz,0.4920234888330789,Gene Autry,Up On The House Top,country,0.4428382469731122,Nina Hagen,Live On Mars,punk,0.3816112481260518,Big Bad Voodoo Daddy,Mambo Swing,jazz,0.5067183426592576,Gene Autry,Up On The House Top,country,0.4654088964974745,Nina Hagen,Live On Mars,punk,0.38622985084522315
TRCQNWN128F92EA07D,SOEARQO12AB017F7F0,ARVTAI41187B9B8B67,Wu-Tang Clan,The What,hip hop,Lauryn Hill,Interlude 5,r&b/soul,5138.0,Twista,I'm A Winner (Amended Album Version),hip hop,4480.0,Beastie Boys,B-Boy Bouillabaisse: A.W.O.L. (2009 Digital Remaster),hip hop,4091.0,Lauryn Hill,Interlude 5,r&b/soul,5.7118,Twista,I'm A Winner (Amended Album Version),hip hop,5.135534375,Beastie Boys,B-Boy Bouillabaisse: A.W.O.L. (2009 Digital Remaster),hip hop,4.5194078125,Immortal Technique,That's What It Is,hip hop,0.7229745743863901,Aesop Rock,Mars Attacks,hip hop,0.7224920128510345,Cam'Ron,Bubble Music,hip hop,0.7183852001543051,Aesop Rock,Mars Attacks,hip hop,0.7484972895490318,Immortal Technique,That's What It Is,hip hop,0.7442728902025324,Cam'Ron,Bubble Music,hip hop,0.7378569294732891,Ying Yang Twins,1st Booty On Duty,hip hop,503.90941258874125,Twista,Overdose (Album Version),hip hop,486.4950336536625,Mobb Deep,Trife Life,hip hop,449.289979976447,Ying Yang Twins,1st Booty On Duty,hip hop,348.90162406890124,Three 6 Mafia,Who Run It,hip hop,282.91522684592684,Twista,Overdose (Album Version),hip hop,281.7652912503143,50 Cent,Rowdy Rowdy,hip hop,0.37828866168926895,Ying Yang Twins,1st Booty On Duty,hip hop,0.3431160773689664,Busta Rhymes,We Got What You Want,hip hop,0.3427970618696503,50 Cent,Rowdy Rowdy,hip hop,0.46742216470323783,Onyx,The Worst,hip hop,0.45181110393000284,2Pac,Strictly 4 My N.I.G.G.A.Z.,hip hop,0.4439715230399117
TRYHHXT128F4276F89,SOKMCHV12D02194FF6,AR23C041187FB4D534,50 Cent,Rowdy Rowdy,hip hop,Lauryn Hill,Interlude 5,r&b/soul,6437.0,Beastie Boys,B-Boy Bouillabaisse: A.W.O.L. (2009 Digital Remaster),hip hop,5453.0,Twista,I'm A Winner (Amended Album Version),hip hop,5239.0,Lauryn Hill,Interlude 5,r&b/soul,7.158449999999998,Beastie Boys,B-Boy Bouillabaisse: A.W.O.L. (2009 Digital Remaster),hip hop,6.073803124999997,Twista,I'm A Winner (Amended Album Version),hip hop,5.968543750000001,Wu-Tang Clan,Da Mystery Of Chessboxin',hip hop,0.7930668090285937,Company Flow,The Fire In Which You Burn (feat. J-Treds & The Brewin From The Juggaknots),hip hop,0.7622132918618588,Def Squad,You Do_ I Do,hip hop,0.7615667137426032,Wu-Tang Clan,Da Mystery Of Chessboxin',hip hop,0.8092966735575772,Company Flow,The Fire In Which You Burn (feat. J-Treds & The Brewin From The Juggaknots),hip hop,0.7825224390980428,Def Squad,You Do_ I Do,hip hop,0.7775343206630656,DMX,Keep Your Shit The Hardest,hip hop,631.2361109425408,DJ Quik,Safe + Sound,hip hop,628.7484258935215,Eazy-E,Real Muthaphuckkin' G's,hip hop,591.5682891219006,DMX,Keep Your Shit The Hardest,hip hop,453.6151841443521,DJ Quik,Safe + Sound,hip hop,435.76110016509386,Eazy-E,Real Muthaphuckkin' G's,hip hop,424.1580401302529,G-Unit,I Don't Want To Talk About It,hip hop,0.4353199223623763,Eazy-E,Real Muthaphuckkin' G's,hip hop,0.4303866395776644,Soulja Slim,From What I Was Told,hip hop,0.4260191818170806,Soulja Slim,From What I Was Told,hip hop,0.5149050984487225,Eazy-E,Real Muthaphuckkin' G's,hip hop,0.5129386683653443,G-Unit,I Don't Want To Talk About It,hip hop,0.5099434154693453
TRIGDUK128E0784045,SOFXFJC12A6310E2F1,ARZ5H0P1187B98A1DD,Snoop Dogg,Bang Out,hip hop,Lauryn Hill,Interlude 5,r&b/soul,5629.0,Beastie Boys,B-Boy Bouillabaisse: A.W.O.L. (2009 Digital Remaster),hip hop,5095.0,Twista,I'm A Winner (Amended Album Version),hip hop,4948.0,Lauryn Hill,Interlude 5,r&b/soul,6.212849999999999,Beastie Boys,B-Boy Bouillabaisse: A.W.O.L. (2009 Digital Remaster),hip hop,5.680159375000003,Twista,I'm A Winner (Amended Album Version),hip hop,5.6468812500000025,Wu-Tang Clan,Uzi,hip hop,0.6536404155780997,Kool Keith,Clifton,hip hop,0.6449039473917966,Lil Wyte,Ten Toes Tall,hip hop,0.6448174644826912,Wu-Tang Clan,Uzi,hip hop,0.6788064827768119,Lil Wyte,Ten Toes Tall,hip hop,0.6691453207971828,Kool Keith,Clifton,hip hop,0.6671982078043007,Ying Yang Twins,1st Booty On Duty,hip hop,579.7554700807657,Twista,Overdose (Album Version),hip hop,511.7191366646259,Twista,No Remorse (Album Version),hip hop,455.3344451025231,Ying Yang Twins,1st Booty On Duty,hip hop,447.5793689039852,Twista,Overdose (Album Version),hip hop,337.1448175017049,Twista,No Remorse (Album Version),hip hop,321.76154737278506,Ying Yang Twins,1st Booty On Duty,hip hop,0.3846695080847959,N.W.A.,Arrested (Insert) (Explicit),hip hop,0.36548104046574975,Kurupt,Ho's A Housewife,hip hop,0.34830776440736233,Ying Yang Twins,1st Booty On Duty,hip hop,0.44702145978825764,Kurupt,Ho's A Housewife,hip hop,0.4222220645091673,N.W.A.,Arrested (Insert) (Explicit),hip hop,0.41274269742396213
TRNVKOI128E0799173,SOIYRHZ12A67AD8126,ARZ5H0P1187B98A1DD,Snoop Dogg,Snoopafella (Edited),hip hop,Lauryn Hill,Interlude 5,r&b/soul,15031.0,Beastie Boys,B-Boy Bouillabaisse: A.W.O.L. (2009 Digital Remaster),hip hop,13137.0,Twista,I'm A Winner (Amended Album Version),hip hop,11084.0,Lauryn Hill,Interlude 5,r&b/soul,17.187949999999987,Beastie Boys,B-Boy Bouillabaisse: A.W.O.L. (2009 Digital Remaster),hip hop,15.082537500000006,Twista,I'm A Winner (Amended Album Version),hip hop,12.808824999999992,Us3,Goodbye,jazz,0.8616027405496897,King Tee,Act A Fool,hip hop,0.8607171272163057,Beastie Boys,B-Boy Bouillabaisse: A.W.O.L. (2009 Digital Remaster),hip hop,0.8554211356996275,Us3,Goodbye,jazz,0.8702964194888465,King Tee,Act A Fool,hip hop,0.8695694012122461,Beastie Boys,B-Boy Bouillabaisse: A.W.O.L. (2009 Digital Remaster),hip hop,0.8650766272567033,Beastie Boys,B-Boy Bouillabaisse: A.W.O.L. (2009 Digital Remaster),hip hop,732.9143327058456,Lauryn Hill,Interlude 5,r&b/soul,681.0683421470003,Twista,Overdose (Album Version),hip hop,588.4376007767304,Beastie Boys,B-Boy Bouillabaisse: A.W.O.L. (2009 Digital Remaster),hip hop,298.36769235956785,Redman,Soopaman Luva 3,hip hop,289.697082525174,Dar Williams,Mortal City,folk,286.79904955948666,Adam Green,Bungee,folk,0.30620243889550536,Dar Williams,Mortal City,folk,0.2980303572762888,Redman,Soopaman Luva 3,hip hop,0.2951884812333098,Beastie Boys,B-Boy Bouillabaisse: A.W.O.L. (2009 Digital Remaster),hip hop,0.4410044249983306,Redman,Soopaman Luva 3,hip hop,0.43755482411448143,Dar Williams,Mortal City,folk,0.43619531816474416
TRLVRJP128F93519FB,SOOENST12AC9E1344B,ARZYMH91187B99CEFC,Atmosphere,Hair,hip hop,Lauryn Hill,Interlude 5,r&b/soul,10509.0,Beastie Boys,B-Boy Bouillabaisse: A.W.O.L. (2009 Digital Remaster),hip hop,9207.0,Twista,I'm A Winner (Amended Album Version),hip hop,7901.0,Lauryn Hill,Interlude 5,r&b/soul,11.790749999999996,Beastie Boys,B-Boy Bouillabaisse: A.W.O.L. (2009 Digital Remaster),hip hop,10.3835390625,Twista,I'm A Winner (Amended Album Version),hip hop,8.996921875,Eric B. & Rakim,What's On Your Mind,hip hop,0.8046953575223295,Beastie Boys,B-Boy Bouillabaisse: A.W.O.L. (2009 Digital Remaster),hip hop,0.8001580434449278,Example,Birthday Card,hip hop,0.7952730121131917,Eric B. & Rakim,What's On Your Mind,hip hop,0.818815366805303,Beastie Boys,B-Boy Bouillabaisse: A.W.O.L. (2009 Digital Remaster),hip hop,0.8161024490747625,Example,Birthday Card,hip hop,0.8084758026197649,Lauryn Hill,Interlude 5,r&b/soul,616.1442595917338,Beastie Boys,B-Boy Bouillabaisse: A.W.O.L. (2009 Digital Remaster),hip hop,560.5686076981955,Eminem,8 Mile,hip hop,536.2024520778021,Lauryn Hill,Interlude 5,r&b/soul,214.53645464708913,Eminem,8 Mile,hip hop,212.6540986247709,Javier,Slow Motion,r&b/soul,208.69579012435295,Reel Big Fish,She's Famous Now,reggae,0.2780956768899146,Chicago,Caroline (Album Version),pop,0.2756918567633238,John Legend,I Can Change,r&b/soul,0.2720298268672972,Chicago,Caroline (Album Version),pop,0.38547163591916217,John Legend,I Can Change,r&b/soul,0.38391304846197044,Lauryn Hill,Interlude 5,r&b/soul,0.38298134798991795
TRBZXAC12903CBB0CE,SOHAYPC12A6D4FB7A7,ARZYMH91187B99CEFC,Atmosphere,Happymess,hip hop,Lauryn Hill,Interlude 5,r&b/soul,10649.0,Beastie Boys,B-Boy Bouillabaisse: A.W.O.L. (2009 Digital Remaster),hip hop,8009.0,Twista,I'm A Winner (Amended Album Version),hip hop,7264.0,Lauryn Hill,Interlude 5,r&b/soul,12.306150000000008,Beastie Boys,B-Boy Bouillabaisse: A.W.O.L. (2009 Digital Remaster),hip hop,9.170707812499998,Twista,I'm A Winner (Amended Album Version),hip hop,8.423134375000002,Murs,You & I,hip hop,0.8130814239195993,Kool Moe Dee,Bad Mutha,hip hop,0.8067309259411548,Remy Ma,I'm,hip hop,0.801732502375916,Murs,You & I,hip hop,0.824366035372372,Kool Moe Dee,Bad Mutha,hip hop,0.8177630584938008,King Tee,Guitar Playin',hip hop,0.812877151116447,Lauryn Hill,Interlude 5,r&b/soul,458.49763303997696,Beastie Boys,B-Boy Bouillabaisse: A.W.O.L. (2009 Digital Remaster),hip hop,360.7406267158169,Eminem,My Darling,hip hop,319.80591011784895,Lauryn Hill,Interlude 5,r&b/soul,192.3995075630727,Clipse,Dirty Money,hip hop,163.36392158133185,Amber Pacific,The Right to Write Me Off,punk,149.16377468061853,Amber Pacific,The Right to Write Me Off,punk,0.2559006681067238,Psapp,I Want That,electronic,0.22851809826045646,Kelly Clarkson,Cry,pop,0.22842208054710167,Lauryn Hill,Interlude 5,r&b/soul,0.34728833197465997,Amber Pacific,The Right to Write Me Off,punk,0.33792002274008925,Example,Birthday Card,hip hop,0.3205353032997297
TRUNSXQ128E078B97D,SOALPQQ12A6701F302,ARN0YZ71187B9BA57B,Michael Bublé,Put Your Head On My Shoulder (Album Version),jazz,Lauryn Hill,Interlude 5,r&b/soul,2939.0,Danity Kane,Hold Me Down (Album Version),r&b/soul,2498.0,Five,That's What You Told Me,pop,2452.0,Lauryn Hill,Interlude 5,r&b/soul,3.31955,Danity Kane,Hold Me Down (Album Version),r&b/soul,2.9583937500000004,Five,That's What You Told Me,pop,2.9292875000000014,Brownstone,Kiss And Tell,r&b/soul,0.6856774468740647,Wang Chung,Hypnotize Me,pop,0.6778424575604486,Sharon Jones & The Dap-Kings,Tell Me,r&b/soul,0.6718434396125437,Brownstone,Kiss And Tell,r&b/soul,0.6976633312578044,Wang Chung,Hypnotize Me,pop,0.6897901908854601,Sharon Jones & The Dap-Kings,Tell Me,r&b/soul,0.6810213726814099,Lauryn Hill,Interlude 5,r&b/soul,148.24382585511935,Binary Star,Indy 500,hip hop,135.36416338974126,Twista,Overdose (Album Version),hip hop,124.33863924889796,Luther Vandross,I Can Make It Better,r&b/soul,84.13224600994546,Binary Star,Indy 500,hip hop,81.88250596793966,LL Cool J,Lollipop,hip hop,81.80208191066045,The Spencer Davis Group,I Can't Stand It,blues,0.2707314808886747,Jesse Johnson,Love Struck,r&b/soul,0.25918262059418634,Eddy Grant,Can't Get Enough Of You,reggae,0.25069438319335824,Jesse Johnson,Love Struck,r&b/soul,0.3054268742131598,Eddy Grant,Can't Get Enough Of You,reggae,0.2984291328644451,The Spencer Davis Group,I Can't Stand It,blues,0.29738054296489475
TRFUJLG128F4255312,SOELKTY12A8C135CCC,ARN0YZ71187B9BA57B,Michael Bublé,Stuck In The Middle With You (Non-Album Track),jazz,Lauryn Hill,Interlude 5,r&b/soul,6146.0,Twista,I'm A Winner (Amended Album Version),hip hop,5387.0,Beastie Boys,B-Boy Bouillabaisse: A.W.O.L. (2009 Digital Remaster),hip hop,5357.0,Lauryn Hill,Interlude 5,r&b/soul,7.109799999999996,Twista,I'm A Winner (Amended Album Version),hip hop,6.3594718750000006,Beastie Boys,B-Boy Bouillabaisse: A.W.O.L. (2009 Digital Remaster),hip hop,6.2173140625,Mac Lethal,Rotten Apple Pie,hip hop,0.8300856592954707,A Tribe Called Quest,Hot Sex,hip hop,0.8245009501149407,Remy Ma,I'm,hip hop,0.8112845791108259,Mac Lethal,Rotten Apple Pie,hip hop,0.837945199176861,A Tribe Called Quest,Hot Sex,hip hop,0.8326642603915566,Remy Ma,I'm,hip hop,0.819070083963102,Lauryn Hill,Interlude 5,r&b/soul,232.01872798019326,Beastie Boys,B-Boy Bouillabaisse: A.W.O.L. (2009 Digital Remaster),hip hop,204.1596877636303,N-Dubz,Feva Las Vegas,reggae,203.44014884724828,Marvin Sease,Stuck In The Middle,blues,140.1085313946503,N-Dubz,Feva Las Vegas,reggae,136.7726057708298,Westbound Train,When I Die,reggae,131.74130952100384,Westbound Train,When I Die,reggae,0.3301207615411554,Albert Hammond Jr,G Up,rock,0.30537559397742664,Marvin Sease,Stuck In The Middle,blues,0.3010584128370523,Westbound Train,When I Die,reggae,0.387546107052286,Marvin Sease,Stuck In The Middle,blues,0.3500719783044121,Albert Hammond Jr,G Up,rock,0.3480347550559234
TRQPMHA128E078B979,SOSHDEL12A6701F300,ARN0YZ71187B9BA57B,Michael Bublé,You'll Never Find Another Love Like Mine (Album Version),jazz,Lauryn Hill,Interlude 5,r&b/soul,8846.0,Twista,I'm A Winner (Amended Album Version),hip hop,8012.0,Eminem,My Darling,hip hop,6826.0,Lauryn Hill,Interlude 5,r&b/soul,10.2571,Twista,I'm A Winner (Amended Album Version),hip hop,9.491912499999998,Eminem,My Darling,hip hop,8.042581250000003,Brett Dennen,When She's Gone,folk,0.740453962104554,Paul Anka,You Are My Destiny,jazz,0.7259837808997764,Phyllis Hyman,Falling Star,r&b/soul,0.724824238041916,Brett Dennen,When She's Gone,folk,0.7457744617225673,Phyllis Hyman,Falling Star,r&b/soul,0.7317463099137409,Paul Anka,You Are My Destiny,jazz,0.7307450668572184,Janis Joplin,Kozmic Blues,blues,270.8610471287011,Lauryn Hill,Interlude 5,r&b/soul,253.18215131773056,Everything But The Girl,Love Is Strange,folk,247.75106596047064,Everything But The Girl,Love Is Strange,folk,221.94448052333374,Janis Joplin,Kozmic Blues,blues,209.55634396763705,Dusty Springfield,Some Of Your Lovin',pop,176.1709686518315,Everything But The Girl,Love Is Strange,folk,0.4200676021044347,Dusty Springfield,Some Of Your Lovin',pop,0.36599796788556854,Gene Vincent,Lotta Lovin',rock,0.35319720922304865,Everything But The Girl,Love Is Strange,folk,0.4462807293622055,Dusty Springfield,Some Of Your Lovin',pop,0.39733233213358743,Gene Vincent,Lotta Lovin',rock,0.37922845577009395
TRZPSAF128F9349767,SOLOQYJ12AB0188A53,AR20CFC1187B98A25D,Ray Charles,Kiss me baby,jazz,Danity Kane,Hold Me Down (Album Version),r&b/soul,2766.0,Lauryn Hill,Interlude 5,r&b/soul,2715.0,Five,That's What You Told Me,pop,2651.0,Danity Kane,Hold Me Down (Album Version),r&b/soul,3.2678187499999978,Five,That's What You Told Me,pop,3.1568874999999976,Lauryn Hill,Interlude 5,r&b/soul,2.984350000000002,Aretha Franklin,All Night Long,jazz,0.6633840411473826,Bo Diddley,I'm Looking For A Woman,blues,0.616315895596644,Slim Harpo,Late Last Night,blues,0.613694407449678,Aretha Franklin,All Night Long,jazz,0.6717406806374625,Bo Diddley,I'm Looking For A Woman,blues,0.6271205255021244,Slim Harpo,Late Last Night,blues,0.6246459926082454,Beastie Boys,B-Boy Bouillabaisse: A.W.O.L. (2009 Digital Remaster),hip hop,157.41910180732705,Jay-Z,So Ghetto,hip hop,117.51155860042907,Lauryn Hill,Interlude 5,r&b/soul,115.1331918242076,Colin James,Sit Right Here,blues,93.75087545403044,The Jeff Healey Band,How Long Can A Man Be Strong,blues,89.39168127780674,Ray Charles,Don't You Know,r&b/soul,89.33954323500627,Ray Charles,Don't You Know,r&b/soul,0.3378022026287672,Colin James,Sit Right Here,blues,0.31816738236347847,Bo Diddley,I'm Looking For A Woman,blues,0.30955539026736384,Ray Charles,Don't You Know,r&b/soul,0.37040570583983995,Colin James,Sit Right Here,blues,0.35486863509460764,Bo Diddley,I'm Looking For A Woman,blues,0.3423484893996136
TRAEPAC12903CE5DC8,SOELRRQ12AB0188C34,AR20CFC1187B98A25D,Ray Charles,Let's Go,jazz,Lauryn Hill,Interlude 5,r&b/soul,4629.0,Twista,I'm A Winner (Amended Album Version),hip hop,4033.0,Danity Kane,Hold Me Down (Album Version),r&b/soul,3503.0,Lauryn Hill,Interlude 5,r&b/soul,5.45965,Twista,I'm A Winner (Amended Album Version),hip hop,4.827806250000004,Danity Kane,Hold Me Down (Album Version),r&b/soul,4.22743125,Hilary Duff,Play With Fire,pop,0.8356431488620776,Leon Jackson,You Don't Know Me,jazz,0.8186475686719422,Harry Connick_ Jr.,You Don't Know Me,jazz,0.8173676222289012,Hilary Duff,Play With Fire,pop,0.8396840181999419,Leon Jackson,You Don't Know Me,jazz,0.8233483257866896,Harry Connick_ Jr.,You Don't Know Me,jazz,0.8221095552280268,Beastie Boys,B-Boy Bouillabaisse: A.W.O.L. (2009 Digital Remaster),hip hop,122.96690931163813,Lauryn Hill,Interlude 5,r&b/soul,113.034218360703,Eminem,My Darling,hip hop,108.58727560211656,JLS,Beat Again,pop,78.97410000274836,Spice Girls,Ain't No Stopping Us Now,r&b/soul,73.15713934613603,Kat DeLuna,Run The Show,r&b/soul,67.8905273877472,Steely Dan,Don't Let Me In,jazz,0.3527925374500209,Stevie Wonder,If You Really Love Me,r&b/soul,0.33753219636212844,The Planet Smashers,Police The Nation,reggae,0.3113224025536405,Steely Dan,Don't Let Me In,jazz,0.3855359845938114,Stevie Wonder,If You Really Love Me,r&b/soul,0.37246481009344756,JLS,Beat Again,pop,0.3483956121309202
TRMJMVW12903CD44F4,SOZKIGX12D021902C2,AR20CFC1187B98A25D,Ray Charles,Moon Over Miami,jazz,Lauryn Hill,Interlude 5,r&b/soul,628.0,Vanilla Ice,It's A Party,hip hop,436.0,Beastie Boys,B-Boy Bouillabaisse: A.W.O.L. (2009 Digital Remaster),hip hop,412.0,Lauryn Hill,Interlude 5,r&b/soul,0.6584999999999998,Vanilla Ice,It's A Party,hip hop,0.487078125,The Prodigy,We Gonna Rock,electronic,0.4538750000000003,Diana Krall,Charmed Life,jazz,0.440612918201503,Dragonforce,Heart of a Dragon,metal,0.4368903631851725,Chaka Khan,Lullaby Of Birdland,jazz,0.424246694034766,Diana Krall,Charmed Life,jazz,0.4655051307245378,Dragonforce,Heart of a Dragon,metal,0.4597895731885437,Chaka Khan,Lullaby Of Birdland,jazz,0.4506809052085299,The Streets,Weak Become Heroes,hip hop,94.0743549280585,Ella Fitzgerald,How High The Moon,jazz,84.62905631850757,Beastie Boys,B-Boy Bouillabaisse: A.W.O.L. (2009 Digital Remaster),hip hop,74.21078124469916,Ella Fitzgerald,How High The Moon,jazz,75.28488345618457,The Streets,Weak Become Heroes,hip hop,63.91095061822351,Ella Fitzgerald,Russian Lullaby,jazz,56.248713344227475,Ella Fitzgerald,How High The Moon,jazz,0.33365136289603803,Ella Fitzgerald,Russian Lullaby,jazz,0.30707686876716733,Way Out West,The Gift,electronic,0.28861517982906815,Ella Fitzgerald,How High The Moon,jazz,0.36000752574789635,Ella Fitzgerald,Russian Lullaby,jazz,0.33026915458004097,Erin McKeown,Paper Moon,jazz,0.2998663782212259
TRBXTYM128F930793B,SOAAYTO12D021B0A4B,AREIN101187FB5A5FA,Nat King Cole,Hit That Jive Jack,jazz,Lauryn Hill,Interlude 5,r&b/soul,5170.0,Beastie Boys,B-Boy Bouillabaisse: A.W.O.L. (2009 Digital Remaster),hip hop,4761.0,Michael Jackson,Man In The Mirror,pop,4288.0,Lauryn Hill,Interlude 5,r&b/soul,5.896699999999998,Beastie Boys,B-Boy Bouillabaisse: A.W.O.L. (2009 Digital Remaster),hip hop,5.478084375,Twista,I'm A Winner (Amended Album Version),hip hop,4.967731249999999,N-Dubz,Sex,hip hop,0.6503563740723228,Juvenile,Around The Way [Explicit Album Version],hip hop,0.6478431455711025,Onyx,The Worst,hip hop,0.6462460748082285,N-Dubz,Sex,hip hop,0.6640112241959808,Juvenile,Around The Way [Explicit Album Version],hip hop,0.6616251667757008,Onyx,The Worst,hip hop,0.6597749337002387,The Simpsons,Do The Bartman,hip hop,190.48518127640062,Twiztid,She Ain't Afraid,hip hop,176.54215565240588,Twista,Get It How You Live  (Explicit Chopped & Screwed Version),hip hop,167.90578270448154,Mississippi Fred McDowell,Shake 'Em On Down,blues,143.80170434831498,Nivea,Indian Dance,r&b/soul,142.6264298430972,The Simpsons,Do The Bartman,hip hop,140.678186672926,Sam Cooke,Shake,r&b/soul,0.28709508738518025,Tommy Johnson,Big Fat Mama Blues,blues,0.2785439229520734,Mississippi Fred McDowell,Shake 'Em On Down,blues,0.2750564777871614,Sam Cooke,Shake,r&b/soul,0.31519848869596817,Nivea,Indian Dance,r&b/soul,0.3059154032334079,Tommy Johnson,Big Fat Mama Blues,blues,0.3031122577165662
TRFORZM12903CDF88C,SODTNSX12D021979B9,AREIN101187FB5A5FA,Nat King Cole,The Christmas Song,jazz,Lauryn Hill,Interlude 5,r&b/soul,1674.0,Beastie Boys,B-Boy Bouillabaisse: A.W.O.L. (2009 Digital Remaster),hip hop,1136.0,Michael Jackson,Man In The Mirror,pop,944.0,Lauryn Hill,Interlude 5,r&b/soul,1.899300000000001,Beastie Boys,B-Boy Bouillabaisse: A.W.O.L. (2009 Digital Remaster),hip hop,1.2584312500000006,Michael Jackson,Man In The Mirror,pop,1.0143625000000005,Billy Gilman,The Christmas Song,country,0.9497017650005212,Gang Starr,Just To Get A Rep,hip hop,0.6086829337448769,Matisyahu,Close My Eyes,reggae,0.5951070970181551,Billy Gilman,The Christmas Song,country,0.9522158241939748,Gang Starr,Just To Get A Rep,hip hop,0.6323971716269889,Matisyahu,Close My Eyes,reggae,0.6182285620531937,Lauryn Hill,Interlude 5,r&b/soul,140.55452283788892,Billy Gilman,The Christmas Song,country,119.47036806497667,Matisyahu,Close My Eyes,reggae,107.62864370853355,Billy Gilman,The Christmas Song,country,113.06551006182225,Lauryn Hill,Interlude 5,r&b/soul,72.3149445819077,Matisyahu,Close My Eyes,reggae,68.9991567062782,Billy Gilman,The Christmas Song,country,0.9524461849579662,Seth Lakeman,The Colliers,folk,0.2505799852691459,Selena Gomez & The Scene,Tell Me Something I Don't Know,pop,0.2430950407350502,Billy Gilman,The Christmas Song,country,0.9548660651850566,Seth Lakeman,The Colliers,folk,0.2931903874368353,Selena Gomez & The Scene,Tell Me Something I Don't Know,pop,0.28498008750579507
TREMJFY12903CF1630,SOMTUNZ12D021B236A,AREIN101187FB5A5FA,Nat King Cole,Too Young,jazz,Lauryn Hill,Interlude 5,r&b/soul,1400.0,Beastie Boys,B-Boy Bouillabaisse: A.W.O.L. (2009 Digital Remaster),hip hop,806.0,Binary Star,Indy 500,hip hop,714.0,Lauryn Hill,Interlude 5,r&b/soul,1.5200000000000005,Beastie Boys,B-Boy Bouillabaisse: A.W.O.L. (2009 Digital Remaster),hip hop,0.8151562500000008,Binary Star,Indy 500,hip hop,0.7785937499999999,Dan Hartman,We Are The Young,pop,0.518834847852949,Carole King,We Are All In This Together,folk,0.5102111362907643,Thought Riot,Save The Humans,punk,0.4815758991125397,Dan Hartman,We Are The Young,pop,0.5324500101412878,Carole King,We Are All In This Together,folk,0.5321206915650755,Thought Riot,Save The Humans,punk,0.5051737784923711,Beastie Boys,B-Boy Bouillabaisse: A.W.O.L. (2009 Digital Remaster),hip hop,137.3838143170771,Lauryn Hill,Interlude 5,r&b/soul,133.62233500680802,Savatage,The Hourglass,metal,124.26658682397971,The Partridge Family,It's You,pop,88.23203405705623,Maroon 5,Nothing Lasts Forever,pop,81.36146183723396,G-Unit,Beg For Mercy,hip hop,75.5815056803014,The Partridge Family,It's You,pop,0.34060958216999526,Donny Hathaway,To Be Young_ Gifted And Black (LP Version),r&b/soul,0.32689527110034283,The Sundays,My Finest Hour,pop,0.26870717858722887,The Partridge Family,It's You,pop,0.37034774025990536,Donny Hathaway,To Be Young_ Gifted And Black (LP Version),r&b/soul,0.3548767697506141,The Sundays,My Finest Hour,pop,0.30553763815636464
TRKBPHV128F92E3B2D,SOBHTSP12D021B0A27,AREIN101187FB5A5FA,Nat King Cole,Unforgettable,jazz,Lauryn Hill,Interlude 5,r&b/soul,1899.0,Michael Jackson,Man In The Mirror,pop,1525.0,The Pharcyde,Otha Fish,hip hop,1354.0,Lauryn Hill,Interlude 5,r&b/soul,2.15295,Michael Jackson,Man In The Mirror,pop,1.71695,The Pharcyde,Otha Fish,hip hop,1.5777500000000004,Dilated Peoples,Clockwork,hip hop,0.5819247502710332,Johnny Mathis,The Windmills Of Your Mind,blues,0.5657645593341235,Michael Bublé,That's All (Album Version),classical,0.5631505296369687,Dilated Peoples,Clockwork,hip hop,0.6016092411518471,Johnny Mathis,The Windmills Of Your Mind,blues,0.5822395834631303,Joe Nichols,Another Side Of You,country,0.5797494446083384,Lauryn Hill,Interlude 5,r&b/soul,119.68201383766204,Eminem,My Darling,hip hop,112.92803816313602,Beastie Boys,B-Boy Bouillabaisse: A.W.O.L. (2009 Digital Remaster),hip hop,111.10119720601219,Will.I.Am,The Traveling Song,pop,80.43322500912282,Mutya Buena,It's Not Easy,pop,74.46999808056687,Whitney Houston,You Give Good Love,r&b/soul,71.7243282719764,Lloyd Price,Just Because,blues,0.28597739237570224,Nat King Cole,The Very Thought Of You,jazz,0.2796748748558159,Whitney Houston,You Give Good Love,r&b/soul,0.2720764176752314,Lloyd Price,Just Because,blues,0.3191161754863027,Nat King Cole,The Very Thought Of You,jazz,0.3125682714754412,Whitney Houston,You Give Good Love,r&b/soul,0.3071044801976042
TRHYGVQ12903D046A9,SOEPFCI12AC46877AA,AREIN101187FB5A5FA,Nat King Cole,Autumn Leaves,jazz,Lauryn Hill,Interlude 5,r&b/soul,1572.0,Beastie Boys,B-Boy Bouillabaisse: A.W.O.L. (2009 Digital Remaster),hip hop,1120.0,Twista,I'm A Winner (Amended Album Version),hip hop,1070.0,Lauryn Hill,Interlude 5,r&b/soul,1.7488000000000006,Beastie Boys,B-Boy Bouillabaisse: A.W.O.L. (2009 Digital Remaster),hip hop,1.2191968749999995,Eminem,My Darling,hip hop,1.1964156250000002,Dawn of Relic,The Awakening,metal,0.5862140234521477,Dusty Springfield,Meditation,jazz,0.5584673794427355,Snog,Into The Light,electronic,0.5510577888746051,Dawn of Relic,The Awakening,metal,0.6035304042203067,Dusty Springfield,Meditation,jazz,0.5788828223712844,311,Firewater,rock,0.5754381238653518,Eminem,My Darling,hip hop,108.4702471385991,Beastie Boys,B-Boy Bouillabaisse: A.W.O.L. (2009 Digital Remaster),hip hop,106.83382730569576,Lauryn Hill,Interlude 5,r&b/soul,106.25613969983965,Anatomy Of A Ghost,Last Transmission,punk,63.874880471365096,Ms. Dynamite,Back Then,hip hop,60.08566471675215,Bob Dylan,Ballad In Plain D,folk,57.35458787710722,Stevie Wonder,Stay Gold,r&b/soul,0.24073851846990743,Kotipelto,Evening's Fall,metal,0.2254897115652053,Steven Delopoulos,Seasons,pop,0.2227323411071262,Stevie Wonder,Stay Gold,r&b/soul,0.28372341563579523,Kotipelto,Evening's Fall,metal,0.27276917107329096,Katie Melua,All In My Head,jazz,0.26947779476131606
TRWIGSY128F92FE6B6,SOHZWJK12AB017DCF8,AREIN101187FB5A5FA,Nat King Cole,Love Is A Many Splendored Thing,jazz,Lauryn Hill,Interlude 5,r&b/soul,1247.0,Michael Jackson,Man In The Mirror,pop,1090.0,Beastie Boys,B-Boy Bouillabaisse: A.W.O.L. (2009 Digital Remaster),hip hop,1004.0,Lauryn Hill,Interlude 5,r&b/soul,1.3356500000000002,Michael Jackson,Man In The Mirror,pop,1.1712281249999996,Beastie Boys,B-Boy Bouillabaisse: A.W.O.L. (2009 Digital Remaster),hip hop,1.0684265625,Marvin Gaye,That's The Way Love Is,r&b/soul,0.5704907538328294,Bette Midler,The Rose,pop,0.5683491376103905,Giuliano Palma & The Bluebeaters,Somewhere In My Heart,reggae,0.5552952203453165,Bette Midler,The Rose,pop,0.5853694070049635,Marvin Gaye,That's The Way Love Is,r&b/soul,0.5849201282374121,Giuliano Palma & The Bluebeaters,Somewhere In My Heart,reggae,0.575161050162068,Beastie Boys,B-Boy Bouillabaisse: A.W.O.L. (2009 Digital Remaster),hip hop,134.9727794333725,Recoil,Curse,electronic,108.19392764540058,Momus,Closer To You,electronic,100.76816140387774,Shaggy,Luv Me Up,reggae,66.83983842712063,Other Two,One Last Kiss,electronic,65.5258441064073,Lisa Stansfield,Time To Make You Mine,pop,64.15448957107597,Pnau,Lover,electronic,0.27695216792644783,J.J. Cale,Humdinger,blues,0.25200005267277353,John Denver,For You,country,0.24600431825826102,Pnau,Lover,electronic,0.29652649480468934,John Denver,For You,country,0.2820733998434845,Blu Cantrell,Holding On To Love,r&b/soul,0.27790565008267726
TRHEGPE128F9311A85,SOHHACX12AB0181443,AREIN101187FB5A5FA,Nat King Cole,Smoke Gets in Your Eyes,jazz,Beastie Boys,B-Boy Bouillabaisse: A.W.O.L. (2009 Digital Remaster),hip hop,1997.0,Lauryn Hill,Interlude 5,r&b/soul,1906.0,Twista,I'm A Winner (Amended Album Version),hip hop,1771.0,Beastie Boys,B-Boy Bouillabaisse: A.W.O.L. (2009 Digital Remaster),hip hop,2.2635140625000005,Lauryn Hill,Interlude 5,r&b/soul,2.1042000000000014,Twista,I'm A Winner (Amended Album Version),hip hop,2.031871875,Bryan Ferry,Smoke Gets In Your Eyes,folk,0.9598809690955712,Frenzal Rhomb,I Love Fucking Up,punk,0.6990726697270934,Patsy Cline,I Love You Honey,country,0.6941063111843564,Bryan Ferry,Smoke Gets In Your Eyes,folk,0.9615489344015546,Frenzal Rhomb,I Love Fucking Up,punk,0.7078443967508355,Patsy Cline,I Love You Honey,country,0.702430049446232,Bryan Ferry,Smoke Gets In Your Eyes,folk,211.53018990585545,Lauryn Hill,Interlude 5,r&b/soul,146.1500272354245,Eminem,My Darling,hip hop,127.78191235266816,Bryan Ferry,Smoke Gets In Your Eyes,folk,200.2537382679036,David Ball,Blowin' Smoke,country,77.99365774913232,Le Tigre,This Island,electronic,77.85375297577811,Bryan Ferry,Smoke Gets In Your Eyes,folk,0.9445591376504983,Alison Krauss / Union Station,Find My Way Back To My Heart,country,0.2558382880846381,The Adicts,It's A Laugh,punk,0.2516131197409271,Bryan Ferry,Smoke Gets In Your Eyes,folk,0.9473557804305535,Alison Krauss / Union Station,Find My Way Back To My Heart,country,0.30739738863200733,Leigh Nash,I've Gotta See You Smile,folk,0.27591021544381245
TRWZCIQ12903C97881,SOKLXSK12A58A7C3DA,AREIN101187FB5A5FA,Nat King Cole,If You Can't Smile And Say Yes,jazz,Lauryn Hill,Interlude 5,r&b/soul,3250.0,R. Kelly,Don't You Say No,r&b/soul,2375.0,Beastie Boys,B-Boy Bouillabaisse: A.W.O.L. (2009 Digital Remaster),hip hop,2150.0,Lauryn Hill,Interlude 5,r&b/soul,3.7451,R. Kelly,Don't You Say No,r&b/soul,2.8628781249999986,Eminem,My Darling,hip hop,2.466971875000001,R. Kelly,Don't You Say No,r&b/soul,0.7420650301266785,Kelly Price,Don't Say Goodbye,r&b/soul,0.667891788850201,A Tribe Called Quest,Rap Promoter,hip hop,0.6469414151461195,R. Kelly,Don't You Say No,r&b/soul,0.7486364422954158,Kelly Price,Don't Say Goodbye,r&b/soul,0.6800893517252719,A Tribe Called Quest,Rap Promoter,hip hop,0.6610104303769662,Lauryn Hill,Interlude 5,r&b/soul,136.58115404504605,Atmosphere,Hair,hip hop,125.90272306384962,Usher,Love Was Here,hip hop,101.35767287499024,Róisín Murphy,Cry Baby,electronic,85.79614440270448,Usher,Love Was Here,hip hop,80.33967618095154,Atmosphere,Hair,hip hop,77.83134469604795,Róisín Murphy,Cry Baby,electronic,0.3143122954422893,Melody Club,Golden Day,pop,0.28554481479198873,Albert Hammond Jr,G Up,rock,0.28395249629855007,Róisín Murphy,Cry Baby,electronic,0.3496488683673867,Albert Hammond Jr,G Up,rock,0.3186742712576989,Fats Domino,Every Night About This Time,blues,0.31367489186963493
TREENNZ128F145B67D,SOALXFE12A6D4F78B0,AREIN101187FB5A5FA,Nat King Cole,She's Funny That Way,jazz,Lauryn Hill,Interlude 5,r&b/soul,3712.0,Beastie Boys,B-Boy Bouillabaisse: A.W.O.L. (2009 Digital Remaster),hip hop,3221.0,Eminem,My Darling,hip hop,3085.0,Lauryn Hill,Interlude 5,r&b/soul,4.281200000000001,Beastie Boys,B-Boy Bouillabaisse: A.W.O.L. (2009 Digital Remaster),hip hop,3.726193749999999,Eminem,My Darling,hip hop,3.63663125,Guy Clark,I Don't Love You Much Do I (2007 Remastered LP Version),country,0.8118769735659425,Keyshia Cole,I Changed My Mind,r&b/soul,0.7947174268108048,Anastacia,Club Megamix,rock,0.7662608459268436,Guy Clark,I Don't Love You Much Do I (2007 Remastered LP Version),country,0.8169047955167411,Keyshia Cole,I Changed My Mind,r&b/soul,0.8020789901428723,Anastacia,Club Megamix,rock,0.7754714430742043,Natalie Cole,Your Eyes,r&b/soul,135.7690022460165,Beastie Boys,B-Boy Bouillabaisse: A.W.O.L. (2009 Digital Remaster),hip hop,127.2046199896791,Lauryn Hill,Interlude 5,r&b/soul,117.77556314388748,Natalie Cole,Your Eyes,r&b/soul,113.65753611121819,Charlie Wilson,What You Do To Me,r&b/soul,86.08894982898344,Louise,One Kiss From Heaven,r&b/soul,83.8180574243423,Charlie Wilson,What You Do To Me,r&b/soul,0.3261590601894175,Royksopp,Miss It So Much,electronic,0.3176561977271133,Natalie Cole,Your Eyes,r&b/soul,0.31200961799873256,Charlie Wilson,What You Do To Me,r&b/soul,0.3754044664296684,Natalie Cole,Your Eyes,r&b/soul,0.351363536772878,Luther Vandross,Never Too Much,r&b/soul,0.3447390790416459
TRVUYIL128F4275FAD,SOCKFLV12A8C133605,AREIN101187FB5A5FA,Nat King Cole,The Ruby And The Pearl (2003 Digital Remaster),jazz,Lauryn Hill,Interlude 5,r&b/soul,2218.0,Beastie Boys,B-Boy Bouillabaisse: A.W.O.L. (2009 Digital Remaster),hip hop,1625.0,Dilated Peoples,Expansion Team Theme,hip hop,1563.0,Lauryn Hill,Interlude 5,r&b/soul,2.5241000000000016,Dilated Peoples,Expansion Team Theme,hip hop,1.862793750000004,Beastie Boys,B-Boy Bouillabaisse: A.W.O.L. (2009 Digital Remaster),hip hop,1.8235187500000003,Dilated Peoples,Expansion Team Theme,hip hop,0.632460435291294,Patricia Barber,Phaeton,jazz,0.5745397407741704,Snog,Into The Light,electronic,0.5697915434614416,Dilated Peoples,Expansion Team Theme,hip hop,0.6430775696660427,Patricia Barber,Phaeton,jazz,0.5877345201340949,Snog,Into The Light,electronic,0.5832268370598154,Beastie Boys,B-Boy Bouillabaisse: A.W.O.L. (2009 Digital Remaster),hip hop,89.62135042658404,Paul Anka,Love Me Warm And Tender,punk,84.87687021965766,Jamie Foxx,Warm Bed,r&b/soul,83.55263095432842,Paul Anka,Love Me Warm And Tender,punk,75.66958788300101,Jamie Foxx,Warm Bed,r&b/soul,65.42302646335865,Lonestar,Summertime,country,58.31363599348341,Paul Anka,Love Me Warm And Tender,punk,0.32988320484919387,The Gathering,Nighttime Birds,metal,0.3206750306304652,Lonestar,Summertime,country,0.26645004348120416,Paul Anka,Love Me Warm And Tender,punk,0.35571320494710923,The Gathering,Nighttime Birds,metal,0.33750823863195634,Lonestar,Summertime,country,0.29708746037679234
TRHOXSK128F145C9F9,SOLCRAY12A6D4F6095,AREIN101187FB5A5FA,Nat King Cole,The Very Thought Of You,jazz,Lauryn Hill,Interlude 5,r&b/soul,3398.0,Twista,I'm A Winner (Amended Album Version),hip hop,2878.0,Beastie Boys,B-Boy Bouillabaisse: A.W.O.L. (2009 Digital Remaster),hip hop,2441.0,Lauryn Hill,Interlude 5,r&b/soul,3.937000000000001,Twista,I'm A Winner (Amended Album Version),hip hop,3.394578124999998,Life Without Buildings,New Town,rock,2.852367187499998,Boyz II Men,Amazed,r&b/soul,0.7350222437746734,7L & Esoteric,Boxcutter Rap,hip hop,0.71974635863732,Marissa Nadler,Famous Blue Raincoat,folk,0.7088604095240717,Boyz II Men,Amazed,r&b/soul,0.7446471259315678,7L & Esoteric,Boxcutter Rap,hip hop,0.7308070669318518,Marissa Nadler,Famous Blue Raincoat,folk,0.7208331122794644,Beastie Boys,B-Boy Bouillabaisse: A.W.O.L. (2009 Digital Remaster),hip hop,136.87228209839526,Lauryn Hill,Interlude 5,r&b/soul,117.61888041043052,Savatage,The Hourglass,metal,111.74644994799206,Heaven 17,We're Going To Live For A Very Long Time (2006 Digital Remaster),electronic,78.36488195643764,Willie Nelson,A Moment Isn't Very Long,country,76.95794704210135,Paul Potts,Caruso,classical,71.94621047488948,Willie Nelson,A Moment Isn't Very Long,country,0.29450766692804364,Nat King Cole,Unforgettable,jazz,0.2796748748558159,Dusty Springfield,Meditation,jazz,0.27133257337716493,Willie Nelson,A Moment Isn't Very Long,country,0.32934179795329754,Dusty Springfield,Meditation,jazz,0.3167530251739916,Nat King Cole,Unforgettable,jazz,0.3125682714754412
TRETXLU12903CD5688,SOIMSGC12D02198A5A,ARRL2QH1187B9AC814,Bing Crosby,Rudolph The Red-Nosed Reindeer,jazz,Lauryn Hill,Interlude 5,r&b/soul,3806.0,Twista,I'm A Winner (Amended Album Version),hip hop,2567.0,Beastie Boys,B-Boy Bouillabaisse: A.W.O.L. (2009 Digital Remaster),hip hop,2556.0,Lauryn Hill,Interlude 5,r&b/soul,4.366500000000002,Twista,I'm A Winner (Amended Album Version),hip hop,2.953218750000001,Beastie Boys,B-Boy Bouillabaisse: A.W.O.L. (2009 Digital Remaster),hip hop,2.8680156249999995,Gene Autry,Rudolph The Red Nosed Reindeer,classical,0.7584909214891551,Classified,All About U,hip hop,0.717824806385555,Sara Gazarek,Yours (Live),jazz,0.700928580197361,Gene Autry,Rudolph The Red Nosed Reindeer,classical,0.7688021592271441,Classified,All About U,hip hop,0.73169100437109,Sara Gazarek,Yours (Live),jazz,0.7139231121911069,Beastie Boys,B-Boy Bouillabaisse: A.W.O.L. (2009 Digital Remaster),hip hop,245.95829135656973,Lauryn Hill,Interlude 5,r&b/soul,216.99588554358525,Savatage,The Hourglass,metal,156.40435703612528,Gene Autry,Rudolph The Red Nosed Reindeer,classical,128.0709081606843,Beastie Boys,B-Boy Bouillabaisse: A.W.O.L. (2009 Digital Remaster),hip hop,126.4663950494653,UB40,Red Red Wine (Edit),reggae,108.60162128022004,Gene Autry,Rudolph The Red Nosed Reindeer,classical,0.5576965726464578,Tom Waits,Reeperbahn,blues,0.30741148088968506,The Monochrome Set,He's Frank,punk,0.29861467967496036,Gene Autry,Rudolph The Red Nosed Reindeer,classical,0.5818717185198693,Tom Waits,Reeperbahn,blues,0.3627531179171239,Spearhead,Red Beans & Rice,hip hop,0.3401306254319876
TRORBTM128F93368FB,SOBEALQ12AB017EC86,ARBJ22B1187B9AD31C,Norah Jones,December,jazz,Twista,I'm A Winner (Amended Album Version),hip hop,2451.0,Beastie Boys,B-Boy Bouillabaisse: A.W.O.L. (2009 Digital Remaster),hip hop,2307.0,Lauryn Hill,Interlude 5,r&b/soul,2297.0,Twista,I'm A Winner (Amended Album Version),hip hop,2.87135,Beastie Boys,B-Boy Bouillabaisse: A.W.O.L. (2009 Digital Remaster),hip hop,2.637550000000001,Lauryn Hill,Interlude 5,r&b/soul,2.57685,Marilyn Monroe,When I Fall In Love,jazz,0.6581244224660247,Descendents,When I Get Old,punk,0.6524725067505618,Tina Turner,All The Woman (Recorded Live In London '99),pop,0.6520204845866953,Marilyn Monroe,When I Fall In Love,jazz,0.667356774338222,Descendents,When I Get Old,punk,0.6613952399697519,Tina Turner,All The Woman (Recorded Live In London '99),pop,0.6610822342429592,Spice Girls,Take Me Home,pop,101.25688285508971,Momus,Closer To You,electronic,97.76905275570451,Sugarland,Baby Girl,country,94.75667440626809,Spice Girls,Take Me Home,pop,82.92300536927826,Bill Withers,Wintertime,r&b/soul,75.4301584059407,Gabrielle,Don't Need The Sun To Shine (To Make Me Smile),r&b/soul,70.26005523679515,Celtic Woman,May It Be,electronic,0.28016986226834784,Koop,Words of Tranquility,electronic,0.2786575702953905,Laura Fygi,I Wish You Love,jazz,0.2741350681362349,Celtic Woman,May It Be,electronic,0.3077182050728292,Laura Fygi,I Wish You Love,jazz,0.2997115066124614,Koop,Words of Tranquility,electronic,0.2985566163011473
TRFCNIJ128F423F32E,SOTBYQW12A6D4FE74B,ARBJ22B1187B9AD31C,Norah Jones,Don't Know Why (Live),jazz,Beastie Boys,B-Boy Bouillabaisse: A.W.O.L. (2009 Digital Remaster),hip hop,3481.0,Lauryn Hill,Interlude 5,r&b/soul,3363.0,R. Kelly,I Mean (I Don't Mean It),r&b/soul,3249.0,Beastie Boys,B-Boy Bouillabaisse: A.W.O.L. (2009 Digital Remaster),hip hop,4.070428124999999,R. Kelly,I Mean (I Don't Mean It),r&b/soul,3.9191281250000025,Mario Vazquez,Everytime I...,r&b/soul,3.8923437499999993,Mr. Vegas,I Don't Know Why I Love You,reggae,0.7964535510271475,Millencolin,Random I Am (Album Version),punk,0.7754608983961563,Classified,Freezin In The Cold,hip hop,0.7678561831880136,Mr. Vegas,I Don't Know Why I Love You,reggae,0.8008764409912635,Millencolin,Random I Am (Album Version),punk,0.7808365982363298,Classified,Freezin In The Cold,hip hop,0.7738191946775766,The Pharcyde,Otha Fish,hip hop,126.53968304300484,Beastie Boys,B-Boy Bouillabaisse: A.W.O.L. (2009 Digital Remaster),hip hop,122.18812075992047,Eminem,8 Mile,hip hop,112.08117021352643,The Pharcyde,Otha Fish,hip hop,84.55325805175046,Alicia Keys,Tell You Something (Nana's Reprise),r&b/soul,60.915592335738765,Smoke Or Fire,Cars,punk,60.48641168707784,B.B. King,Buzz Me,blues,0.25798063571227475,SFDK,Phantom,hip hop,0.2373054186905349,Smoke Or Fire,Cars,punk,0.21853480412658807,B.B. King,Buzz Me,blues,0.30189602931068876,SFDK,Phantom,hip hop,0.28926625152096297,The Pharcyde,Otha Fish,hip hop,0.27977923731336246
TRYNZAL128F1464B5A,SOPHSDC12B0B8081BB,ARBJ22B1187B9AD31C,Norah Jones,Humble Me,jazz,Lauryn Hill,Interlude 5,r&b/soul,5323.0,Twista,I'm A Winner (Amended Album Version),hip hop,5013.0,Danity Kane,Hold Me Down (Album Version),r&b/soul,4160.0,Lauryn Hill,Interlude 5,r&b/soul,6.205250000000001,Twista,I'm A Winner (Amended Album Version),hip hop,5.973140624999998,Danity Kane,Hold Me Down (Album Version),r&b/soul,4.9922031250000005,The Berzerker,All About You,metal,0.8165288629506887,Syleena Johnson,All Of Me,r&b/soul,0.8117365374398737,Midtown,Knew It All Along (Acoustic),folk,0.7895723176353734,The Berzerker,All About You,metal,0.8221052713222236,Syleena Johnson,All Of Me,r&b/soul,0.8171996183834259,Dance Hall Crashers,Othello,reggae,0.7968144145664815,Eminem,8 Mile,hip hop,183.7077375810813,R. Kelly,Kickin' It With Your Girlfriend,r&b/soul,172.412758401551,Lauryn Hill,Interlude 5,r&b/soul,166.72040301286108,R. Kelly,Kickin' It With Your Girlfriend,r&b/soul,121.07413793093289,Mississippi Fred McDowell,Louise,blues,97.8995046940984,Cat Stevens,The Joke,folk,97.21848422390697,Robert Johnson,Last Fair Deal Gone Down,blues,0.2674904902618287,Big Bill Broonzy,Saturday Evening Blues,blues,0.26416453214182706,Ray Charles,Don't You Know,r&b/soul,0.2621536247997911,Big Bill Broonzy,Saturday Evening Blues,blues,0.3096789950541426,ERIC SARDINAS,Old Smyrna Road,blues,0.30884315330381895,Ray Charles,Don't You Know,r&b/soul,0.3072870541344013
TRNGOHS128E0781235,SOOVFTG12AF72A4B85,ARBJ22B1187B9AD31C,Norah Jones,I've Got To See You Again,jazz,Lauryn Hill,Interlude 5,r&b/soul,3882.0,Twista,I'm A Winner (Amended Album Version),hip hop,3674.0,Beastie Boys,B-Boy Bouillabaisse: A.W.O.L. (2009 Digital Remaster),hip hop,3420.0,Lauryn Hill,Interlude 5,r&b/soul,4.477600000000001,Twista,I'm A Winner (Amended Album Version),hip hop,4.347490625000001,Erykah Badu,I Want You,r&b/soul,4.044714062499998,Hope Of The States,Sadness On My Back,punk,0.798060052516602,New Found Glory,I'll Never Love Again,punk,0.7904993524487416,Mario Vazquez,Everytime I...,r&b/soul,0.7705833987088706,Hope Of The States,Sadness On My Back,punk,0.8042621450617822,New Found Glory,I'll Never Love Again,punk,0.79558930609822,Mario Vazquez,Everytime I...,r&b/soul,0.7747224262263515,Beastie Boys,B-Boy Bouillabaisse: A.W.O.L. (2009 Digital Remaster),hip hop,146.38777878019684,Recoil,Curse,electronic,129.36188249217125,OutKast,Mainstream,hip hop,124.82527567456894,Daryl Hall,Help Me Find A Way To Your Heart,r&b/soul,84.32180615642699,Matisyahu,Fire and Heights,reggae,82.35006057823684,Recoil,Curse,electronic,73.8885761833314,The Rapture,Killing,punk,0.30764042768716093,Ayo,Better Days,r&b/soul,0.3047930233117037,Vaselines,Let's Get Ugly (Album),rock,0.3038269867047555,The Rapture,Killing,punk,0.3358726852621736,Ayo,Better Days,r&b/soul,0.3352845411299019,Shannon McNally,Down And Dirty,blues,0.33123628155709944
TRPPHPQ128F4258FFC,SOOEHBK12A8AE479F1,ARBJ22B1187B9AD31C,Norah Jones,Sinkin' Soon (iTunes Live Session),jazz,Lauryn Hill,Interlude 5,r&b/soul,1880.0,The Prodigy,We Gonna Rock,electronic,1845.0,Beastie Boys,B-Boy Bouillabaisse: A.W.O.L. (2009 Digital Remaster),hip hop,1345.0,The Prodigy,We Gonna Rock,electronic,2.2411749999999966,Lauryn Hill,Interlude 5,r&b/soul,2.0349000000000004,Katy Perry,Hot N Cold (Innerpartysystem Main),electronic,1.4958046874999993,The Misfits,Static Age,punk,0.6088881546560589,Charlie Robison,Good Times,country,0.6052537335027662,Thompson Twins,We Are Detective,pop,0.6016170377215156,Charlie Robison,Good Times,country,0.6187127253648694,The Misfits,Static Age,punk,0.6162911634776579,Thompson Twins,We Are Detective,pop,0.6137257989065713,Beastie Boys,B-Boy Bouillabaisse: A.W.O.L. (2009 Digital Remaster),hip hop,166.74153025094625,Lauryn Hill,Interlude 5,r&b/soul,145.75266448082127,Less Than Jake,She's Gonna Break Soon (Radio Edit) (w/o Horns),reggae,143.64399822292896,Less Than Jake,She's Gonna Break Soon (Radio Edit) (w/o Horns),reggae,122.8092286984236,Kelis,Trilogy,r&b/soul,94.86577387366326,Jay-Z,Soon You'll Understand,hip hop,94.81398374118808,The Plasmatics,You're A Zombie,punk,0.28107095571208707,Less Than Jake,She's Gonna Break Soon (Radio Edit) (w/o Horns),reggae,0.2755451586866362,Janet Jackson,The Lounge,blues,0.26051918985593336,The Plasmatics,You're A Zombie,punk,0.3193125281209023,Less Than Jake,She's Gonna Break Soon (Radio Edit) (w/o Horns),reggae,0.3078614110877942,Los Lobos,Bar Fight,latin,0.28358326047181276
TRSSOKM128F1464B5C,SOQJPKL12A6D4F7D49,ARBJ22B1187B9AD31C,Norah Jones,The Long Way Home,jazz,Lauryn Hill,Interlude 5,r&b/soul,3704.0,Twista,I'm A Winner (Amended Album Version),hip hop,3049.0,Beastie Boys,B-Boy Bouillabaisse: A.W.O.L. (2009 Digital Remaster),hip hop,2970.0,Lauryn Hill,Interlude 5,r&b/soul,4.218300000000002,Twista,I'm A Winner (Amended Album Version),hip hop,3.5421906250000013,Erykah Badu,I Want You,r&b/soul,3.514939062500001,Mario Vazquez,Everytime I...,r&b/soul,0.7172895872114392,Manafest,Runaway,hip hop,0.7127018400143031,Josh Groban,Broken Vow (Album Version),classical,0.6997727652754905,Manafest,Runaway,hip hop,0.7243430639706159,Mario Vazquez,Everytime I...,r&b/soul,0.7219462124932764,Jonny Lang,Breakin Me,blues,0.7132739503730822,Lauryn Hill,Interlude 5,r&b/soul,205.47261491174157,Beastie Boys,B-Boy Bouillabaisse: A.W.O.L. (2009 Digital Remaster),hip hop,202.21551373077327,Mobb Deep,Trife Life,hip hop,168.5510870596286,Marvin Gaye,You Sure Love To Ball,r&b/soul,94.5799731929776,En Vogue,Love Don't Love You (LP Version),r&b/soul,90.6446874638601,The O'Jays,Put Your Hands Together,r&b/soul,90.33018876589882,En Vogue,Love Don't Love You (LP Version),r&b/soul,0.2762846786369175,Marvin Gaye,You Sure Love To Ball,r&b/soul,0.27229625624423637,Slim Harpo,One More Day,blues,0.2719312662550355,En Vogue,Love Don't Love You (LP Version),r&b/soul,0.3375892898787896,Marvin Gaye,You Sure Love To Ball,r&b/soul,0.31441920049645516,Slim Harpo,One More Day,blues,0.30874146751869147
TRKMCAV128E0782298,SOGMFQZ12A6310EF6C,ARBJ22B1187B9AD31C,Norah Jones,Those Sweet Words,jazz,Lauryn Hill,Interlude 5,r&b/soul,2801.0,Twista,I'm A Winner (Amended Album Version),hip hop,2007.0,Beastie Boys,B-Boy Bouillabaisse: A.W.O.L. (2009 Digital Remaster),hip hop,1913.0,Lauryn Hill,Interlude 5,r&b/soul,3.193050000000001,Twista,I'm A Winner (Amended Album Version),hip hop,2.3073312500000003,Beastie Boys,B-Boy Bouillabaisse: A.W.O.L. (2009 Digital Remaster),hip hop,2.133509375,Hello Saferide,Get Sick Soon,folk,0.6155402809897493,Slum Village,Call Me (Clean Version),hip hop,0.615386416800798,Clawfinger,Revenge,metal,0.6130673655147688,Slum Village,Call Me (Clean Version),hip hop,0.6357729901878229,A Tribe Called Quest,Baby Phife's Return,hip hop,0.6312851549806506,Hello Saferide,Get Sick Soon,folk,0.6291416057782379,Lauryn Hill,Interlude 5,r&b/soul,142.51205591724312,Beastie Boys,B-Boy Bouillabaisse: A.W.O.L. (2009 Digital Remaster),hip hop,138.28225229629555,Snoop Dogg,Snoopafella (Edited),hip hop,129.40185098031984,The Clash,The Magnificent Seven,punk,88.58635811472213,Eric B. & Rakim,I Know You Got Soul,hip hop,70.46553616461424,Laura Fygi,Sleigh Ride,jazz,70.1135339342453,The Derek Trucks Band,Sweet Inspiration,blues,0.2877980330153137,Kings Of Convenience,Singing Softly To Me,folk,0.2702306523804876,John Denver,The Chosen Ones,blues,0.25087724381541454,The Derek Trucks Band,Sweet Inspiration,blues,0.31841435012220815,Kings Of Convenience,Singing Softly To Me,folk,0.3076033083888296,John Denver,The Chosen Ones,blues,0.29871695234832357
TRBQFLA128F423F329,SODUTPQ12A6D4FE737,ARBJ22B1187B9AD31C,Norah Jones,Wish I Could (Live),jazz,Lauryn Hill,Interlude 5,r&b/soul,3054.0,Beastie Boys,B-Boy Bouillabaisse: A.W.O.L. (2009 Digital Remaster),hip hop,2646.0,Twista,I'm A Winner (Amended Album Version),hip hop,2505.0,Lauryn Hill,Interlude 5,r&b/soul,3.467900000000002,Beastie Boys,B-Boy Bouillabaisse: A.W.O.L. (2009 Digital Remaster),hip hop,3.0151375000000007,Twista,I'm A Winner (Amended Album Version),hip hop,2.902775,Sage Francis,Keep Moving,hip hop,0.7117156288452984,Berlin,Masquerade,pop,0.7107357271370891,illScarlett,Clearer Now,punk,0.7100511528739168,Sage Francis,Keep Moving,hip hop,0.7263399641309348,illScarlett,Clearer Now,punk,0.723416799878318,Berlin,Masquerade,pop,0.7202896112367141,Beastie Boys,B-Boy Bouillabaisse: A.W.O.L. (2009 Digital Remaster),hip hop,191.61927899577356,Eminem,8 Mile,hip hop,179.73888872052436,Lauryn Hill,Interlude 5,r&b/soul,176.54033853608672,The Pharcyde,Passin' Me By,hip hop,119.93500638379751,Amy MacDonald,Mr Rock & Roll,pop,106.1523096907101,Dar Williams,Mortal City,folk,99.24466765326218,Room Eleven,Swimmer,jazz,0.30292418027990275,Amy MacDonald,Mr Rock & Roll,pop,0.2980397701283246,The Pharcyde,Passin' Me By,hip hop,0.2846496772030672,The Pharcyde,Passin' Me By,hip hop,0.3541483412183479,Amy MacDonald,Mr Rock & Roll,pop,0.3478641321266729,Room Eleven,Swimmer,jazz,0.34241079581772227
TRCLZPO128F427CD3A,SOMMQAC12CF5F86E67,ARBJ22B1187B9AD31C,Norah Jones,My Dear Country,jazz,Lauryn Hill,Interlude 5,r&b/soul,4157.0,Beastie Boys,B-Boy Bouillabaisse: A.W.O.L. (2009 Digital Remaster),hip hop,3183.0,Nelly,Splurge,hip hop,2584.0,Lauryn Hill,Interlude 5,r&b/soul,4.777649999999999,Beastie Boys,B-Boy Bouillabaisse: A.W.O.L. (2009 Digital Remaster),hip hop,3.628684375,Nelly,Splurge,hip hop,3.0215531250000014,Beastie Boys,B-Boy Bouillabaisse: A.W.O.L. (2009 Digital Remaster),hip hop,0.7115055402547676,The Cat Empire,The Car Song,reggae,0.7065540554632513,Common,Book Of Life,hip hop,0.7011070232074357,Beastie Boys,B-Boy Bouillabaisse: A.W.O.L. (2009 Digital Remaster),hip hop,0.7287728118461179,The Cat Empire,The Car Song,reggae,0.7211970909550356,Ice Cube,Dead Homiez,hip hop,0.7181582639713501,Lauryn Hill,Interlude 5,r&b/soul,246.81449631597022,Beastie Boys,B-Boy Bouillabaisse: A.W.O.L. (2009 Digital Remaster),hip hop,206.5146714544384,Recoil,Curse,electronic,172.64171194832656,Lauryn Hill,Interlude 5,r&b/soul,118.5397928993287,Buck-O-Nine,Silence,reggae,107.14829424525908,Recoil,Curse,electronic,93.86977763945042,Billie Holiday,Guilty,jazz,0.3370657109376071,Buck-O-Nine,Silence,reggae,0.2776011513159754,Low,Dragonfly (Album),punk,0.26653033428423656,Billie Holiday,Guilty,jazz,0.3696852347935627,Buck-O-Nine,Silence,reggae,0.33642448464243563,Ella Fitzgerald,Let's Kiss and Make Up,jazz,0.3112490197769912
TRWAPCT128F1494611,SONBELN12AB0184D8F,ARIFGKC1187B9B04D5,Dean Martin,I Love The Way You Say Goodnight,jazz,Lauryn Hill,Interlude 5,r&b/soul,5872.0,Twista,I'm A Winner (Amended Album Version),hip hop,5743.0,Erykah Badu,I Want You,r&b/soul,5142.0,Twista,I'm A Winner (Amended Album Version),hip hop,6.852571875000001,Lauryn Hill,Interlude 5,r&b/soul,6.840900000000004,Erykah Badu,I Want You,r&b/soul,6.244067187499995,OutKast,The Way You Move,hip hop,0.7743663708786946,Doyle Bramhall,Dimples,jazz,0.7166167545055693,Marilyn Manson,Para-noir,metal,0.710093142805095,OutKast,The Way You Move,hip hop,0.7803755978073242,Doyle Bramhall,Dimples,jazz,0.7214033419938675,Marilyn Manson,Para-noir,metal,0.7143962708611991,Lauryn Hill,Interlude 5,r&b/soul,193.38687228843764,Beastie Boys,B-Boy Bouillabaisse: A.W.O.L. (2009 Digital Remaster),hip hop,189.85361489939115,Atmosphere,Hair,hip hop,161.79529804817003,Michael Jackson,Man In The Mirror,pop,99.98955846028038,Atmosphere,Hair,hip hop,96.4126306853844,Lauryn Hill,Interlude 5,r&b/soul,85.31675466345476,Ella Fitzgerald,It's a Pity to Say Goodnight,jazz,0.313157785219458,Steely Dan,Cousin Dupree,jazz,0.2643768793385398,Brenda Lee,It's Never Too Late,country,0.25904592320331876,Ella Fitzgerald,It's a Pity to Say Goodnight,jazz,0.3422549526618197,Steely Dan,Cousin Dupree,jazz,0.32001699058923905,Brenda Lee,It's Never Too Late,country,0.2968739863170213
TRNBZVW128F92EE688,SOANWBV12AB0184B24,ARIFGKC1187B9B04D5,Dean Martin,White Christmas,jazz,Beastie Boys,B-Boy Bouillabaisse: A.W.O.L. (2009 Digital Remaster),hip hop,1466.0,Eminem,8 Mile,hip hop,1291.0,Twista,I'm A Winner (Amended Album Version),hip hop,1271.0,Beastie Boys,B-Boy Bouillabaisse: A.W.O.L. (2009 Digital Remaster),hip hop,1.588223437500001,Eminem,8 Mile,hip hop,1.4294015624999994,Twista,I'm A Winner (Amended Album Version),hip hop,1.397853125,Jamie Scott & The Town,When Will I See Your Face Again,folk,0.530530483355561,Mississippi Fred McDowell,When I Lay My Burden Down,blues,0.5209252966392633,Darkel,At The End Of The Sky,electronic,0.5134859791978892,Jamie Scott & The Town,When Will I See Your Face Again,folk,0.5511063866647862,Darkel,At The End Of The Sky,electronic,0.5370846194594372,Mississippi Fred McDowell,When I Lay My Burden Down,blues,0.528870346493555,Tryo,Yakamonéyé,reggae,393.32651410806966,Fonky Family,Sans Rémission,hip hop,385.856464269451,Sniper,Panam All Star,hip hop,371.5723573643205,Tryo,Yakamonéyé,reggae,338.1725897270166,Fonky Family,Sans Rémission,hip hop,329.47745719371187,Fonky Family,L'Amour Du Risque,hip hop,312.6028233165356,Keren Ann,Sur Le Fil,pop,0.5104279133400985,Nolwenn Leroy,Le Rêve Des Filles,pop,0.45576731727888115,Olivia Ruiz,Thérapie De Groupe,pop,0.4432748850680465,Keren Ann,Sur Le Fil,pop,0.5266704615144867,Nolwenn Leroy,Le Rêve Des Filles,pop,0.48001168510292447,Olivia Ruiz,Thérapie De Groupe,pop,0.46416970778075
TRHZOEX128F93588AB,SOEXXLQ12A58A7A0CD,ARIFGKC1187B9B04D5,Dean Martin,Memories Are Made Of This,jazz,Ja Rule,One of Us,hip hop,1301.0,Lauryn Hill,Interlude 5,r&b/soul,1254.0,Black Eyed Peas,One Tribe,hip hop,1110.0,Ja Rule,One of Us,hip hop,1.4955312500000002,Lauryn Hill,Interlude 5,r&b/soul,1.3513000000000006,Black Eyed Peas,One Tribe,hip hop,1.3034874999999997,Dolly Parton,Highlight Of My Life,country,0.5289641868383017,Kenny Loggins,Conviction Of The Heart,jazz,0.5134151418280439,Amici Forever,Requiem for a Soldier (Band of Brothers),classical,0.5072810957841246,Dolly Parton,Highlight Of My Life,country,0.54007117964669,Kenny Loggins,Conviction Of The Heart,jazz,0.5344556251986885,Amici Forever,Requiem for a Soldier (Band of Brothers),classical,0.526420330777086,Beastie Boys,B-Boy Bouillabaisse: A.W.O.L. (2009 Digital Remaster),hip hop,131.7131543774416,Ella Fitzgerald,Manhattan,jazz,112.81487606238113,Lauryn Hill,Interlude 5,r&b/soul,112.15892619672277,Ms. Dynamite,Back Then,hip hop,91.58405714169795,Ella Fitzgerald,Manhattan,jazz,83.20559903107262,Mayday Parade,One Man Drinking Games,punk,68.78400547426676,Ms. Dynamite,Back Then,hip hop,0.29550542733497204,Motion City Soundtrack,Fell in Love Without You (Cd),punk,0.27490752591393375,Cassandra Wilson,I Can't Stand the Rain,jazz,0.2569966601477232,Ms. Dynamite,Back Then,hip hop,0.3356943483093003,Motion City Soundtrack,Fell in Love Without You (Cd),punk,0.30615134610983813,Cassandra Wilson,I Can't Stand the Rain,jazz,0.2883951067603859
TREOPOB128F427CD42,SOBWFAI12D021B3991,ARBJ22B1187B9AD31C,Norah Jones,Little Room,jazz,Lauryn Hill,Interlude 5,r&b/soul,2258.0,Beastie Boys,B-Boy Bouillabaisse: A.W.O.L. (2009 Digital Remaster),hip hop,1667.0,The Pharcyde,Otha Fish,hip hop,1444.0,Lauryn Hill,Interlude 5,r&b/soul,2.5051,Beastie Boys,B-Boy Bouillabaisse: A.W.O.L. (2009 Digital Remaster),hip hop,1.8183156250000008,The Pharcyde,Otha Fish,hip hop,1.6400468749999997,Above The Law,Flow On (Move Me No Mountain),hip hop,0.6016500807007985,David Houston,My Elusive Dreams,country,0.5995306711101408,Dead Kennedys,Kinky Sex Makes the World Go 'Round,punk,0.5988710560468418,Above The Law,Flow On (Move Me No Mountain),hip hop,0.6294858390015771,Dead Kennedys,Kinky Sex Makes the World Go 'Round,punk,0.6264482454202317,David Houston,My Elusive Dreams,country,0.6198494574872324,Lauryn Hill,Interlude 5,r&b/soul,215.98852038262933,Beastie Boys,B-Boy Bouillabaisse: A.W.O.L. (2009 Digital Remaster),hip hop,172.88377437962927,Dar Williams,Mortal City,folk,154.55402659078177,Lauryn Hill,Interlude 5,r&b/soul,104.01738237727359,Lucinda Williams,Disgusted,blues,94.00543277925232,Dar Williams,Mortal City,folk,92.27958981377995,Lucinda Williams,Disgusted,blues,0.2642336899539581,Gatsbys American Dream,The Hunter,punk,0.2517365651291372,Chumbawamba,New York Mining Disaster 1941,rock,0.24534645215647652,Lucinda Williams,Disgusted,blues,0.31023028060075586,Gatsbys American Dream,The Hunter,punk,0.2942601610088887,Mission Of Burma,Academy Fight Song,punk,0.2871102010404737
TRELLQK128F147AD94,SOPTTXR12A58A782BB,ARO7DTP1187B9A1D2B,The Puppini Sisters,Bei Mir Bist Du Schön,jazz,Lauryn Hill,Interlude 5,r&b/soul,4951.0,Twista,I'm A Winner (Amended Album Version),hip hop,3945.0,Eminem,My Darling,hip hop,3365.0,Lauryn Hill,Interlude 5,r&b/soul,5.774750000000001,Twista,I'm A Winner (Amended Album Version),hip hop,4.6606875,Eminem,My Darling,hip hop,3.952843750000001,Good Old War,Tell Me (Acoustic),folk,0.7321694762737733,Josh Groban,When You Say You Love Me (Album Version),classical,0.723617051276,RyanDan,Like The Sun,classical,0.7227309073597707,Good Old War,Tell Me (Acoustic),folk,0.7428970589282737,Josh Groban,When You Say You Love Me (Album Version),classical,0.7337352353811268,RyanDan,Like The Sun,classical,0.7309337625427584,Lauryn Hill,Interlude 5,r&b/soul,222.51776441768874,Sido,Mein Testament,hip hop,200.389155489715,Die Kassierer,Du hast geguckt,punk,195.46602170540726,Die Kassierer,Du hast geguckt,punk,173.67276273355088,Planlos,Es geht mir gut,punk,168.51198441342885,Ich + Ich,Trösten,pop,161.2390515603561,Kent,Elefanter,rock,0.35021238206041133,Sondaschule,Lieber einen paffen,reggae,0.2989772883252235,Planlos,Es geht mir gut,punk,0.2953209488156365,Kent,Elefanter,rock,0.35310558699115824,Sondaschule,Lieber einen paffen,reggae,0.32060135787154764,Planlos,Es geht mir gut,punk,0.31746538088242326
TRMOHUN128F424DEE6,SOCIAUG12A8C130F7F,ARO7DTP1187B9A1D2B,The Puppini Sisters,Don't Sit Under The Apple Tree,jazz,Danity Kane,Hold Me Down (Album Version),r&b/soul,2902.0,Lauryn Hill,Interlude 5,r&b/soul,2801.0,Nelly,Splurge,hip hop,2711.0,Danity Kane,Hold Me Down (Album Version),r&b/soul,3.3941281249999986,Nelly,Splurge,hip hop,3.137926562500001,Lauryn Hill,Interlude 5,r&b/soul,2.9975499999999995,Jackson 5,(You Were Made) Especially For Me,r&b/soul,0.5731968342305566,Confederate Railroad,I Don't Want To Hang Out With Me (LP Version),country,0.5225871791334021,Republica,Don't You Ever,pop,0.5109093149837672,Jackson 5,(You Were Made) Especially For Me,r&b/soul,0.5850156522938843,Confederate Railroad,I Don't Want To Hang Out With Me (LP Version),country,0.5386758590549793,Republica,Don't You Ever,pop,0.5241248337542679,Jackson 5,(You Were Made) Especially For Me,r&b/soul,201.39091191071603,Julia Fordham,Where Does The Time Go?,pop,175.20627337076124,Irma Thomas,Anyone Who Knows What Love Is (Will Understand),r&b/soul,159.75715016531444,Jackson 5,(You Were Made) Especially For Me,r&b/soul,185.43212234708875,Julia Fordham,Where Does The Time Go?,pop,149.3245155084594,Irma Thomas,Anyone Who Knows What Love Is (Will Understand),r&b/soul,146.09925238097432,Jackson 5,(You Were Made) Especially For Me,r&b/soul,0.40096835341193365,Irma Thomas,Anyone Who Knows What Love Is (Will Understand),r&b/soul,0.36775702609872574,Nina Simone,In Love In Vain,jazz,0.2910541937533944,Jackson 5,(You Were Made) Especially For Me,r&b/soul,0.4209489384911443,Irma Thomas,Anyone Who Knows What Love Is (Will Understand),r&b/soul,0.3887684890659625,Nina Simone,In Love In Vain,jazz,0.31645342151105915
TRSPEPD128F147AD9A,SOCFSHN12A6D4F73B2,ARO7DTP1187B9A1D2B,The Puppini Sisters,Falling In Love Again,jazz,Lauryn Hill,Interlude 5,r&b/soul,5940.0,Twista,I'm A Winner (Amended Album Version),hip hop,5442.0,Beastie Boys,B-Boy Bouillabaisse: A.W.O.L. (2009 Digital Remaster),hip hop,5336.0,Lauryn Hill,Interlude 5,r&b/soul,6.734999999999998,Twista,I'm A Winner (Amended Album Version),hip hop,6.351562500000004,Beastie Boys,B-Boy Bouillabaisse: A.W.O.L. (2009 Digital Remaster),hip hop,6.092968750000003,Danni Carlos,Falling In Love Again,pop,0.9470702331417168,Marilyn Monroe,When I Fall In Love,jazz,0.7184179703506538,Bananarama,Lovebite,pop,0.6972895526286842,Danni Carlos,Falling In Love Again,pop,0.9492431078620264,Marilyn Monroe,When I Fall In Love,jazz,0.7272569055470027,Bananarama,Lovebite,pop,0.710505587422134,Danni Carlos,Falling In Love Again,pop,336.28869647694097,Beastie Boys,B-Boy Bouillabaisse: A.W.O.L. (2009 Digital Remaster),hip hop,205.08739534103663,Lauryn Hill,Interlude 5,r&b/soul,200.75550217832293,Danni Carlos,Falling In Love Again,pop,309.8496122495947,Eminem,If I Had,hip hop,132.88514874479702,Lisa Stansfield,Never Gonna Fall,r&b/soul,129.19089318751512,Danni Carlos,Falling In Love Again,pop,0.9012429144252428,Skip James,I'm So Glad,blues,0.33749909278868295,Lisa Stansfield,Never Gonna Fall,r&b/soul,0.3248373440209329,Danni Carlos,Falling In Love Again,pop,0.9081565629861235,Lisa Stansfield,Never Gonna Fall,r&b/soul,0.36378618087919806,Ella Fitzgerald,Taking A Chance On Love,jazz,0.3612235599543885
TRAQUUU128F147A689,SOEYNMS12A6D4F7BC8,ARO7DTP1187B9A1D2B,The Puppini Sisters,Heebie Jeebies,jazz,Lauryn Hill,Interlude 5,r&b/soul,4460.0,Beastie Boys,B-Boy Bouillabaisse: A.W.O.L. (2009 Digital Remaster),hip hop,4131.0,R. Kelly,I Mean (I Don't Mean It),r&b/soul,3401.0,Lauryn Hill,Interlude 5,r&b/soul,4.995400000000001,Beastie Boys,B-Boy Bouillabaisse: A.W.O.L. (2009 Digital Remaster),hip hop,4.679043750000003,Erykah Badu,I Want You,r&b/soul,4.034481249999999,Martin Sexton,In the Journey,folk,0.6104990450017963,Linda Ronstadt,Lovesick Blues,country,0.5968034687099694,G-Unit,I Don't Want To Talk About It,hip hop,0.5903405507935011,Martin Sexton,In the Journey,folk,0.6276703600726269,Linda Ronstadt,Lovesick Blues,country,0.6120088147723041,G-Unit,I Don't Want To Talk About It,hip hop,0.607916504603817,Lauryn Hill,Interlude 5,r&b/soul,228.31889178298928,The Simpsons,Do The Bartman,hip hop,210.44765214675024,Murs,The Dance,hip hop,208.84595827326345,Eddie Rabbitt,I Wanna Dance With You,country,165.63359393761885,The Simpsons,Do The Bartman,hip hop,137.30774433766908,Billy Paul,Your Song,r&b/soul,133.34241873621585,Stacey Kent,Shall We Dance,jazz,0.3588011237167592,Eddie Rabbitt,I Wanna Dance With You,country,0.35557023000276206,Telepopmusik,Dance Me,electronic,0.35329279682772513,Eddie Rabbitt,I Wanna Dance With You,country,0.39507451894654105,Stacey Kent,Shall We Dance,jazz,0.3881135574947867,Telepopmusik,Dance Me,electronic,0.3586338059456363
TREIANS128F147AD97,SOLJYMK12A6D4F73B0,ARO7DTP1187B9A1D2B,The Puppini Sisters,I Will Survive,jazz,Lauryn Hill,Interlude 5,r&b/soul,9817.0,Beastie Boys,B-Boy Bouillabaisse: A.W.O.L. (2009 Digital Remaster),hip hop,8300.0,Twista,I'm A Winner (Amended Album Version),hip hop,7863.0,Lauryn Hill,Interlude 5,r&b/soul,11.33285,Beastie Boys,B-Boy Bouillabaisse: A.W.O.L. (2009 Digital Remaster),hip hop,9.5902375,Twista,I'm A Winner (Amended Album Version),hip hop,9.215475,Alexandra Burke,Overcome,r&b/soul,0.8340307808301429,Mario Vazquez,Everytime I...,r&b/soul,0.8314025448720263,Next,I Still Love You,r&b/soul,0.8165544081743612,Alexandra Burke,Overcome,r&b/soul,0.8400588906766766,Mario Vazquez,Everytime I...,r&b/soul,0.8329673339203951,Next,I Still Love You,r&b/soul,0.822059213363587,Lauryn Hill,Interlude 5,r&b/soul,402.80114129664156,Beastie Boys,B-Boy Bouillabaisse: A.W.O.L. (2009 Digital Remaster),hip hop,351.5228531346514,Gang Starr,The Illest Brother,hip hop,270.64981066403607,Lauryn Hill,Interlude 5,r&b/soul,177.55681244907615,Gang Starr,The Illest Brother,hip hop,146.22753134739267,Alexandra Burke,Overcome,r&b/soul,132.27936190847498,Emanon,She Thinks,hip hop,0.28253764490514455,Rhonda Vincent,Forever Ain't That Long Anymore,country,0.2759234788262731,Lesley Gore,I Won't Love You Anymore (Sorry),r&b/soul,0.26543396984229894,Emanon,She Thinks,hip hop,0.35371509841981047,Rhonda Vincent,Forever Ain't That Long Anymore,country,0.33757801627173584,Gang Starr,The Illest Brother,hip hop,0.3333287001957277
TRPWTNZ128F147AD9F,SOOTOZG12A6D4F73B5,ARO7DTP1187B9A1D2B,The Puppini Sisters,In The Mood,jazz,Lauryn Hill,Interlude 5,r&b/soul,4859.0,Beastie Boys,B-Boy Bouillabaisse: A.W.O.L. (2009 Digital Remaster),hip hop,4484.0,Twista,I'm A Winner (Amended Album Version),hip hop,3974.0,Lauryn Hill,Interlude 5,r&b/soul,5.45505,Beastie Boys,B-Boy Bouillabaisse: A.W.O.L. (2009 Digital Remaster),hip hop,5.087595312499999,Twista,I'm A Winner (Amended Album Version),hip hop,4.563159375000001,The Pharcyde,Pack The Pipe,hip hop,0.7134905705740109,Sage Francis,Keep Moving,hip hop,0.708799279981173,Johnny Cash,I Was There When It Happened,country,0.7025948755573161,The Pharcyde,Pack The Pipe,hip hop,0.7295200646140947,Sage Francis,Keep Moving,hip hop,0.7242958708268249,Johnny Cash,I Was There When It Happened,country,0.7147628554624083,Lauryn Hill,Interlude 5,r&b/soul,267.43634462094934,Beastie Boys,B-Boy Bouillabaisse: A.W.O.L. (2009 Digital Remaster),hip hop,226.37092833747036,Biz Markie,Vapors,hip hop,206.15217742575595,Five,That's What You Told Me,pop,135.25669038854895,TLC,Shock Dat Monkey,r&b/soul,135.21139240183666,Booty Luv,Don't Mess With My Man (Extended),electronic,123.69214192807928,Joy Electric,The Cobbler,electronic,0.27791637170949685,Bill Withers,Who Is He? (And What Is He To You?),r&b/soul,0.26827506659819433,Kathy Troccoli,I Call Him Love,pop,0.2517181727617768,Joy Electric,The Cobbler,electronic,0.31602390132826463,Bill Withers,Who Is He? (And What Is He To You?),r&b/soul,0.3124110286490903,Porter Wagoner,Skid row Joe,country,0.3053326303488864
TRNDNKN12903CC8A4C,SOQIBZY12AB018A208,ARIFGKC1187B9B04D5,Dean Martin,Kiss,jazz,Lauryn Hill,Interlude 5,r&b/soul,7297.0,Twista,I'm A Winner (Amended Album Version),hip hop,6537.0,Beastie Boys,B-Boy Bouillabaisse: A.W.O.L. (2009 Digital Remaster),hip hop,5055.0,Lauryn Hill,Interlude 5,r&b/soul,8.304749999999999,Twista,I'm A Winner (Amended Album Version),hip hop,7.637640624999999,Erykah Badu,I Want You,r&b/soul,5.847414062500002,The Handful,Memorial Day,hip hop,0.6346792930812651,Hieroglyphics,You Never Knew,hip hop,0.634321090064882,Boyz II Men,4 Seasons Of Loneliness,r&b/soul,0.6301752570827538,Hieroglyphics,You Never Knew,hip hop,0.6545102826679078,The Handful,Memorial Day,hip hop,0.6542646757730994,Boyz II Men,4 Seasons Of Loneliness,r&b/soul,0.6486180987691934,Lauryn Hill,Interlude 5,r&b/soul,371.7624839974713,R. Kelly,Kickin' It With Your Girlfriend,r&b/soul,281.07472377394765,Beastie Boys,B-Boy Bouillabaisse: A.W.O.L. (2009 Digital Remaster),hip hop,264.7038836389468,R. Kelly,Kickin' It With Your Girlfriend,r&b/soul,205.9731278959651,Lauryn Hill,Interlude 5,r&b/soul,180.0911518020188,Aretha Franklin,Jim,blues,161.6149071244659,Paul Potts,La Prima Volta (First Time Ever I Saw Your Face),classical,0.33060463693782705,R. Kelly,Kickin' It With Your Girlfriend,r&b/soul,0.29370746908887013,Con Funk Shun,Electric Lady,r&b/soul,0.28011665325800816,Paul Potts,La Prima Volta (First Time Ever I Saw Your Face),classical,0.3714665292725678,R. Kelly,Kickin' It With Your Girlfriend,r&b/soul,0.3615699065059029,Con Funk Shun,Electric Lady,r&b/soul,0.3545377440867611
TRJALGV12903D0447E,SOOCHTW12AC468DF40,ARIFGKC1187B9B04D5,Dean Martin,Let Me Go Lover,jazz,Danity Kane,Hold Me Down (Album Version),r&b/soul,3082.0,Five,That's What You Told Me,pop,3028.0,Lauryn Hill,Interlude 5,r&b/soul,2730.0,Danity Kane,Hold Me Down (Album Version),r&b/soul,3.7235593749999993,Five,That's What You Told Me,pop,3.6783687499999984,Lauryn Hill,Interlude 5,r&b/soul,3.1342000000000008,Jessica Mauboy,Let Me Be Me,r&b/soul,0.7092907173481331,Diana Krall,Peel Me A Grape,jazz,0.6742289584287318,Jill Scott,He Loves Me (Lyzel In E Flat),r&b/soul,0.668657862628052,Jessica Mauboy,Let Me Be Me,r&b/soul,0.7153791078828564,Diana Krall,Peel Me A Grape,jazz,0.6791598801046382,Jill Scott,He Loves Me (Lyzel In E Flat),r&b/soul,0.6737487430261436,Lauryn Hill,Interlude 5,r&b/soul,109.10501663112954,Beastie Boys,B-Boy Bouillabaisse: A.W.O.L. (2009 Digital Remaster),hip hop,106.67863873036687,Jessica Simpson,The Lover In Me,pop,97.49003160073471,Jessica Simpson,The Lover In Me,pop,84.2274248376181,Spinners,Cupid/I've Loved You For A Long Time (Remastered Single Version),r&b/soul,81.70395352450748,Cinderella Effect,Clone Your Lover,classical,78.64090084388631,Cinderella Effect,Clone Your Lover,classical,0.3866530959214918,Mercury Rev,The Climbing Rose,rock,0.34576418212831395,Gregory Isaac,My Only Lover,reggae,0.3399099734630211,Cinderella Effect,Clone Your Lover,classical,0.4049181566717206,Mercury Rev,The Climbing Rose,rock,0.3675011454424129,Gregory Isaac,My Only Lover,reggae,0.3629435727482472
TRPQFJA128F145AC60,SOLLBAY12AF72A5F48,ARIFGKC1187B9B04D5,Dean Martin,On An Evening In Roma (Sott'er Celo De Roma),jazz,Lauryn Hill,Interlude 5,r&b/soul,1799.0,Beastie Boys,B-Boy Bouillabaisse: A.W.O.L. (2009 Digital Remaster),hip hop,1739.0,The Pharcyde,Otha Fish,hip hop,1620.0,Lauryn Hill,Interlude 5,r&b/soul,1.93365,Beastie Boys,B-Boy Bouillabaisse: A.W.O.L. (2009 Digital Remaster),hip hop,1.9102390624999992,The Pharcyde,Otha Fish,hip hop,1.8612421875000007,Blind Pilot,Paint or Pollen,folk,0.5587097113554554,Amici Forever,Vita Mia,classical,0.5140875962138844,Robbie Williams,Never Touch That Switch (Dark Horse Dub Mix),pop,0.4983953253079369,Blind Pilot,Paint or Pollen,folk,0.5792850446739107,Amici Forever,Vita Mia,classical,0.5339097178395226,Robbie Williams,Never Touch That Switch (Dark Horse Dub Mix),pop,0.5186392549293459,Fabrizio De Andrè,Sinan Capudan Pascià,folk,173.2671674070346,Gemelli Diversi,Istruzioni Per L'(Ill)uso,hip hop,170.42372935050435,Andrea Bocelli,E Chiove,classical,165.51420187725904,Fabrizio De Andrè,Sinan Capudan Pascià,folk,146.41066527892846,Gemelli Diversi,Istruzioni Per L'(Ill)uso,hip hop,146.40815833023203,Vinicio Capossela,L'uomo vivo (inno al gioia),folk,140.59083066189658,Alessandro Safina,Canto La Vita,classical,0.4173991482981195,Après La Classe,Libero liberi libera,reggae,0.38101254815756863,Marlene Kuntz,Una Canzone Arresa,rock,0.37472921520330715,Alessandro Safina,Canto La Vita,classical,0.425300067314166,Après La Classe,Libero liberi libera,reggae,0.3981447168868386,Marlene Kuntz,Una Canzone Arresa,rock,0.39336215525483015
TRHBSKB128E07924CB,SOOEYBB12D021B0EAA,ARDCFNZ1187FB3DDB0,Enrique Iglesias,No Puedo Mas Sin Ti (I'm Your Man),latin,Violadores del Verso,Dale tiempo al rumor,hip hop,3303.0,Gilberto Santa Rosa,Desde Que No Estas,latin,2942.0,Tego Calderon,Al Natural (Amended Version),latin,2858.0,Violadores del Verso,Dale tiempo al rumor,hip hop,3.958429687499998,Gilberto Santa Rosa,Desde Que No Estas,latin,3.5985546875000023,Tego Calderon,Al Natural (Amended Version),latin,3.4569375,Gilberto Santa Rosa,Desde Que No Estas,latin,0.8080024642309567,Beatriz Luengo,Precisamente Ahora,latin,0.8019008589757479,La 5A Estacion,Algo Mas,latin,0.7741649003149461,Gilberto Santa Rosa,Desde Que No Estas,latin,0.8113457523147225,Beatriz Luengo,Precisamente Ahora,latin,0.8053881780570903,La 5A Estacion,Algo Mas,latin,0.7780688835356941,Violadores del Verso,Dale tiempo al rumor,hip hop,653.068705187495,Violadores del Verso,Cantando,hip hop,631.9307890801299,Johnny Prez,Entra,reggae,584.170423447903,Violadores del Verso,Dale tiempo al rumor,hip hop,593.7178538333065,Violadores del Verso,Cantando,hip hop,574.1078152501609,Johnny Prez,Entra,reggae,544.0485737054727,Ana Gabriel,Y Aqui Estoy,latin,0.6924078293239199,Selena,Amame,pop,0.6840645305424472,Intocable,Te Extrano,latin,0.6392266320320732,Ana Gabriel,Y Aqui Estoy,latin,0.7017821726387734,Selena,Amame,pop,0.6947394440573373,Intocable,Te Extrano,latin,0.6516919550156204
TRBSLQC128F9333C5D,SOIOBWT12A8C14075B,AR6PJ8R1187FB5AD70,Shakira,En Tus Pupilas,latin,Violadores del Verso,Dale tiempo al rumor,hip hop,2333.0,Violadores del Verso,Cantando,hip hop,1857.0,Victor Manuelle,Lloré Lloré,latin,1581.0,Violadores del Verso,Dale tiempo al rumor,hip hop,2.802175000000003,Violadores del Verso,Cantando,hip hop,2.2206750000000004,Victor Manuelle,Lloré Lloré,latin,1.9163999999999992,Ricardo Arjona,Amor de Tele,latin,0.7956835901250982,Juana Molina,Yo se que,latin,0.7943806874760437,Love Of Lesbian,El ectoplasta,pop,0.7616778937207452,Ricardo Arjona,Amor de Tele,latin,0.7998713666928152,Juana Molina,Yo se que,latin,0.798463415818205,Love Of Lesbian,El ectoplasta,pop,0.768230608501723,Violadores del Verso,Dale tiempo al rumor,hip hop,559.9514344721199,Violadores del Verso,Cantando,hip hop,516.0634078317853,Violadores del Verso,La ciudad nunca duerme,hip hop,477.2309784662756,Violadores del Verso,Dale tiempo al rumor,hip hop,499.76913809405625,Violadores del Verso,Cantando,hip hop,457.4303929870768,Beatriz Luengo,Pretendo Hablarte,pop,428.96721006704604,Alejandro Fernandez,Quisiera,latin,0.5647559937441893,Yanni,Desire,classical,0.5556290997237244,Gilberto Santa Rosa,Te Propongo,latin,0.5475046396925388,Alejandro Fernandez,Quisiera,latin,0.5806817989316969,Yanni,Desire,classical,0.5722922006571776,Obie Bermudez,Celos,latin,0.5655323509964536
TRGJXTC128F4278ECC,SONTHAL12A8C135908,AR6PJ8R1187FB5AD70,Shakira,Que Me Quedes Tu,latin,Violadores del Verso,Dale tiempo al rumor,hip hop,2618.0,Violadores del Verso,Cantando,hip hop,2117.0,Tego Calderon,Al Natural (Amended Version),latin,1872.0,Violadores del Verso,Dale tiempo al rumor,hip hop,3.1608015625000005,Violadores del Verso,Cantando,hip hop,2.547770312500002,Tego Calderon,Al Natural (Amended Version),latin,2.264212499999997,El Gran Combo De Puerto Rico,No Hay Manera,latin,0.8060476255479428,Huey Dunbar,Amor De Siempre,latin,0.791787417693531,Tito El Bambino,Grito Latino,latin,0.790728528946618,El Gran Combo De Puerto Rico,No Hay Manera,latin,0.8097341995030434,Huey Dunbar,Amor De Siempre,latin,0.7957888817872214,Tito El Bambino,Grito Latino,latin,0.7945766632425001,Violadores del Verso,Dale tiempo al rumor,hip hop,613.4900258830596,Violadores del Verso,Cantando,hip hop,565.0241588028721,Violadores del Verso,La ciudad nunca duerme,hip hop,532.9770133940897,Violadores del Verso,Dale tiempo al rumor,hip hop,565.7011299531842,Violadores del Verso,Cantando,hip hop,518.4654993116078,Violadores del Verso,La ciudad nunca duerme,hip hop,492.5334118720992,Violadores del Verso,No Paseis Por Alto A Los Genios,hip hop,0.6631125907563187,Los Jaivas,Pregon Para Iluminarse,folk,0.6502098027639133,Diego Torres,Después De Ti,latin,0.6267547291218842,Violadores del Verso,No Paseis Por Alto A Los Genios,hip hop,0.6754144487201394,Los Jaivas,Pregon Para Iluminarse,folk,0.6599215533437214,Diego Torres,Después De Ti,latin,0.6387425998598528
TRQEQHH12903CA6CE5,SODBAHE12A8C132D34,AR6PJ8R1187FB5AD70,Shakira,Sombra De Ti,latin,Violadores del Verso,Dale tiempo al rumor,hip hop,3176.0,Los Van Van,El Negro Está Cocinando,latin,2689.0,Victor Manuelle,Lloré Lloré,latin,2671.0,Violadores del Verso,Dale tiempo al rumor,hip hop,3.8171078125000015,Los Van Van,El Negro Está Cocinando,latin,3.275304687499996,Victor Manuelle,Lloré Lloré,latin,3.258534374999998,La 5A Estacion,Ahora Que Te Vas,pop,0.8040094511710689,Beatriz Luengo,Precisamente Ahora,latin,0.8013854914793821,Juniper Moon,Cosas Que Nunca Te Dije,electronic,0.7986021527921391,La 5A Estacion,Ahora Que Te Vas,pop,0.8069001678014539,Beatriz Luengo,Precisamente Ahora,latin,0.8048195108405131,Juniper Moon,Cosas Que Nunca Te Dije,electronic,0.8022013139991617,Violadores del Verso,Dale tiempo al rumor,hip hop,653.7299967133687,Daddy Yankee,Todos Quieren A Raymond,reggae,602.4075495353924,Violadores del Verso,Cantando,hip hop,585.8106407026463,Violadores del Verso,Dale tiempo al rumor,hip hop,589.211832722628,Daddy Yankee,Todos Quieren A Raymond,reggae,541.964200825621,Violadores del Verso,Cantando,hip hop,522.9533771104037,Luz Casal,No Te Vayas,blues,0.6814284706922065,Los Van Van,Quien No Ha Dicho Una Mentira,latin,0.6717903022509109,Karamelo Santo,Tu Pa Mi,reggae,0.6260996681652494,Luz Casal,No Te Vayas,blues,0.6924265393682871,Los Van Van,Quien No Ha Dicho Una Mentira,latin,0.6846491784216401,Karamelo Santo,Tu Pa Mi,reggae,0.6405520044617257
TRXMTST12903CCD9E1,SOPVLJP12A8C1358F4,AR6PJ8R1187FB5AD70,Shakira,Te Dejo Madrid,latin,Violadores del Verso,Dale tiempo al rumor,hip hop,1910.0,Violadores del Verso,Cantando,hip hop,1524.0,Tryo,Yakamonéyé,reggae,1327.0,Violadores del Verso,Dale tiempo al rumor,hip hop,2.288476562499997,Violadores del Verso,Cantando,hip hop,1.8176953124999964,Fonky Family,Sans Rémission,hip hop,1.5675390624999992,Sanalejo,Mujer Calavera,latin,0.7802429872353549,Natalia Oreiro,Basta De Ti,latin,0.7617791144494557,Ana Gabriel,Miedo,latin,0.753662788741304,Sanalejo,Mujer Calavera,latin,0.7852584688314189,Natalia Oreiro,Basta De Ti,latin,0.7665407811673396,Ana Gabriel,Miedo,latin,0.7589095832130647,Violadores del Verso,Cantando,hip hop,557.8329980450914,Beatriz Luengo,Pretendo Hablarte,pop,514.9482157226669,Daddy Yankee,Todos Quieren A Raymond,reggae,488.0113072379495,Violadores del Verso,Cantando,hip hop,505.1805678491117,Beatriz Luengo,Pretendo Hablarte,pop,481.0161389826119,Gilberto Santa Rosa,Amor Mio No Te Vayas,latin,440.4515832122717,Elvis Crespo,Suavemente,latin,0.6629825712352928,Gilberto Santa Rosa,Amor Mio No Te Vayas,latin,0.6623525617907158,Carlos Ponce,Quiero,latin,0.6513864493830888,Gilberto Santa Rosa,Amor Mio No Te Vayas,latin,0.6752684264573232,Elvis Crespo,Suavemente,latin,0.6735461987718506,Carlos Ponce,Quiero,latin,0.6632043856193672
TRAQEOP12903CA65E2,SONPFMD12AB017C1B3,AR6PJ8R1187FB5AD70,Shakira,Tú,latin,Violadores del Verso,Dale tiempo al rumor,hip hop,1271.0,Violadores del Verso,Cantando,hip hop,1038.0,Daddy Yankee,Como Y Vete,reggae,939.0,Violadores del Verso,Dale tiempo al rumor,hip hop,1.5190375000000005,Violadores del Verso,Cantando,hip hop,1.2360375000000006,Daddy Yankee,Como Y Vete,reggae,1.1198499999999996,Carlos Vives,19 De Noviembre,latin,0.8326576699948273,Jerry Rivera,Tierra Sin Sol,latin,0.8144911071773253,Camila,Entre Tus Alas,latin,0.7858011861848848,Carlos Vives,19 De Noviembre,latin,0.8362489262818654,Jerry Rivera,Tierra Sin Sol,latin,0.8188561345120972,Camila,Entre Tus Alas,latin,0.7903073371354952,Violadores del Verso,Dale tiempo al rumor,hip hop,465.0835469896919,Violadores del Verso,Cantando,hip hop,432.02650496643855,Violadores del Verso,La ciudad nunca duerme,hip hop,420.6751634803906,Violadores del Verso,Dale tiempo al rumor,hip hop,421.08004144545225,Violadores del Verso,Cantando,hip hop,389.1557880102966,Violadores del Verso,La ciudad nunca duerme,hip hop,383.43512666486384,Carlos Vives,19 De Noviembre,latin,0.689172760628687,Reik,Sin Conocerte,pop,0.6719805154396645,Gilberto Santa Rosa,Ni Te Llamo Ni Te Busco,latin,0.6503599707741452,Carlos Vives,19 De Noviembre,latin,0.6999615367476244,Reik,Sin Conocerte,pop,0.6865415217265854,Selena,Amame,pop,0.6623917883948306
TRSRORJ128E0791C74,SOMBFMU12A670214E6,ARDCFNZ1187FB3DDB0,Enrique Iglesias,La Chica De Ayer,latin,Abba,Move On,pop,1407.0,Horace Andy,Horse With No Name,reggae,1343.0,Violadores del Verso,Dale tiempo al rumor,hip hop,1222.0,Abba,Move On,pop,1.7076250000000022,Horace Andy,Horse With No Name,reggae,1.6327499999999993,Violadores del Verso,Dale tiempo al rumor,hip hop,1.4641250000000008,Grupo Niche,Miserable,latin,0.7618343590442114,Illya Kuryaki And The Valderramas,Abarajame,hip hop,0.7464535973621127,Alejandra Guzman,Tu Eres Mi Luz,latin,0.7432646076794852,Grupo Niche,Miserable,latin,0.7668571851736232,Illya Kuryaki And The Valderramas,Abarajame,hip hop,0.752991291300014,Alejandra Guzman,Tu Eres Mi Luz,latin,0.7472755860636138,Violadores del Verso,Dale tiempo al rumor,hip hop,441.8974634511785,Violadores del Verso,Cantando,hip hop,387.37417067738005,David Bisbal,Quien Me Iba A Decir,latin,368.36810196899245,Violadores del Verso,Dale tiempo al rumor,hip hop,404.59801149510196,Violadores del Verso,Cantando,hip hop,351.0349238912231,David Bisbal,Quien Me Iba A Decir,latin,346.5665829430351,Alejandro Fernandez,Eres,latin,0.6198634849108693,Vittorio Grigolo,Magia De Amor,classical,0.6123551028383774,Café Quijano,Lágrimas De Miel,latin,0.6119070219565115,Alejandro Fernandez,Eres,latin,0.6322514615168907,Vittorio Grigolo,Magia De Amor,classical,0.6231420141522385,Café Quijano,Lágrimas De Miel,latin,0.6224459282742608
TRYDDZE128F92F3B79,SOFBLLI12A58A7D19C,ARDCFNZ1187FB3DDB0,Enrique Iglesias,Adicto,latin,Violadores del Verso,Dale tiempo al rumor,hip hop,1983.0,Violadores del Verso,Cantando,hip hop,1710.0,Victor Manuelle,Lloré Lloré,latin,1406.0,Violadores del Verso,Dale tiempo al rumor,hip hop,2.3765578125,Violadores del Verso,Cantando,hip hop,2.047401562499999,Victor Manuelle,Lloré Lloré,latin,1.7038843750000012,Aventura,Obsesion (English Remix_ Album Version),latin,0.7900829710289045,Niña Pastori,Cartita de amor,pop,0.7836564000730616,Ricardo Arjona,Animal Nocturno,latin,0.7802368295158556,Aventura,Obsesion (English Remix_ Album Version),latin,0.796114779262946,Niña Pastori,Cartita de amor,pop,0.7890451967444105,Ricardo Arjona,Animal Nocturno,latin,0.7856641174982398,Violadores del Verso,Cantando,hip hop,596.4235139608099,Violadores del Verso,Dale tiempo al rumor,hip hop,582.2547896996789,Daddy Yankee,Todos Quieren A Raymond,reggae,523.1188374783528,Violadores del Verso,Cantando,hip hop,539.0162253638946,Violadores del Verso,Dale tiempo al rumor,hip hop,523.3306073810473,Daddy Yankee,Todos Quieren A Raymond,reggae,467.91616773353036,Fito Paez,Giros,pop,0.6606591275599085,David Bisbal,Como La Primera Vez,latin,0.6371207169393894,Aventura,Obsesion (English Remix_ Album Version),latin,0.6312853416833493,Fito Paez,Giros,pop,0.6724019377162346,David Bisbal,Como La Primera Vez,latin,0.6516504705102006,Aventura,Obsesion (English Remix_ Album Version),latin,0.6489083663155616
TREGBAS128F145EC8B,SOERVFF12A6D4F790F,ARDCFNZ1187FB3DDB0,Enrique Iglesias,Al Despertar,latin,Victor Manuelle,Lloré Lloré,latin,1633.0,Violadores del Verso,Dale tiempo al rumor,hip hop,1622.0,Violadores del Verso,Cantando,hip hop,1550.0,Victor Manuelle,Lloré Lloré,latin,1.994284375,Violadores del Verso,Dale tiempo al rumor,hip hop,1.9379828125000005,Violadores del Verso,Cantando,hip hop,1.8585765624999988,Bebe,La Coqueta,latin,0.8003101559540519,Intocable,Te Extrano,latin,0.7932715756208992,Panteón Rococó,Buscándote,reggae,0.7922491929960717,Bebe,La Coqueta,latin,0.8048735205818199,Intocable,Te Extrano,latin,0.7977568423979617,Panteón Rococó,Buscándote,reggae,0.7971076508349461,Violadores del Verso,Dale tiempo al rumor,hip hop,513.8795136324836,Violadores del Verso,Cantando,hip hop,496.8285510707191,Daddy Yankee,Todos Quieren A Raymond,reggae,469.55355591520333,Violadores del Verso,Dale tiempo al rumor,hip hop,470.17188687565107,Violadores del Verso,Cantando,hip hop,454.24609605169724,Daddy Yankee,Todos Quieren A Raymond,reggae,428.60639992175504,Fanny Lu,Es Por Ti,latin,0.6451261608532689,Bebe,La Coqueta,latin,0.6421706129433145,Shakira,Te Necesito,latin,0.6269854773034946,Fanny Lu,Es Por Ti,latin,0.6578551361465543,Bebe,La Coqueta,latin,0.6544101259840044,Shakira,Te Necesito,latin,0.6403206781469309
TRXQFEE128F145EC9A,SOJXCPV12A6D4F791D,ARDCFNZ1187FB3DDB0,Enrique Iglesias,Alguien Como Tú,latin,Violadores del Verso,Dale tiempo al rumor,hip hop,1636.0,Violadores del Verso,Cantando,hip hop,1433.0,Victor Manuelle,Lloré Lloré,latin,1349.0,Violadores del Verso,Dale tiempo al rumor,hip hop,1.9483531249999992,Violadores del Verso,Cantando,hip hop,1.7060406250000006,Victor Manuelle,Lloré Lloré,latin,1.635543750000001,Huey Dunbar,Amor De Siempre,latin,0.6958311274118774,Panteón Rococó,Buscándote,reggae,0.6842191821484791,Camilo Sesto,No Sabes Cuanto Te Quiero,latin,0.6628624488217066,Huey Dunbar,Amor De Siempre,latin,0.7020804367392917,Panteón Rococó,Buscándote,reggae,0.6912959317893964,Camilo Sesto,No Sabes Cuanto Te Quiero,latin,0.6706164254888761,Willie Colon,Gitana,latin,477.3978347643736,Violadores del Verso,Dale tiempo al rumor,hip hop,474.4881401951478,Violadores del Verso,Cantando,hip hop,466.05103033814294,Willie Colon,Gitana,latin,442.67931474605354,Violadores del Verso,Dale tiempo al rumor,hip hop,429.33613307935735,Violadores del Verso,Cantando,hip hop,422.0613778520093,Juan Luis Guerra,Como Yo,latin,0.5960682529795708,Mago de Oz,Desde mi cielo,metal,0.5853540844379904,Illya Kuryaki And The Valderramas,Virgen De Riña,hip hop,0.583215416934721,Juan Luis Guerra,Como Yo,latin,0.6074127048750653,Mago de Oz,Desde mi cielo,metal,0.5995042988745183,Illya Kuryaki And The Valderramas,Virgen De Riña,hip hop,0.5942338765420896
TRZGBAF128F145ECA8,SOFAZCL12A58A79B38,ARDCFNZ1187FB3DDB0,Enrique Iglesias,Inalcanzable,latin,Violadores del Verso,Dale tiempo al rumor,hip hop,945.0,Violadores del Verso,Cantando,hip hop,748.0,Danity Kane,Hold Me Down (Album Version),r&b/soul,718.0,Violadores del Verso,Dale tiempo al rumor,hip hop,1.1257968750000005,Violadores del Verso,Cantando,hip hop,0.8861093750000001,Alain Clark,Heerlijk,r&b/soul,0.8472187500000007,Café Quijano,Vete De Mi,latin,0.7206354216899127,Chavela Vargas,Tu Me Acostumbraste,latin,0.6843908463124412,Enrique Iglesias,Lloro Por Ti,latin,0.6764084466404461,Café Quijano,Vete De Mi,latin,0.725253641400674,Chavela Vargas,Tu Me Acostumbraste,latin,0.6892827735923821,Enrique Iglesias,Lloro Por Ti,latin,0.681798255414245,Violadores del Verso,Dale tiempo al rumor,hip hop,368.4251541579082,Violadores del Verso,Cantando,hip hop,336.2623122245224,Daddy Yankee,Todos Quieren A Raymond,reggae,309.5293094068842,Violadores del Verso,Dale tiempo al rumor,hip hop,338.84101539419424,Violadores del Verso,Cantando,hip hop,307.43976221074485,Daddy Yankee,Todos Quieren A Raymond,reggae,281.81363516931515,José José,Cosas Imposibles,latin,0.572724889164666,Ekhymosis,Una Flor En El Desierto,latin,0.5721245144670882,Enrique Iglesias,Adicto,latin,0.5577129660614976,Ekhymosis,Una Flor En El Desierto,latin,0.5829532100580482,José José,Cosas Imposibles,latin,0.5821276762865142,Enrique Iglesias,Adicto,latin,0.5701178800382924
TRUQGGJ128F427E02B,SOOHKUS12A8C13AB12,ARDCFNZ1187FB3DDB0,Enrique Iglesias,Lloro Por Ti,latin,Violadores del Verso,Dale tiempo al rumor,hip hop,2870.0,Violadores del Verso,Cantando,hip hop,2305.0,Victor Manuelle,Lloré Lloré,latin,1816.0,Violadores del Verso,Dale tiempo al rumor,hip hop,3.4433218750000005,Violadores del Verso,Cantando,hip hop,2.754134374999998,Victor Manuelle,Lloré Lloré,latin,2.1943562500000025,Café Quijano,Vete De Mi,latin,0.8070038367076806,Reik,Fui,latin,0.7716727929981986,Il Divo,Por Ti Seré (You Raise Me Up),classical,0.7565324665969153,Café Quijano,Vete De Mi,latin,0.8111340524279981,Reik,Fui,latin,0.7766371888415745,Il Divo,Por Ti Seré (You Raise Me Up),classical,0.7606448332307226,Violadores del Verso,Dale tiempo al rumor,hip hop,640.0130267626988,Daddy Yankee,Todos Quieren A Raymond,reggae,613.5025668064668,Willie Colon,Gitana,latin,602.6956828227122,Violadores del Verso,Dale tiempo al rumor,hip hop,581.4048858108359,Daddy Yankee,Todos Quieren A Raymond,reggae,558.5959780000451,Willie Colon,Gitana,latin,557.630401236101,Ricardo Arjona,Amor de Tele,latin,0.6764560627698825,Terranova,De Oro,electronic,0.6755204085118588,Sanalejo,Mujer Calavera,latin,0.6580741153541717,Terranova,De Oro,electronic,0.6869241022781765,Ricardo Arjona,Amor de Tele,latin,0.6867212848594234,Sanalejo,Mujer Calavera,latin,0.6708682614746574
TRDEKRZ128E0791C7A,SOCPKAV12A670214EC,ARDCFNZ1187FB3DDB0,Enrique Iglesias,Mamacita,latin,Violadores del Verso,Dale tiempo al rumor,hip hop,1694.0,Violadores del Verso,Cantando,hip hop,1623.0,Los Van Van,El Negro Está Cocinando,latin,1450.0,Violadores del Verso,Dale tiempo al rumor,hip hop,2.024814062499998,Violadores del Verso,Cantando,hip hop,1.9470328125000007,Los Van Van,El Negro Está Cocinando,latin,1.7603984375000032,Fonseca,Sueño,latin,0.793668632138127,Willie Colon,Guaracha,latin,0.7745757406709277,Cabas,La Quejosa,latin,0.7723260289125725,Fonseca,Sueño,latin,0.7983060717671225,Willie Colon,Guaracha,latin,0.781184766205748,Cabas,La Quejosa,latin,0.7779809488814922,Violadores del Verso,Cantando,hip hop,556.6558290774824,Violadores del Verso,Dale tiempo al rumor,hip hop,523.3039219885742,Wilfrido Vargas,El Semáforo,latin,469.1605946515338,Violadores del Verso,Cantando,hip hop,507.7950292844388,Violadores del Verso,Dale tiempo al rumor,hip hop,473.1520554641872,Wilfrido Vargas,El Semáforo,latin,433.7681155065799,Love Of Lesbian,El ectoplasta,pop,0.6222484293748527,Elvis Crespo,Vuelve Conmigo,latin,0.6208946174224593,Buena Vista Social Club,Buena Vista Social Club,latin,0.6180435538210983,Love Of Lesbian,El ectoplasta,pop,0.6370280155657482,Buena Vista Social Club,Buena Vista Social Club,latin,0.6342197512876276,Elvis Crespo,Vuelve Conmigo,latin,0.6328223184113304
TRFFSMS128F428BC88,SOEMVNF12A8C13C53A,ARDCFNZ1187FB3DDB0,Enrique Iglesias,Miss You,latin,Lauryn Hill,Interlude 5,r&b/soul,13632.0,Twista,I'm A Winner (Amended Album Version),hip hop,12008.0,Erykah Badu,I Want You,r&b/soul,10887.0,Lauryn Hill,Interlude 5,r&b/soul,15.947499999999996,Twista,I'm A Winner (Amended Album Version),hip hop,14.296015625000004,Erykah Badu,I Want You,r&b/soul,13.207226562500018,The Airborne Toxic Event,The Girls In Their Summer Dresses,rock,0.7702333765360831,Tracey Ullman,Breakaway,pop,0.751533544962315,KeKe Wyatt,Never Do It Again,r&b/soul,0.7285545036092994,The Airborne Toxic Event,The Girls In Their Summer Dresses,rock,0.7737294430604407,Tracey Ullman,Breakaway,pop,0.7550425327997425,KeKe Wyatt,Never Do It Again,r&b/soul,0.7335975568454328,Lauryn Hill,Interlude 5,r&b/soul,237.97554019213985,Eminem,8 Mile,hip hop,213.00758723246184,Prince,I Love U In Me ( LP Version),r&b/soul,207.88225720824897,Johnny Winter,Miss Ann,blues,167.7576391514417,Michael Bublé,You'll Never Find Another Love Like Mine (Album Version),jazz,166.88331290760092,The Dells,I Miss You,r&b/soul,163.48336157797175,The Dells,I Miss You,r&b/soul,0.3272562921640153,Johnny Winter,Miss Ann,blues,0.32407471266884913,Joe Nichols,Freedom Feels Like Lonely,country,0.30046433658371,The Dells,I Miss You,r&b/soul,0.3639132352569434,Johnny Winter,Miss Ann,blues,0.35033720547282005,Joe Nichols,Freedom Feels Like Lonely,country,0.33406981705643635
TRUPWID128F4215874,SOPTXAZ12AF729F789,ARDCFNZ1187FB3DDB0,Enrique Iglesias,Para De Jugar,latin,Violadores del Verso,Dale tiempo al rumor,hip hop,2101.0,Violadores del Verso,Cantando,hip hop,1912.0,Wisin & Yandel,Por Mi Reggae Muero,reggae,1730.0,Violadores del Verso,Dale tiempo al rumor,hip hop,2.462267187499999,Violadores del Verso,Cantando,hip hop,2.245423437499998,Wisin & Yandel,Por Mi Reggae Muero,reggae,2.078082812500001,Los Calzones,Libre,reggae,0.6678334929630972,Sanalejo,Mujer Calavera,latin,0.6013846504476956,Gipsy Kings,Madre Mia,latin,0.597881941623616,Los Calzones,Libre,reggae,0.6722947027867966,Sanalejo,Mujer Calavera,latin,0.6106130596152857,Gipsy Kings,Madre Mia,latin,0.604483787776118,Violadores del Verso,Dale tiempo al rumor,hip hop,490.468949644783,Violadores del Verso,Cantando,hip hop,489.4081464391703,Wisin & Yandel,Por Mi Reggae Muero,reggae,485.7340255017991,Wisin & Yandel,Por Mi Reggae Muero,reggae,454.76287697085803,Violadores del Verso,Cantando,hip hop,435.8994309881622,Violadores del Verso,Dale tiempo al rumor,hip hop,435.5463538920137,Enrique Iglesias,Al Despertar,latin,0.5990443938940743,Pablo Milanés,Te Quiero Porque Te Quiero,latin,0.5887818825699928,Luis Miguel,La Media Vuelta,latin,0.5880556124211052,Enrique Iglesias,Al Despertar,latin,0.611094471864731,Pablo Milanés,Te Quiero Porque Te Quiero,latin,0.6026928529157018,Luis Miguel,La Media Vuelta,latin,0.5998291718701699
TRIIBVP128E0792750,SOWFIVV12A6701FFBF,ARDCFNZ1187FB3DDB0,Enrique Iglesias,She Be The One,latin,Lauryn Hill,Interlude 5,r&b/soul,6600.0,Twista,I'm A Winner (Amended Album Version),hip hop,6088.0,Michael Jackson,Man In The Mirror,pop,4367.0,Lauryn Hill,Interlude 5,r&b/soul,7.559999999999997,Twista,I'm A Winner (Amended Album Version),hip hop,7.159062500000002,Michael Jackson,Man In The Mirror,pop,4.867187499999998,Billy Squier,She's A Runner (24-Bit Digitally Remastered 02),rock,0.7362178876869953,The Bluetones,Carnt Be Trusted,pop,0.7318214011196531,Robert Palmer,Too Good To Be True,r&b/soul,0.6811754535586023,Billy Squier,She's A Runner (24-Bit Digitally Remastered 02),rock,0.7437487791483225,The Bluetones,Carnt Be Trusted,pop,0.739590795519174,Robert Palmer,Too Good To Be True,r&b/soul,0.6894555971893391,Beastie Boys,B-Boy Bouillabaisse: A.W.O.L. (2009 Digital Remaster),hip hop,311.2500410087147,Twiztid,She Ain't Afraid,hip hop,288.09346282611267,Daft Punk,Touch It / Technologic,electronic,265.78029827393806,Daft Punk,Touch It / Technologic,electronic,202.8345016602409,Twiztid,She Ain't Afraid,hip hop,190.05587944537857,Ying Yang Twins,1st Booty On Duty,hip hop,155.7393670670267,Billy Squier,She's A Runner (24-Bit Digitally Remastered 02),rock,0.3099102128268101,Fear,Beef Bologna,punk,0.3057786377648607,Daft Punk,Touch It / Technologic,electronic,0.30281051460371755,Billy Squier,She's A Runner (24-Bit Digitally Remastered 02),rock,0.3649983035001176,Daft Punk,Touch It / Technologic,electronic,0.36235956111543977,Mutya Buena,Not Your Baby,pop,0.34572101536701183
TRQMXBD128F145ECA2,SONBQQE12A6D4F7922,ARDCFNZ1187FB3DDB0,Enrique Iglesias,Trapecista,latin,Violadores del Verso,Dale tiempo al rumor,hip hop,1950.0,Violadores del Verso,Cantando,hip hop,1664.0,Daddy Yankee,Como Y Vete,reggae,1515.0,Violadores del Verso,Dale tiempo al rumor,hip hop,2.3376843750000003,Violadores del Verso,Cantando,hip hop,1.991996875,Daddy Yankee,Como Y Vete,reggae,1.816574999999999,Cabas,Guacamaya,latin,0.8067290233381375,El sueño de Morfeo,Sonrisa especial,latin,0.7606556118898016,Kudai,Volar,latin,0.722880582767663,Cabas,Guacamaya,latin,0.8107519604972093,El sueño de Morfeo,Sonrisa especial,latin,0.7655637412106407,Kudai,Volar,latin,0.728733969848113,Violadores del Verso,Dale tiempo al rumor,hip hop,597.6163018459958,Violadores del Verso,Cantando,hip hop,577.4167599889448,Daddy Yankee,Todos Quieren A Raymond,reggae,444.02800677671394,Violadores del Verso,Dale tiempo al rumor,hip hop,545.4406210738174,Violadores del Verso,Cantando,hip hop,526.5842452901051,Toby Love,Amores Como El Tuyo,latin,403.9604601765002,Enrique Iglesias,Tu Vacio,latin,0.6682789261642953,Cabas,Guacamaya,latin,0.6501883104449946,Jennifer Lopez,Amarte Es Todo,latin,0.6060662873861438,Enrique Iglesias,Tu Vacio,latin,0.6808043370759883,Cabas,Guacamaya,latin,0.6612664327844339,Jennifer Lopez,Amarte Es Todo,latin,0.6182321103674419
TREGRRQ128F145EC8D,SOMRUDM12A6D4F7911,ARDCFNZ1187FB3DDB0,Enrique Iglesias,Tu Vacio,latin,Violadores del Verso,Dale tiempo al rumor,hip hop,2723.0,Violadores del Verso,Cantando,hip hop,2313.0,Victor Manuelle,Lloré Lloré,latin,1972.0,Violadores del Verso,Dale tiempo al rumor,hip hop,3.2643250000000013,Violadores del Verso,Cantando,hip hop,2.768325000000001,Victor Manuelle,Lloré Lloré,latin,2.39185,Aventura,Todavía Me Amas,latin,0.8378540706906127,Los Van Van,Quien No Ha Dicho Una Mentira,latin,0.8258469914832147,Camilo Sesto,No Sabes Cuanto Te Quiero,latin,0.8202069574987279,Aventura,Todavía Me Amas,latin,0.8419892355587912,Los Van Van,Quien No Ha Dicho Una Mentira,latin,0.8305141623440622,Camilo Sesto,No Sabes Cuanto Te Quiero,latin,0.8251332986321729,Violadores del Verso,Dale tiempo al rumor,hip hop,697.8285580148566,Violadores del Verso,Cantando,hip hop,590.8676491561304,Violadores del Verso,La ciudad nunca duerme,hip hop,587.1413838229308,Violadores del Verso,Dale tiempo al rumor,hip hop,633.0903302562925,Violadores del Verso,La ciudad nunca duerme,hip hop,532.3536128196162,Violadores del Verso,Cantando,hip hop,527.7959869293701,Cabas,Llega La Noche,latin,0.6715122135644394,Enrique Iglesias,Trapecista,latin,0.6682789261642953,Gilberto Santa Rosa,Desde Que No Estas,latin,0.6678594511173713,Cabas,Llega La Noche,latin,0.6827817358016455,Gilberto Santa Rosa,Desde Que No Estas,latin,0.6823420432306128,Enrique Iglesias,Trapecista,latin,0.6808043370759883
TRLILBA128F42158A3,SOPPWVJ12A6D4F7915,ARDCFNZ1187FB3DDB0,Enrique Iglesias,Volveré,latin,Violadores del Verso,Dale tiempo al rumor,hip hop,1781.0,Victor Manuelle,Lloré Lloré,latin,1540.0,Tego Calderon,Al Natural (Amended Version),latin,1532.0,Violadores del Verso,Dale tiempo al rumor,hip hop,2.105045312500002,Victor Manuelle,Lloré Lloré,latin,1.8614093749999985,Tego Calderon,Al Natural (Amended Version),latin,1.8327624999999983,Joe Veras,Intentalo tu,latin,0.7050780604016579,Raulin Rodriguez,ya No,latin,0.6973344230025148,Natalia Oreiro,Gitano Corazon,latin,0.6954123686917169,Joe Veras,Intentalo tu,latin,0.7132860159735198,Raulin Rodriguez,ya No,latin,0.7047160219839157,Natalia Oreiro,Gitano Corazon,latin,0.7033752313996001,Violadores del Verso,Dale tiempo al rumor,hip hop,663.6472211601961,Violadores del Verso,Cantando,hip hop,612.6312554231239,Willie Colon,Gitana,latin,570.9545247000758,Violadores del Verso,Dale tiempo al rumor,hip hop,604.9032035355056,Violadores del Verso,Cantando,hip hop,555.3994935144551,Willie Colon,Gitana,latin,525.7847641038492,Aventura,Obsesion (English Remix_ Album Version),latin,0.6418605955588501,Victor Manuelle,Lloré Lloré,latin,0.6306676021631147,Karamelo Santo,Tu Pa Mi,reggae,0.6301343500534975,Aventura,Obsesion (English Remix_ Album Version),latin,0.6569922372070509,Karamelo Santo,Tu Pa Mi,reggae,0.6441376638517079,Victor Manuelle,Lloré Lloré,latin,0.6439278459689813
TRBFJPO128F4295BE3,SOZOEJC12CF5CFAD99,AR6PJ8R1187FB5AD70,Shakira,Estoy Aquí,latin,Violadores del Verso,Dale tiempo al rumor,hip hop,687.0,Johnny Prez,Te Vuelvo Loca,reggae,576.0,Tego Calderon,Al Natural (Amended Version),latin,543.0,Violadores del Verso,Dale tiempo al rumor,hip hop,0.8056734374999992,Johnny Prez,Te Vuelvo Loca,reggae,0.686290625,Tego Calderon,Al Natural (Amended Version),latin,0.6427374999999997,Móveis Coloniais de Acaju,Receio do remorso,reggae,0.7506641275018989,Ana Carolina,Rosas,pop,0.7458955440698642,Raimundos,Nêga Jurema,metal,0.7176370241878647,Móveis Coloniais de Acaju,Receio do remorso,reggae,0.7535410105085976,Ana Carolina,Rosas,pop,0.7496491157650809,Raimundos,Nêga Jurema,metal,0.7217252418300996,Ana Carolina,Rosas,pop,372.0106568266398,O Rappa,Eu Quero Ver Gol,reggae,327.60709877193653,Expensive Soul,O Show Não Vai Parar,hip hop,307.4160367623343,Ana Carolina,Rosas,pop,362.35034125727145,O Rappa,Eu Quero Ver Gol,reggae,318.372564525083,Expensive Soul,O Show Não Vai Parar,hip hop,298.7497016954395,Ana Carolina,Rosas,pop,0.732584023625501,João Gilberto,Sampa,latin,0.7218503651989552,Mombojó,splash shine,rock,0.671136096714642,Ana Carolina,Rosas,pop,0.7377059163417734,João Gilberto,Sampa,latin,0.7266937143011744,Mombojó,splash shine,rock,0.6757869014859792
TRCLERB12903CBBC8D,SODKNST12D02193AD7,ARB054P1187B9AD32E,Santana,Life Is Anew,latin,Lauryn Hill,Interlude 5,r&b/soul,1944.0,Twista,I'm A Winner (Amended Album Version),hip hop,1399.0,Beastie Boys,B-Boy Bouillabaisse: A.W.O.L. (2009 Digital Remaster),hip hop,1243.0,Lauryn Hill,Interlude 5,r&b/soul,2.2345000000000006,Twista,I'm A Winner (Amended Album Version),hip hop,1.6209843750000004,Beastie Boys,B-Boy Bouillabaisse: A.W.O.L. (2009 Digital Remaster),hip hop,1.3902578124999996,Tony Bennett,Because Of You,jazz,0.6892562575485368,Assemblage 23,MAPS OF REALITY,pop,0.6394537290294551,Dawn of Relic,The Awakening,metal,0.5831553281937355,Tony Bennett,Because Of You,jazz,0.6979276657996403,Assemblage 23,MAPS OF REALITY,pop,0.6509717320768102,Dawn of Relic,The Awakening,metal,0.5958706870221957,Lauryn Hill,Interlude 5,r&b/soul,140.86980975189792,Beastie Boys,B-Boy Bouillabaisse: A.W.O.L. (2009 Digital Remaster),hip hop,126.94527406989488,Savatage,The Hourglass,metal,100.50206777977068,Lauryn Hill,Interlude 5,r&b/soul,80.55321229926045,Janet Jackson,Because Of Love,r&b/soul,69.52171134165674,Beastie Boys,B-Boy Bouillabaisse: A.W.O.L. (2009 Digital Remaster),hip hop,65.46683025467861,Tony Bennett,Because Of You,jazz,0.32192216124396705,Janet Jackson,Because Of Love,r&b/soul,0.2839274085124666,Alison Krauss / Union Station,New Favorite,country,0.27823765122176425,Tony Bennett,Because Of You,jazz,0.3491656802503125,Janet Jackson,Because Of Love,r&b/soul,0.31569575969516206,Alison Krauss / Union Station,New Favorite,country,0.3026862316162804
TRNXCMJ128F4295BC6,SOCYFSR12AB018C4AF,AR6PJ8R1187FB5AD70,Shakira,Donde Estas Corazon,latin,Violadores del Verso,Dale tiempo al rumor,hip hop,2540.0,Violadores del Verso,La ciudad nunca duerme,hip hop,1973.0,Rey Ruiz,No Existe Un Lugar,latin,1868.0,Violadores del Verso,Dale tiempo al rumor,hip hop,3.053003125,Violadores del Verso,La ciudad nunca duerme,hip hop,2.383956249999997,Rey Ruiz,No Existe Un Lugar,latin,2.278212500000003,Rosana,Nadie mas que yo (directo Las Ventas),latin,0.7576177968446131,Todos Tus Muertos,No Mas Apartheid,reggae,0.7418362874093083,Mecano,Cenando En Paris,latin,0.7395760097340491,Rosana,Nadie mas que yo (directo Las Ventas),latin,0.7623361782989397,Todos Tus Muertos,No Mas Apartheid,reggae,0.7437103690368632,Mecano,Cenando En Paris,latin,0.7430553759796567,Violadores del Verso,La ciudad nunca duerme,hip hop,556.9757268300414,Daddy Yankee,Todos Quieren A Raymond,reggae,550.898851981647,Violadores del Verso,Dale tiempo al rumor,hip hop,535.0590959361023,Violadores del Verso,La ciudad nunca duerme,hip hop,509.96361817179934,Daddy Yankee,Todos Quieren A Raymond,reggae,498.85691855140175,Violadores del Verso,Dale tiempo al rumor,hip hop,479.5087323788138,La Oreja de Van Gogh,El 28,pop,0.6508918446410024,Joan Manuel Serrat,Mediterraneo,folk,0.6203156484983291,Carlos Vives,19 De Noviembre,latin,0.619291651746581,La Oreja de Van Gogh,El 28,pop,0.6621457430135217,Joan Manuel Serrat,Mediterraneo,folk,0.6359535614166061,Carlos Vives,19 De Noviembre,latin,0.6321674594857196
TRNXJGR128F93044E7,SOUGMXP12AB017C76C,AR6PJ8R1187FB5AD70,Shakira,Octavo Día,latin,Violadores del Verso,Dale tiempo al rumor,hip hop,1325.0,Violadores del Verso,Cantando,hip hop,1247.0,Victor Manuelle,Lloré Lloré,latin,1004.0,Violadores del Verso,Dale tiempo al rumor,hip hop,1.58336875,Violadores del Verso,Cantando,hip hop,1.4944937499999995,Victor Manuelle,Lloré Lloré,latin,1.2167625000000002,Malu,Agua De Mayo,latin,0.7681111578529518,Malu,Y Sigo Preguntandome,latin,0.7477452464948448,Joan Manuel Serrat,Mediterraneo,folk,0.7473980585882697,Malu,Agua De Mayo,latin,0.7738504648542559,Malu,Y Sigo Preguntandome,latin,0.75420571824152,Joan Manuel Serrat,Mediterraneo,folk,0.7541124213306418,Violadores del Verso,Cantando,hip hop,579.4883671178757,Violadores del Verso,Dale tiempo al rumor,hip hop,509.9565974051946,Daddy Yankee,Todos Quieren A Raymond,reggae,403.3098057135975,Violadores del Verso,Cantando,hip hop,533.7143171243672,Violadores del Verso,Dale tiempo al rumor,hip hop,462.9730429959625,Aventura,Enséñame A Olvidar,latin,360.90295102342463,Malu,Agua De Mayo,latin,0.6688911126719369,Diego Torres,Como Un Haz De Luna,latin,0.6461925807348832,Violadores del Verso,Cantando,hip hop,0.6344350247190877,Malu,Agua De Mayo,latin,0.6801457129128257,Diego Torres,Como Un Haz De Luna,latin,0.6571378849581353,Violadores del Verso,Cantando,hip hop,0.6504470858217083
TRJHDIB128F92E5849,SOVJQJJ12A8C1448E7,AR6PJ8R1187FB5AD70,Shakira,Te Necesito,latin,Violadores del Verso,Dale tiempo al rumor,hip hop,1756.0,Violadores del Verso,Cantando,hip hop,1436.0,Johnny Prez,Te Vuelvo Loca,reggae,1398.0,Violadores del Verso,Dale tiempo al rumor,hip hop,2.0896390625,Violadores del Verso,Cantando,hip hop,1.7021078125000009,Johnny Prez,Te Vuelvo Loca,reggae,1.680584375,Aventura,Todavía Me Amas,latin,0.8460525926496926,Aventura,Obsesion (English Remix_ Album Version),latin,0.8301555782215192,Luz Casal,No Te Vayas,blues,0.8281208115115835,Aventura,Todavía Me Amas,latin,0.8502642554113827,Aventura,Obsesion (English Remix_ Album Version),latin,0.8351481735151566,Luz Casal,No Te Vayas,blues,0.8320262743702862,Violadores del Verso,Dale tiempo al rumor,hip hop,651.7098294624885,Daddy Yankee,Todos Quieren A Raymond,reggae,587.0703444490948,Violadores del Verso,Cantando,hip hop,578.415502119763,Violadores del Verso,Dale tiempo al rumor,hip hop,589.9863512722803,Daddy Yankee,Todos Quieren A Raymond,reggae,529.245175766891,Violadores del Verso,Cantando,hip hop,518.2809803285237,Fanny Lu,Es Por Ti,latin,0.6877816258448343,La Oreja de Van Gogh,El 28,pop,0.6638481066522562,Diego Torres,Volver,latin,0.6494965086538609,Fanny Lu,Es Por Ti,latin,0.7033654595182293,La Oreja de Van Gogh,El 28,pop,0.6758529700819925,Joan Manuel Serrat,Mediterraneo,folk,0.6668713910900346
TRYQVKS128F4259A11,SOXVXZS12AF72ABF9F,ARB054P1187B9AD32E,Santana,Evil Ways,latin,Lauryn Hill,Interlude 5,r&b/soul,3945.0,Beastie Boys,B-Boy Bouillabaisse: A.W.O.L. (2009 Digital Remaster),hip hop,2783.0,Michael Jackson,Man In The Mirror,pop,2768.0,Lauryn Hill,Interlude 5,r&b/soul,4.56325,Beastie Boys,B-Boy Bouillabaisse: A.W.O.L. (2009 Digital Remaster),hip hop,3.171,Michael Jackson,Man In The Mirror,pop,3.144499999999997,Fat Joe,Preacher On A Sunday Morning,hip hop,0.6727633351225807,Amel Larrieux,Sweet Misery,r&b/soul,0.6711500040743377,The Monkees,I'll Spend My Life With You,pop,0.6697169677297847,Fat Joe,Preacher On A Sunday Morning,hip hop,0.688377986229675,Atmosphere,Happymess,hip hop,0.6853527735800584,Westside Connection,Superstar (Double Murder = Double Platinum),r&b/soul,0.6848710777238295,Beastie Boys,B-Boy Bouillabaisse: A.W.O.L. (2009 Digital Remaster),hip hop,168.3488450129509,Lauryn Hill,Interlude 5,r&b/soul,146.82394980561733,Michael Jackson,Man In The Mirror,pop,145.4149656041184,Mississippi Fred McDowell,Shake 'Em On Down,blues,99.02045519503697,Michael Jackson,Man In The Mirror,pop,95.84840569521617,The Isley Brothers,Contagious,r&b/soul,94.78185469687749,Swans,Can't Find My Way Home,punk,0.29385765057314417,Stevie Wonder,If You Really Love Me,r&b/soul,0.28066533102476865,Shannon Curfman,If You Change Your Mind,blues,0.2728850477368289,Swans,Can't Find My Way Home,punk,0.3280646875267459,Stevie Wonder,If You Really Love Me,r&b/soul,0.32013349837804267,Shannon Curfman,If You Change Your Mind,blues,0.31678359451428456
TRSOTQI128E0789132,SOURGXB12A6701F9E5,ARJW1SP1187FB4CA51,Pink Martini,Anna (el negro zumbon),latin,Lauryn Hill,Interlude 5,r&b/soul,2965.0,Danity Kane,Hold Me Down (Album Version),r&b/soul,2314.0,Beastie Boys,B-Boy Bouillabaisse: A.W.O.L. (2009 Digital Remaster),hip hop,2066.0,Lauryn Hill,Interlude 5,r&b/soul,3.23475,Danity Kane,Hold Me Down (Album Version),r&b/soul,2.674046875,Five,That's What You Told Me,pop,2.1918437499999994,Inti Illimani,El Arado,latin,0.5589757276617542,Rosana,A fuego lento (directo Las Ventas),latin,0.5495209923490754,Thomas Dybdahl,U,pop,0.498196762056227,Inti Illimani,El Arado,latin,0.5687488472595515,Rosana,A fuego lento (directo Las Ventas),latin,0.558964734607865,Gloria Estefan,Nuevo Dia (New Day),latin,0.5144103695797536,Violadores del Verso,La ciudad nunca duerme,hip hop,296.66092723011053,Violadores del Verso,Cantando,hip hop,283.5613626209924,Juanes,Tu Y Yo,latin,276.3267126266248,Violadores del Verso,La ciudad nunca duerme,hip hop,229.10711182960966,Juanes,Tu Y Yo,latin,226.77483186961902,Daddy Yankee,Grito Mundial,reggae,222.10408307197912,Mecano,La Estación,latin,0.35243216478665745,Thievery Corporation,Exilio,latin,0.3503214473198559,El sueño de Morfeo,Ven,pop,0.3440046690481341,Mecano,La Estación,latin,0.3737738044735396,El sueño de Morfeo,Ven,pop,0.3705493564961004,Thievery Corporation,Exilio,latin,0.360576729214896
TRZHOUV128F9316269,SOIYPYO12AB017C8BE,ARJW1SP1187FB4CA51,Chavela Vargas,Piensa en mi,latin,Abba,Move On,pop,627.0,Violadores del Verso,Dale tiempo al rumor,hip hop,614.0,Horace Andy,Horse With No Name,reggae,601.0,Abba,Move On,pop,0.7492406249999994,Violadores del Verso,Dale tiempo al rumor,hip hop,0.7247218750000001,Horace Andy,Horse With No Name,reggae,0.7201999999999984,Enrique Iglesias,La Chica De Ayer,latin,0.6397449352162274,Maelo Ruiz,Asi Eres Tu,latin,0.5873872815717527,Shakira,Tú,latin,0.587070213862816,Enrique Iglesias,La Chica De Ayer,latin,0.6470591680907622,Maelo Ruiz,Asi Eres Tu,latin,0.5960973863107749,Shakira,Tú,latin,0.5956847588351356,Violadores del Verso,Dale tiempo al rumor,hip hop,287.4308521144123,Frank Reyes,Que Voy A hacer Sin Tí,latin,272.9363310905544,Willie Colon,Gitana,latin,269.66753458533236,Violadores del Verso,Dale tiempo al rumor,hip hop,259.8508511307335,Frank Reyes,Que Voy A hacer Sin Tí,latin,256.02672654406956,Victor Manuelle,Como Duele,latin,249.3065732289018,Diego Torres,Después De Ti,latin,0.5745798259226286,Malu,No Voy A Cambiar,latin,0.5181850029085674,Frank Reyes,Que Voy A hacer Sin Tí,latin,0.5123498962388335,Diego Torres,Después De Ti,latin,0.5853672521757631,Malu,No Voy A Cambiar,latin,0.5316012248324076,Frank Reyes,Que Voy A hacer Sin Tí,latin,0.5262454487487807
TRPXMGA128F42A98BA,SOGHCII12D021B3225,ARB054P1187B9AD32E,Santana,Esperando,latin,Beastie Boys,B-Boy Bouillabaisse: A.W.O.L. (2009 Digital Remaster),hip hop,1122.0,The Roots,Mellow My Man,hip hop,1113.0,Nina Simone,My Baby Just Cares For Me,jazz,1109.0,Nina Simone,My Baby Just Cares For Me,jazz,1.3148500000000016,The Roots,Mellow My Man,hip hop,1.276275,Beastie Boys,B-Boy Bouillabaisse: A.W.O.L. (2009 Digital Remaster),hip hop,1.187075000000001,Nina Simone,My Baby Just Cares For Me,jazz,0.4657479448889254,Patty Griffin,Waiting For My Child,country,0.4642737852125459,Doyle Bramhall,Cryin',blues,0.4440639999036589,Patty Griffin,Waiting For My Child,country,0.4834836432419623,Nina Simone,My Baby Just Cares For Me,jazz,0.4783821398184999,Doyle Bramhall,Cryin',blues,0.461600542171137,Violadores del Verso,Cantando,hip hop,271.52927849143737,Tego Calderon,Al Natural (Amended Version),latin,270.21805312299125,Daddy Yankee,Todos Quieren A Raymond,reggae,267.07345955827526,Tego Calderon,Al Natural (Amended Version),latin,240.35587120505357,Wilfrido Vargas,El Semáforo,latin,228.3591183587404,Estopa,Gulere Gulere,latin,227.86729587178868,Estopa,Gulere Gulere,latin,0.48559781959256165,Tito Rojas,He Chocado Con La Vida,latin,0.45200274545036384,Aterciopelados,El Diablo,latin,0.42270121667298366,Estopa,Gulere Gulere,latin,0.5044347592419146,Tito Rojas,He Chocado Con La Vida,latin,0.4640144565831152,Aterciopelados,El Diablo,latin,0.44557295688255455
TRBYMWR128F425DD8E,SOMNTDT12A8AE47628,AR65K7A1187FB4DAA4,Beyoncé,Beautiful Liar (Bello Embustero),latin,Enrique Iglesias,Miss You,latin,1932.0,Violadores del Verso,Dale tiempo al rumor,hip hop,1779.0,Tracey Ullman,Breakaway,pop,1748.0,Enrique Iglesias,Miss You,latin,2.3051562500000027,Tracey Ullman,Breakaway,pop,2.1181687500000006,Violadores del Verso,Dale tiempo al rumor,hip hop,2.1065062500000007,Frank Reyes,Vine A Decirte Adios,latin,0.6821002016409206,Rey Ruiz,No Existe Un Lugar,latin,0.6710903556626278,Shakira,Años Luz,pop,0.6434667545561342,Frank Reyes,Vine A Decirte Adios,latin,0.6859793305271504,Rey Ruiz,No Existe Un Lugar,latin,0.6770187355102132,Shakira,Años Luz,pop,0.6510024687072693,Violadores del Verso,Cantando,hip hop,697.4056678718887,Violadores del Verso,Dale tiempo al rumor,hip hop,667.3065871161175,Daddy Yankee,Todos Quieren A Raymond,reggae,531.8617348524248,Violadores del Verso,Cantando,hip hop,638.071894295628,Violadores del Verso,Dale tiempo al rumor,hip hop,606.4050156029874,Daddy Yankee,Todos Quieren A Raymond,reggae,474.8065631573732,Violadores del Verso,Cantando,hip hop,0.5954234141488494,Grupo Niche,Buenaventura Y Caney,latin,0.5779098551616888,Ana Torroja,Cruz De Navajas,pop,0.5665776161505093,Violadores del Verso,Cantando,hip hop,0.6141373226798932,Grupo Niche,Buenaventura Y Caney,latin,0.5950309300704897,Ana Torroja,Cruz De Navajas,pop,0.5826842547496371
TRPAZDJ128F42881A1,SOGAFMO12D02199AD2,ARYN2M61187B995BD6,Juanes,Rosario Tijeras,latin,Abba,Move On,pop,2808.0,Horace Andy,Horse With No Name,reggae,2595.0,Violadores del Verso,Dale tiempo al rumor,hip hop,2494.0,Abba,Move On,pop,3.413501562499998,Horace Andy,Horse With No Name,reggae,3.156925,Violadores del Verso,Dale tiempo al rumor,hip hop,2.9978796874999967,Joan Manuel Serrat,La Aristocracia del Barrio,latin,0.826683958229264,Tito El Bambino,Sol_ Playa Y Arena,reggae,0.7903248421002738,Mercedes Sosa,El Cosechero,latin,0.7583598406171176,Joan Manuel Serrat,La Aristocracia del Barrio,latin,0.8298251097347298,Tito El Bambino,Sol_ Playa Y Arena,reggae,0.7937309125358529,Mercedes Sosa,El Cosechero,latin,0.7626811957876786,Violadores del Verso,La ciudad nunca duerme,hip hop,580.5162714703972,Gilberto Santa Rosa,Un Montón de Estrellas,latin,579.2673652660634,Violadores del Verso,Dale tiempo al rumor,hip hop,567.2087800251645,Gilberto Santa Rosa,Un Montón de Estrellas,latin,540.5191384364906,Violadores del Verso,La ciudad nunca duerme,hip hop,532.0705090360477,Victor Manuelle,Como Duele,latin,526.9932250743323,Café Quijano,En Algún Rincón,latin,0.602904323863709,Abuela Coca,Se Duerme,reggae,0.6022139099229447,Aventura,Me Voy,latin,0.5846476537705627,Café Quijano,En Algún Rincón,latin,0.6156095776277264,Abuela Coca,Se Duerme,reggae,0.6153066080890786,Aventura,Me Voy,latin,0.600692101569626
TRHZGZO128F9341C4A,SOAUETF12D02199708,ARLUF1T1187FB3603B,Ricardo Arjona,Animal Nocturno,latin,Violadores del Verso,Dale tiempo al rumor,hip hop,2421.0,Violadores del Verso,Cantando,hip hop,2178.0,Violadores del Verso,La ciudad nunca duerme,hip hop,1658.0,Violadores del Verso,Dale tiempo al rumor,hip hop,2.9240578125,Violadores del Verso,Cantando,hip hop,2.6324015624999983,Los Van Van,El Negro Está Cocinando,latin,2.007554687499998,Los Van Van,Quien No Ha Dicho Una Mentira,latin,0.8838088464808684,El Barrio,Don Manuel Sr. Molina,latin,0.8621295216693519,Juan Carlos Baglietto,Cuando,latin,0.8582421817882168,Los Van Van,Quien No Ha Dicho Una Mentira,latin,0.8865650602336969,El Barrio,Don Manuel Sr. Molina,latin,0.8654340962571605,Juan Carlos Baglietto,Cuando,latin,0.86156836677929,Violadores del Verso,Dale tiempo al rumor,hip hop,593.7730655231278,Violadores del Verso,Cantando,hip hop,581.8188171914793,Violadores del Verso,La ciudad nunca duerme,hip hop,530.7410795906516,Violadores del Verso,Dale tiempo al rumor,hip hop,541.4380184149423,Violadores del Verso,Cantando,hip hop,530.8310387471989,Violadores del Verso,La ciudad nunca duerme,hip hop,486.45008374961014,Natalia Oreiro,Rio De La Plata,latin,0.6926384762320473,Silvio Rodríguez,Santiago de Chile,latin,0.6874526487361919,Juan Carlos Baglietto,Cuando,latin,0.6834787577813612,Natalia Oreiro,Rio De La Plata,latin,0.7044632839768111,Silvio Rodríguez,Santiago de Chile,latin,0.697562385480217,Juan Carlos Baglietto,Cuando,latin,0.6965366846398287
TRDFNLR12903CB0FE4,SOFDJSB12AB0183B5B,ARGN0KR1187B991A99,Camila,Alejate De Mi,latin,Violadores del Verso,Dale tiempo al rumor,hip hop,2804.0,Victor Manuelle,Lloré Lloré,latin,2504.0,Los Van Van,El Negro Está Cocinando,latin,2440.0,Violadores del Verso,Dale tiempo al rumor,hip hop,3.353692187500002,Victor Manuelle,Lloré Lloré,latin,3.050615624999998,Los Van Van,El Negro Está Cocinando,latin,2.9649453125000003,Aventura,Obsesion (English Remix_ Album Version),latin,0.7841278322562836,Bebe,La Coqueta,latin,0.7807775059034003,Edurne,Aqui Se Termino (Never Forever),pop,0.7678101767569764,Aventura,Obsesion (English Remix_ Album Version),latin,0.7898638191270088,Bebe,La Coqueta,latin,0.7863864435880652,Edurne,Aqui Se Termino (Never Forever),pop,0.7735494241238626,Violadores del Verso,Dale tiempo al rumor,hip hop,743.880461242836,Daddy Yankee,Como Y Vete,reggae,663.473688256411,Violadores del Verso,Cantando,hip hop,662.8965462580029,Violadores del Verso,Dale tiempo al rumor,hip hop,677.4569687850837,Daddy Yankee,Como Y Vete,reggae,611.7297749642325,Violadores del Verso,Cantando,hip hop,598.1830033442048,Il Divo,Enamorado,classical,0.7029116094570595,Aventura,Enséñame A Olvidar,latin,0.6311031066707754,Illya Kuryaki And The Valderramas,Virgen De Riña,hip hop,0.6188521107908567,Il Divo,Enamorado,classical,0.7107875507710657,Aventura,Enséñame A Olvidar,latin,0.6470741923482864,Illya Kuryaki And The Valderramas,Virgen De Riña,hip hop,0.6298890993072591
TROBWIG12903CB0FD7,SODWRNB12AB0183B3B,ARGN0KR1187B991A99,Camila,Entre Tus Alas,latin,Violadores del Verso,Dale tiempo al rumor,hip hop,1915.0,Violadores del Verso,Cantando,hip hop,1542.0,Victor Manuelle,Lloré Lloré,latin,1308.0,Violadores del Verso,Dale tiempo al rumor,hip hop,2.299479687499998,Violadores del Verso,Cantando,hip hop,1.8443859375,Victor Manuelle,Lloré Lloré,latin,1.5855406249999997,Carlos Vives,19 De Noviembre,latin,0.8158806214442498,Fanny Lu,Es Por Ti,latin,0.7986090887480755,Carlos Vives,Amor Latino,latin,0.7882810532143907,Carlos Vives,19 De Noviembre,latin,0.8195208037719853,Fanny Lu,Es Por Ti,latin,0.8025887616656597,Carlos Vives,Amor Latino,latin,0.7918395959918446,Violadores del Verso,Dale tiempo al rumor,hip hop,492.2421250051935,Violadores del Verso,Cantando,hip hop,490.5261126846102,Panteón Rococó,La Dosis Perfecta,reggae,458.22598086221353,Violadores del Verso,Dale tiempo al rumor,hip hop,444.8716581190448,Violadores del Verso,Cantando,hip hop,444.3751105578663,Panteón Rococó,La Dosis Perfecta,reggae,431.54375451741885,Enrique Iglesias,Lloro Por Ti,latin,0.6547883577275536,Malu,Llanto Lloro,latin,0.6375971955512225,Luis Miguel,Pensar En Ti,latin,0.6351750253989954,Enrique Iglesias,Lloro Por Ti,latin,0.6656133421366834,Malu,Llanto Lloro,latin,0.6494213925497083,Luis Miguel,Pensar En Ti,latin,0.6458396748942069
TRDWUTF12903CA9249,SODRAIV12A8C1430AB,ARGN0KR1187B991A99,Camila,Me Basto,latin,Violadores del Verso,Dale tiempo al rumor,hip hop,1368.0,Violadores del Verso,Cantando,hip hop,1265.0,Daddy Yankee,Como Y Vete,reggae,1257.0,Violadores del Verso,Dale tiempo al rumor,hip hop,1.618106249999999,Violadores del Verso,Cantando,hip hop,1.5002312499999997,Daddy Yankee,Como Y Vete,reggae,1.5002000000000004,Luz Casal,No Te Vayas,blues,0.6970393645830328,Intocable,Te Extrano,latin,0.6900673011204164,Enrique Iglesias,Al Despertar,latin,0.6868878800974585,Luz Casal,No Te Vayas,blues,0.7033607175156156,Intocable,Te Extrano,latin,0.6967956337518377,Enrique Iglesias,Al Despertar,latin,0.693488685426632,Violadores del Verso,Dale tiempo al rumor,hip hop,528.551162469587,Violadores del Verso,Cantando,hip hop,473.02451290621525,Jowell & Randy,Te Ando Buscando,reggae,428.88645090247786,Violadores del Verso,Dale tiempo al rumor,hip hop,482.9853680788046,Violadores del Verso,Cantando,hip hop,428.6317253305733,Jowell & Randy,Te Ando Buscando,reggae,399.8149178333779,Julieta Venegas,Despedida,latin,0.5888646223001888,Nena Daconte,Pierdo El Tiempo,pop,0.5687796372661691,Rey Ruiz,No Me Acostumbro,latin,0.5665460635048883,Julieta Venegas,Despedida,latin,0.6012606478596212,Nena Daconte,Pierdo El Tiempo,pop,0.5819665112003407,Rey Ruiz,No Me Acostumbro,latin,0.5818873963841845
TRCRNBS128F9347F55,SOTOLCQ12AF729AC84,ARGN0KR1187B991A99,Camila,Va Para Ti,latin,Enrique Iglesias,Miss You,latin,3888.0,Tracey Ullman,Breakaway,pop,3474.0,Los Van Van,El Negro Está Cocinando,latin,2940.0,Enrique Iglesias,Miss You,latin,4.717499999999992,Tracey Ullman,Breakaway,pop,4.255800000000001,Los Van Van,El Negro Está Cocinando,latin,3.589500000000005,Moenia,Manto Estelar,electronic,0.8178395890882619,Mecano,La Estación,latin,0.7808296081882468,Rey Ruiz,No Me Acostumbro,latin,0.682261197446503,Moenia,Manto Estelar,electronic,0.8202663217275167,Mecano,La Estación,latin,0.78266981996399,Rey Ruiz,No Me Acostumbro,latin,0.6868530733604221,Violadores del Verso,Cantando,hip hop,526.2208836306183,Willie Colon,Gitana,latin,488.9170143254235,Violadores del Verso,Dale tiempo al rumor,hip hop,488.9130521987026,Violadores del Verso,Cantando,hip hop,478.4271588454465,Willie Colon,Gitana,latin,451.19615733008453,Violadores del Verso,Dale tiempo al rumor,hip hop,439.85645639425786,Moenia,Manto Estelar,electronic,0.5684671369066013,Pablo Milanés,Te Quiero Porque Te Quiero,latin,0.5661098627150489,Ricardo Montaner,La Novia Del Sol (La Canción de Evaluna),latin,0.5509446050992031,Moenia,Manto Estelar,electronic,0.5802999489086781,Pablo Milanés,Te Quiero Porque Te Quiero,latin,0.5788657412155469,Ricardo Montaner,La Novia Del Sol (La Canción de Evaluna),latin,0.5644360761008821
TRDYKYQ12903CAD2B8,SOCDZHG12A58A81315,AR81DGA1187B9A0A43,Reik,Fui,latin,Violadores del Verso,Dale tiempo al rumor,hip hop,1123.0,Violadores del Verso,Cantando,hip hop,963.0,Violadores del Verso,La ciudad nunca duerme,hip hop,811.0,Violadores del Verso,Dale tiempo al rumor,hip hop,1.3435437499999985,Violadores del Verso,Cantando,hip hop,1.1506687500000006,Violadores del Verso,La ciudad nunca duerme,hip hop,0.9731374999999995,Enrique Iglesias,Lloro Por Ti,latin,0.7716727929981986,Gilberto Santa Rosa,No Pense Enamorarme Otra Vez,latin,0.7387701560116822,Canteca de macao,La rabia,latin,0.7303017281159596,Enrique Iglesias,Lloro Por Ti,latin,0.7766371888415745,Gilberto Santa Rosa,No Pense Enamorarme Otra Vez,latin,0.7448531250656283,Canteca de macao,La rabia,latin,0.7356504997947901,Violadores del Verso,La ciudad nunca duerme,hip hop,385.8546915483395,Violadores del Verso,Cantando,hip hop,380.53080573036345,Violadores del Verso,Dale tiempo al rumor,hip hop,375.75778306331574,Violadores del Verso,La ciudad nunca duerme,hip hop,354.0533488512314,Violadores del Verso,No Paseis Por Alto A Los Genios,hip hop,345.762089965921,Violadores del Verso,Cantando,hip hop,343.921111482571,Rey Ruiz,Enamorado,latin,0.6331108672025892,Il Divo,Por Ti Seré (You Raise Me Up),classical,0.6110990751704115,Shakira,Que Me Quedes Tu,latin,0.6097328357048455,Rey Ruiz,Enamorado,latin,0.6450950388157899,Shakira,Que Me Quedes Tu,latin,0.6210171953931091,Il Divo,Por Ti Seré (You Raise Me Up),classical,0.6209211958474123
TRAYQRI12903CAD2A1,SOFPPPB12AB018BB18,AR81DGA1187B9A0A43,Reik,Ilusionado,latin,Violadores del Verso,Dale tiempo al rumor,hip hop,1263.0,Los Van Van,El Negro Está Cocinando,latin,1189.0,Violadores del Verso,Cantando,hip hop,1154.0,Violadores del Verso,Dale tiempo al rumor,hip hop,1.4939859375,Los Van Van,El Negro Está Cocinando,latin,1.438601562499998,Violadores del Verso,Cantando,hip hop,1.3677671875000008,Bebe,La Coqueta,latin,0.6863901532702039,Daddy Yankee,Todos Quieren A Raymond,reggae,0.6720259445806498,Fonseca,Sueño,latin,0.6594268454630715,Bebe,La Coqueta,latin,0.6949663275352392,Daddy Yankee,Todos Quieren A Raymond,reggae,0.682693490330219,Fonseca,Sueño,latin,0.6674967319502595,Daddy Yankee,Todos Quieren A Raymond,reggae,518.7700244854651,Violadores del Verso,Dale tiempo al rumor,hip hop,480.9333904771457,Violadores del Verso,Cantando,hip hop,468.33179834801797,Daddy Yankee,Todos Quieren A Raymond,reggae,468.112945932007,Violadores del Verso,Dale tiempo al rumor,hip hop,426.8612424051201,Violadores del Verso,Cantando,hip hop,415.6516373804823,Tego Calderon,Llévatelo Todo (Album Version),hip hop,0.5483926738138796,Plastilina Mosh,Enzo,latin,0.5461572418553056,Daddy Yankee,Todos Quieren A Raymond,reggae,0.5258586497662132,Tego Calderon,Llévatelo Todo (Album Version),hip hop,0.5660923637469067,Plastilina Mosh,Enzo,latin,0.5640449073383922,Daddy Yankee,Todos Quieren A Raymond,reggae,0.5493372599216735
TRGFMTT12903CAD2A2,SOIKGCB12AF72A11C6,AR81DGA1187B9A0A43,Reik,Piel De Ciudad,latin,Violadores del Verso,Cantando,hip hop,1253.0,Violadores del Verso,Dale tiempo al rumor,hip hop,1226.0,Victor Manuelle,Lloré Lloré,latin,1193.0,Violadores del Verso,Cantando,hip hop,1.4880250000000006,Victor Manuelle,Lloré Lloré,latin,1.4446999999999994,Violadores del Verso,Dale tiempo al rumor,hip hop,1.4437749999999985,Lynda,Voy A Seguir,latin,0.6220650450528378,Juanes,Tu Y Yo,latin,0.5986533732258902,Camila,Alejate De Mi,latin,0.5929319239744409,Lynda,Voy A Seguir,latin,0.6320537686475144,Juanes,Tu Y Yo,latin,0.608231897975064,Camila,Alejate De Mi,latin,0.6027363984654994,Violadores del Verso,Cantando,hip hop,591.1201497328947,Juanes,Tu Y Yo,latin,501.13955845446344,Daddy Yankee,Todos Quieren A Raymond,reggae,494.29467764640356,Violadores del Verso,Cantando,hip hop,542.8714805961467,Juanes,Tu Y Yo,latin,470.39664986409025,Daddy Yankee,Todos Quieren A Raymond,reggae,447.8989078220436,Juanes,Tu Y Yo,latin,0.5947861029355401,Love Of Lesbian,El ectoplasta,pop,0.5695655748500449,Victor Manuelle,Hazme Sentir,latin,0.54325215873306,Juanes,Tu Y Yo,latin,0.6086665967351879,Love Of Lesbian,El ectoplasta,pop,0.5838625717078454,Victor Manuelle,Hazme Sentir,latin,0.5581996756059193
TRJXNZL128F92E54EE,SOQUZCC12A8C140463,AR81DGA1187B9A0A43,Reik,Quedate,latin,Violadores del Verso,Dale tiempo al rumor,hip hop,2547.0,Los Van Van,El Negro Está Cocinando,latin,2002.0,Violadores del Verso,Cantando,hip hop,1951.0,Violadores del Verso,Dale tiempo al rumor,hip hop,3.068090625000002,Los Van Van,El Negro Está Cocinando,latin,2.4374843749999995,Violadores del Verso,Cantando,hip hop,2.3367781250000004,Gilberto Santa Rosa,Ni Te Llamo Ni Te Busco,latin,0.827953090989964,Aventura,Todavía Me Amas,latin,0.8220633955761235,Edurne,Aqui Se Termino (Never Forever),pop,0.8118627566400876,Gilberto Santa Rosa,Ni Te Llamo Ni Te Busco,latin,0.8315872982003084,Aventura,Todavía Me Amas,latin,0.8260536790580612,Edurne,Aqui Se Termino (Never Forever),pop,0.8160223564817328,Violadores del Verso,Dale tiempo al rumor,hip hop,601.9432186945251,Violadores del Verso,Cantando,hip hop,550.3739782498799,Violadores del Verso,La ciudad nunca duerme,hip hop,485.3772147505006,Violadores del Verso,Dale tiempo al rumor,hip hop,545.4282112875318,Violadores del Verso,Cantando,hip hop,495.3138448274726,Johnny Prez,Entra,reggae,441.7687982661287,Malu,No Voy A Cambiar,latin,0.6176564652515432,KALIMBA,Se Te Olvido,latin,0.606858394584786,Elvis Crespo,Vuelve Conmigo,latin,0.6049318609216806,Malu,No Voy A Cambiar,latin,0.63348150638916,KALIMBA,Se Te Olvido,latin,0.6229438610763682,Elvis Crespo,Vuelve Conmigo,latin,0.6176540748472196
TRDOVAF128F93112F7,SOLRFDT12AB0183B0D,ARU3BQ91187FB5A3D6,Animal Collective,Brother Sport,latin,Lauryn Hill,Interlude 5,r&b/soul,2783.0,Michael Jackson,Man In The Mirror,pop,2126.0,Marques Houston,Cancel (Album Version),r&b/soul,2124.0,Lauryn Hill,Interlude 5,r&b/soul,3.142950000000001,Marques Houston,Cancel (Album Version),r&b/soul,2.540709375,Fatboy Slim,Acid 8000,electronic,2.467803125,Fergie,Get Your Hands Up,hip hop,0.5837471954337078,Ignite,In Moderation,metal,0.565149009236355,Depeche Mode,Freestate,electronic,0.5593264021266142,Fergie,Get Your Hands Up,hip hop,0.5941177712013598,Ignite,In Moderation,metal,0.5773178593548627,Depeche Mode,Freestate,electronic,0.5692627890631652,Gang Starr,The Illest Brother,hip hop,141.21818268596556,Twiztid,She Ain't Afraid,hip hop,131.18492461878165,Lauryn Hill,Interlude 5,r&b/soul,127.17750080840958,Gang Starr,The Illest Brother,hip hop,103.38737914587492,Us3,Just Another Brother,jazz,95.53638518094067,Twiztid,She Ain't Afraid,hip hop,88.7692834849334,Praga Khan,Far Beyond The Sun,electronic,0.3097906707574196,Depeche Mode,Freestate,electronic,0.2934927291620048,Buddy Holly,Door To My Heart,country,0.2872305349689678,Praga Khan,Far Beyond The Sun,electronic,0.33354343239699313,Depeche Mode,Freestate,electronic,0.31869172821185393,Buddy Holly,Door To My Heart,country,0.3074295665348238
TRVPMSA128F9331D03,SOJQZHG12AB0185EAB,ART5MUE1187B98C961,Metallica,The Prince,metal,Beastie Boys,B-Boy Bouillabaisse: A.W.O.L. (2009 Digital Remaster),hip hop,1689.0,Lauryn Hill,Interlude 5,r&b/soul,1523.0,Erykah Badu,I Want You,r&b/soul,1448.0,Beastie Boys,B-Boy Bouillabaisse: A.W.O.L. (2009 Digital Remaster),hip hop,1.8823609375,Erykah Badu,I Want You,r&b/soul,1.709407812500001,Lauryn Hill,Interlude 5,r&b/soul,1.63005,Diana Krall,I've Grown Accustomed To His Face,jazz,0.5553501946748308,Gil Scott-Heron,Me And The Devil,blues,0.5370830567350977,The Pietasters,Crime,reggae,0.5270964997743186,Diana Krall,I've Grown Accustomed To His Face,jazz,0.5705951008000594,Gil Scott-Heron,Me And The Devil,blues,0.5592928659148159,The Pietasters,Crime,reggae,0.5432249025218393,Beastie Boys,B-Boy Bouillabaisse: A.W.O.L. (2009 Digital Remaster),hip hop,148.3628896133057,Savatage,The Hourglass,metal,124.53723403959891,Ja Rule,One of Us,hip hop,121.80415993119982,Scapegoat,Marry the Devil,punk,77.59946709357466,Jamiroquai,Corner Of The Earth,r&b/soul,76.31328760503523,Insane Clown Posse,Piggy Pie,hip hop,74.22581201231917,Stoa,I Wish You Could Smile,classical,0.3004128858315713,Stoa,Autumn,classical,0.2882397721550119,Scapegoat,Marry the Devil,punk,0.23802884825446705,Stoa,I Wish You Could Smile,classical,0.32712547654860236,Stoa,Autumn,classical,0.3124043981227204,Scapegoat,Marry the Devil,punk,0.28770190978251703
TRPCZPE12903CAF5BD,SOAVPPJ12A8C13EFBC,ARC9CR51187FB51A13,Avenged Sevenfold,Second Heartbeat,metal,Lauryn Hill,Interlude 5,r&b/soul,3310.0,Beastie Boys,B-Boy Bouillabaisse: A.W.O.L. (2009 Digital Remaster),hip hop,2658.0,Twista,I'm A Winner (Amended Album Version),hip hop,2620.0,Lauryn Hill,Interlude 5,r&b/soul,3.6131000000000006,Twista,I'm A Winner (Amended Album Version),hip hop,2.9322875,Beastie Boys,B-Boy Bouillabaisse: A.W.O.L. (2009 Digital Remaster),hip hop,2.8839562500000007,Rufio,Just a Memory,punk,0.6473704752904108,Leon Jackson,A Song For You,jazz,0.6379830512215763,Musiq,Whereareyougoing,r&b/soul,0.6376728308327373,Rufio,Just a Memory,punk,0.6689599218780159,Leon Jackson,A Song For You,jazz,0.6590634224753672,Musiq,Whereareyougoing,r&b/soul,0.658762686126843,Savatage,The Hourglass,metal,253.71388398180062,Eminem,8 Mile,hip hop,249.77491780224562,Beastie Boys,B-Boy Bouillabaisse: A.W.O.L. (2009 Digital Remaster),hip hop,231.02824811805982,Savatage,The Hourglass,metal,139.5376370494836,Eminem,8 Mile,hip hop,117.15157166271212,Wolverine,Towards Loss,metal,116.86971618528943,John Lee Hooker,It Serves Me Right To Suffer,blues,0.3014943172750556,Wolverine,Towards Loss,metal,0.29892607885872,Mest,Can't Take This (Album Version),punk,0.28087445677579137,Wolverine,Towards Loss,metal,0.3732069040673083,Mest,Can't Take This (Album Version),punk,0.33977630942378995,Keith Whitley,A Day In The Life Of A Fool,country,0.339254223209348
TRNUDHG12903CAF56B,SOLFXQT12A8C13E06C,ARC9CR51187FB51A13,Avenged Sevenfold,To End The Rapture,metal,Lauryn Hill,Interlude 5,r&b/soul,626.0,Ja Rule,One of Us,hip hop,343.0,Pain of Salvation,Spitfall,metal,341.0,Lauryn Hill,Interlude 5,r&b/soul,0.7227,Pain of Salvation,Spitfall,metal,0.3974874999999997,Ja Rule,One of Us,hip hop,0.3925937499999999,Theatres Des Vampires,Throne Of Dark Immortals,metal,0.5734606966845801,Anacrusis,What You Became,metal,0.5537710997797856,Incantation,Apocalyptic Destroyer of Angels,metal,0.5409897585041069,Theatres Des Vampires,Throne Of Dark Immortals,metal,0.583115436899835,Anacrusis,What You Became,metal,0.5634006699500398,Bad Religion,Chimaera (Album Version),punk,0.5513067596400915,Savatage,The Hourglass,metal,52.159222958358505,Josh Groban,It Came Upon A Midnight Clear (Album Version),classical,43.67713846339686,Recoil,Curse,electronic,42.399027958243806,Josh Groban,It Came Upon A Midnight Clear (Album Version),classical,40.32029534244006,Nik Kershaw,City Of Angels,pop,35.41368404584396,Savatage,The Hourglass,metal,33.979518923560164,Natalie Cole,Ev'ry Time We Say Goodbye,jazz,0.29995611128630617,Josh Groban,It Came Upon A Midnight Clear (Album Version),classical,0.26979118843052946,Incantation,Apocalyptic Destroyer of Angels,metal,0.2681799951685417,Natalie Cole,Ev'ry Time We Say Goodbye,jazz,0.31895803663368844,Josh Groban,It Came Upon A Midnight Clear (Album Version),classical,0.2858116316630535,Incantation,Apocalyptic Destroyer of Angels,metal,0.28546663370917
TRJAABI12903CF759F,SOKACRK12AC90759DA,ARJ94571187B98C352,blessthefall,Witness,metal,Lauryn Hill,Interlude 5,r&b/soul,5559.0,Twista,I'm A Winner (Amended Album Version),hip hop,4362.0,Eminem,My Darling,hip hop,3888.0,Lauryn Hill,Interlude 5,r&b/soul,6.456550000000001,Twista,I'm A Winner (Amended Album Version),hip hop,5.13083125,Eminem,My Darling,hip hop,4.558728125000001,Brand New Heavies_ The,"You Are The Universe (Roger's Universal 7"" Edit)",jazz,0.7550326775457143,Chiasm,Incision,electronic,0.7536400580169562,Kevin Devine,It's Only Your Life,folk,0.7516731253085134,Chiasm,Incision,electronic,0.7617512019044316,Brand New Heavies_ The,"You Are The Universe (Roger's Universal 7"" Edit)",jazz,0.7607870252913538,Kevin Devine,It's Only Your Life,folk,0.7596541767604351,Ja Rule,One of Us,hip hop,203.3061826526858,Lauryn Hill,Interlude 5,r&b/soul,171.56200956809965,Beastie Boys,B-Boy Bouillabaisse: A.W.O.L. (2009 Digital Remaster),hip hop,165.48967670729067,Ja Rule,One of Us,hip hop,138.05238253589903,Toni Braxton,Breathe Again,r&b/soul,129.31944894767966,Beverley Knight,Till I See Ya,r&b/soul,113.08826219192538,Combichrist,without emotions,electronic,0.3012984513086677,Milk Inc.,Breathe Without You,electronic,0.2930829531069808,Toni Braxton,Breathe Again,r&b/soul,0.28740922268850017,Toni Braxton,Breathe Again,r&b/soul,0.32873593058592293,Milk Inc.,Breathe Without You,electronic,0.32226887145713873,Beverley Craven,Say You're Sorry,jazz,0.31377515867649713
TRREMAP128F42983BD,SOWEDJU12D02198FF6,ARU6HMT1187FB38801,HIM,Heartache Every Moment,metal,Lauryn Hill,Interlude 5,r&b/soul,2505.0,Vanilla Ice,Ice Is Workin' It,hip hop,1834.0,Beastie Boys,B-Boy Bouillabaisse: A.W.O.L. (2009 Digital Remaster),hip hop,1811.0,Lauryn Hill,Interlude 5,r&b/soul,2.78625,Vanilla Ice,Ice Is Workin' It,hip hop,2.1293750000000022,Daft Punk,Touch It / Technologic,electronic,2.022578125000001,Final Fantasy,The Miner Becomes Forgetful,folk,0.5551331100515831,Reckless Kelly,Broken Heart,country,0.5440784501995997,Classified,All About U,hip hop,0.5403661666619659,Final Fantasy,The Miner Becomes Forgetful,folk,0.5733116454565457,Classified,All About U,hip hop,0.56094269289156,Reckless Kelly,Broken Heart,country,0.5607269076324319,Keith Anderson,Lost In This Moment,country,155.15467997718426,Sebadoh,Showtape '91,electronic,126.52793411416673,Lauryn Hill,Interlude 5,r&b/soul,125.40293387003578,Keith Anderson,Lost In This Moment,country,133.24034783960892,T Bone Burnett,I'm Going On A Long Journey Never To Return,blues,96.61731572815879,Avant,Heaven,r&b/soul,95.32466098269114,Keith Anderson,Lost In This Moment,country,0.3472237984133619,Josh Groban,When You Say You Love Me (Album Version),classical,0.2745239051660281,Dark Fortress,Hirudineans,metal,0.27205855843651783,Keith Anderson,Lost In This Moment,country,0.38209457577535727,Josh Groban,When You Say You Love Me (Album Version),classical,0.31727138539425065,Dark Fortress,Hirudineans,metal,0.31364176532809396
TRFRDZW128F429C337,SOAVNID12A8C13B197,ARU6HMT1187FB38801,HIM,Sigillum Diaboli,metal,Lauryn Hill,Interlude 5,r&b/soul,7876.0,Erykah Badu,I Want You,r&b/soul,6915.0,Beastie Boys,B-Boy Bouillabaisse: A.W.O.L. (2009 Digital Remaster),hip hop,6895.0,Lauryn Hill,Interlude 5,r&b/soul,9.2654,Erykah Badu,I Want You,r&b/soul,8.430731249999992,Beastie Boys,B-Boy Bouillabaisse: A.W.O.L. (2009 Digital Remaster),hip hop,8.134043749999998,Bouncing Souls_ The,Pervert,electronic,0.7617312197364972,Joe Henry,Sold,pop,0.7504284091754698,Gang Starr,Gotta Get Over (Taking Loot) (Explicit),hip hop,0.737598521139182,Bouncing Souls_ The,Pervert,electronic,0.7674733890742158,Joe Henry,Sold,pop,0.7560001819507821,Gang Starr,Gotta Get Over (Taking Loot) (Explicit),hip hop,0.7437197471761641,Eminem,My Darling,hip hop,158.52594317466952,Beastie Boys,B-Boy Bouillabaisse: A.W.O.L. (2009 Digital Remaster),hip hop,134.32969603506163,Lauryn Hill,Interlude 5,r&b/soul,117.99996010551828,Eminem,My Darling,hip hop,106.83872940995988,Sonique,You're The Reason,electronic,81.91039441765858,Carole King,Child Of Mine,folk,80.53222409581386,The Cardigans,Explode,pop,0.3161483103125834,Harry Connick_ Jr.,We Are In Love,jazz,0.29623269694557713,The Mick Fleetwood Blues Band,Black Magic Woman,blues,0.28487640572782086,The Cardigans,Explode,pop,0.3430875046438104,Harry Connick_ Jr.,We Are In Love,jazz,0.3299585665880734,The Mick Fleetwood Blues Band,Black Magic Woman,blues,0.31448073864894455
TRHVUCJ128F934B68C,SOPDMDM12A8C132ABD,ARWMY7E1187B9B7049,As I Lay Dying,Refined By Your Embrace,metal,Twista,I'm A Winner (Amended Album Version),hip hop,1451.0,Lauryn Hill,Interlude 5,r&b/soul,1318.0,Beastie Boys,B-Boy Bouillabaisse: A.W.O.L. (2009 Digital Remaster),hip hop,1187.0,Twista,I'm A Winner (Amended Album Version),hip hop,1.7370906250000009,Lauryn Hill,Interlude 5,r&b/soul,1.5301999999999998,Beastie Boys,B-Boy Bouillabaisse: A.W.O.L. (2009 Digital Remaster),hip hop,1.3856546874999995,Jay-Jay Johanson,I fantasize of you,electronic,0.7703444948542751,Eminem,Rabbit Run,hip hop,0.7545167557102066,KATAKLYSM,Beyond Salvation,metal,0.7484882701172567,Jay-Jay Johanson,I fantasize of you,electronic,0.7769301279624139,Eminem,Rabbit Run,hip hop,0.7614979452464139,KATAKLYSM,Beyond Salvation,metal,0.7545010379247884,Patrizio Buanne,A Man Without Love,pop,52.55538052249886,Juice Newton,Lay Back In The Arms Of Someone,country,51.00385519263833,Eminem,My Darling,hip hop,48.44450339221351,Juice Newton,Lay Back In The Arms Of Someone,country,45.527454169546715,Patrizio Buanne,A Man Without Love,pop,45.32312402568927,Toni Braxton,Breathe Again,r&b/soul,38.87524956413809,Juice Newton,Lay Back In The Arms Of Someone,country,0.30282805996841733,Patrizio Buanne,A Man Without Love,pop,0.2781708970132024,Annihilator,Hunter killer,metal,0.27678856069329966,Juice Newton,Lay Back In The Arms Of Someone,country,0.3271515133529804,Patrizio Buanne,A Man Without Love,pop,0.30794804319753805,Annihilator,Hunter killer,metal,0.3027610197254363
TRIBZVH128F934B68D,SOWJVZY12A8C132AC2,ARWMY7E1187B9B7049,As I Lay Dying,The Innocence Spilled,metal,Lauryn Hill,Interlude 5,r&b/soul,1358.0,Beastie Boys,B-Boy Bouillabaisse: A.W.O.L. (2009 Digital Remaster),hip hop,1172.0,Eminem,My Darling,hip hop,1076.0,Lauryn Hill,Interlude 5,r&b/soul,1.5088999999999997,Beastie Boys,B-Boy Bouillabaisse: A.W.O.L. (2009 Digital Remaster),hip hop,1.3072781250000003,Eminem,My Darling,hip hop,1.229559375,Dashboard Confessional,The End Of An Anchor,punk,0.6282569847458265,Robben Ford,Something For The Pain,blues,0.6145886713221983,Dominici,So Help Me God,electronic,0.5890386617071761,Dashboard Confessional,The End Of An Anchor,punk,0.6429775687565498,Robben Ford,Something For The Pain,blues,0.6307495590298327,Onyx,Feel Me,hip hop,0.607793765392342,Hollywood Undead,Pain,hip hop,109.28505766146199,Ja Rule,One of Us,hip hop,98.07047828492144,Tech N9ne,One Good Time,hip hop,97.0547918349191,Hollywood Undead,Pain,hip hop,89.96560961875187,Bon Jovi,This Ain't A Love Song,rock,74.4145425704086,My Dying Bride,Grace Unhearing,metal,73.78209621569486,Hollywood Undead,Pain,hip hop,0.312445104493724,My Dying Bride,Grace Unhearing,metal,0.30440462255174366,Lorrie Morgan,Tears On My Pillow,country,0.27485493123381843,Hollywood Undead,Pain,hip hop,0.3544637647277559,My Dying Bride,Grace Unhearing,metal,0.3391252081267465,Bon Jovi,This Ain't A Love Song,rock,0.3156780898318002
TRZOLOQ128F428FA00,SOHEPVU12A8C13A03D,ARMGBBW1187FB4A7A0,August Burns Red,An American Dream,metal,Lauryn Hill,Interlude 5,r&b/soul,623.0,Ja Rule,One of Us,hip hop,527.0,The Pharcyde,Otha Fish,hip hop,510.0,Lauryn Hill,Interlude 5,r&b/soul,0.5993500000000002,Ja Rule,One of Us,hip hop,0.5502812499999999,Jennifer Lopez,The Way It Is,pop,0.5476187499999994,Silje Nergaard,This Is Not America,jazz,0.520275763175136,Poisonblack,Bear The Cross,metal,0.5019947799932484,Against All Authority,Threat,reggae,0.4958331206152285,Silje Nergaard,This Is Not America,jazz,0.534408956120613,Poisonblack,Bear The Cross,metal,0.5189855735517976,Against All Authority,Threat,reggae,0.518232718424729,The Streets,Weak Become Heroes,hip hop,113.06413713476802,Ja Rule,One of Us,hip hop,107.69256631441469,Lauryn Hill,Interlude 5,r&b/soul,106.98193406151817,The Streets,Weak Become Heroes,hip hop,75.72859079226657,Ja Rule,One of Us,hip hop,69.91043663423298,Pain of Salvation,Kingdom of Loss,metal,65.32835919510177,Knapsack,Simple Favor,punk,0.2946910602492818,Good Riddance,Torches and Tragedies,punk,0.24009614529238626,Lard,Moths,punk,0.2366923176024882,Knapsack,Simple Favor,punk,0.3212195041419098,Good Riddance,Torches and Tragedies,punk,0.28421932406104883,Lard,Moths,punk,0.2788006075204049
TRFQWAQ128F14B084D,SOLXNXB12A6D4FBCDA,ARPFK3E1187B9A43BF,Underoath,The Changing Of Times,metal,Lauryn Hill,Interlude 5,r&b/soul,3021.0,Twista,I'm A Winner (Amended Album Version),hip hop,2329.0,Beastie Boys,B-Boy Bouillabaisse: A.W.O.L. (2009 Digital Remaster),hip hop,2184.0,Lauryn Hill,Interlude 5,r&b/soul,3.449650000000001,Twista,I'm A Winner (Amended Album Version),hip hop,2.697806250000001,Beastie Boys,B-Boy Bouillabaisse: A.W.O.L. (2009 Digital Remaster),hip hop,2.4568718749999987,Musiq,Whereareyougoing,r&b/soul,0.7310229209739073,Ginuwine,Only When ur Lonely,r&b/soul,0.7195886914474364,Hello Saferide,Get Sick Soon,folk,0.7172162374203565,Musiq,Whereareyougoing,r&b/soul,0.7449862482077669,Ginuwine,Only When ur Lonely,r&b/soul,0.733394067028018,Hello Saferide,Get Sick Soon,folk,0.7267941008784884,Lauryn Hill,Interlude 5,r&b/soul,167.73421440141567,Beastie Boys,B-Boy Bouillabaisse: A.W.O.L. (2009 Digital Remaster),hip hop,154.7721654611468,Recoil,Curse,electronic,142.47750649629083,REO Speedwagon,Wherever You're Goin' (It's Alright),pop,83.84071583724733,Kelly Price,Don't Say Goodbye,r&b/soul,82.91818258296611,Eternal,Good Thing,r&b/soul,82.3390944539798,Enya,Someone Said Goodbye,electronic,0.2480618336325348,John Mayer,All We Ever Do Is Say Goodbye,folk,0.24122827428451246,REO Speedwagon,Wherever You're Goin' (It's Alright),pop,0.23983047750367203,Enya,Someone Said Goodbye,electronic,0.29521137992683744,Kelly Price,Don't Say Goodbye,r&b/soul,0.2936033595812697,REO Speedwagon,Wherever You're Goin' (It's Alright),pop,0.29018934916170436
TRLKWJA128F92E154E,SOFDWFR12A58A77D46,ARLHB6B1187B9B1B14,Haste The Day,Autumn,metal,Beastie Boys,B-Boy Bouillabaisse: A.W.O.L. (2009 Digital Remaster),hip hop,787.0,Daft Punk,Touch It / Technologic,electronic,776.0,The Roots,Mellow My Man,hip hop,719.0,Daft Punk,Touch It / Technologic,electronic,0.8982828124999999,Slick Rick,Let's Get Crazy,hip hop,0.8427234375000014,Beastie Boys,B-Boy Bouillabaisse: A.W.O.L. (2009 Digital Remaster),hip hop,0.831798437500001,Texta,Sprachbarrieren,hip hop,0.5524728873308934,Jupiter Jones,Auf das Leben,folk,0.5248169877476849,Samy Deluxe,Viel Mehr,hip hop,0.5115900473878541,Texta,Sprachbarrieren,hip hop,0.5613776561989384,Jupiter Jones,Auf das Leben,folk,0.5348470254830876,Samy Deluxe,Viel Mehr,hip hop,0.5249714919813976,Blumentopf,Von Disco Zu Disco,hip hop,482.00689220043444,Rapsoul,Gott schenk ihr Flügel,hip hop,453.03229485076236,Olli Banjo,Toastbrot,hip hop,427.12035640785524,Blumentopf,Von Disco Zu Disco,hip hop,449.5856211923137,Rapsoul,Gott schenk ihr Flügel,hip hop,429.1760339249198,Olli Banjo,Toastbrot,hip hop,399.29358598459044,Jupiter Jones,Auf das Leben,folk,0.6502841048949616,Ohrbooten,Dschungelpartei,reggae,0.620101064647121,Rammstein,ROSENROT,metal,0.5876243824916741,Jupiter Jones,Auf das Leben,folk,0.6588487267524259,Ohrbooten,Dschungelpartei,reggae,0.6287589858984453,Rammstein,ROSENROT,metal,0.5972369020175765
TRNQSWR128EF34375F,SOWHMAY12A67ADD2E3,ARLHB6B1187B9B1B14,Haste The Day,Chorus Of Angels,metal,Ja Rule,One of Us,hip hop,2670.0,Lauryn Hill,Interlude 5,r&b/soul,2651.0,Röyksopp,Remind Me (Live),electronic,2586.0,Röyksopp,Remind Me (Live),electronic,3.10689375,Fatboy Slim,Right Here Right Now,electronic,2.95345,Ja Rule,One of Us,hip hop,2.9091875,Ed Harcourt,Fireflies Take Flight,folk,0.4395704107960559,Röyksopp,Remind Me (Live),electronic,0.4193425187427226,Vienna Teng,Now Three,folk,0.4062167563495504,Ed Harcourt,Fireflies Take Flight,folk,0.4597561279570419,Vienna Teng,Now Three,folk,0.4306685085680515,Röyksopp,Remind Me (Live),electronic,0.4265376123019277,Prince,I Love U In Me ( LP Version),r&b/soul,253.09812656072734,Lauryn Hill,Interlude 5,r&b/soul,234.07865487934535,The Streets,Weak Become Heroes,hip hop,215.51360962004816,Josh Groban,It Came Upon A Midnight Clear (Album Version),classical,178.9732280317882,Lemar,Lullaby,r&b/soul,158.84815833665874,Fatboy Slim,Right Here Right Now,electronic,151.3417940224848,Josh Groban,It Came Upon A Midnight Clear (Album Version),classical,0.2860592451668757,The Prodigy,Wake Up Call (Album Version),electronic,0.26989531233234076,Little Big Town,From This Dream,country,0.26979734112443493,Josh Groban,It Came Upon A Midnight Clear (Album Version),classical,0.3100323398642787,Lemar,Lullaby,r&b/soul,0.3054490160862343,Little Big Town,From This Dream,country,0.304428316037464
TRGQLSE128F93257D8,SOUZNST12A58A7EF1D,ARQETJY1187FB3FE74,Demon Hunter,Follow The Wolves,metal,Ja Rule,One of Us,hip hop,1494.0,Eminem,If I Had,hip hop,1075.0,Lauryn Hill,Interlude 5,r&b/soul,1035.0,Ja Rule,One of Us,hip hop,1.6575156250000007,Eminem,If I Had,hip hop,1.2071421875000004,BAL-SAGOTH,The chronicle of shadows,metal,0.9932500000000004,Goatwhore,Vengeance of Demonic Fury,metal,0.5196779931005636,Sandy Denny,Full Moon,folk,0.5149723665996159,Akercocke,Son Of The Morning,metal,0.4800078923998992,Sandy Denny,Full Moon,folk,0.5332640701283287,Goatwhore,Vengeance of Demonic Fury,metal,0.5315028598171133,Akercocke,Son Of The Morning,metal,0.4948458974865205,Cross Canadian Ragweed,17,country,143.43863542910378,Savatage,The Hourglass,metal,132.19471565743828,Lard,The Power Of Lard,punk,126.94798975939088,Cross Canadian Ragweed,17,country,118.93466525250669,Amon Amarth,Abandoned,metal,98.05796404287481,Lard,The Power Of Lard,punk,96.37292668397043,Cross Canadian Ragweed,17,country,0.3354663922486899,Amon Amarth,Abandoned,metal,0.28595177456489645,Neil Young,Stayin' Power (Remastered Album Version),blues,0.2832534370819132,Cross Canadian Ragweed,17,country,0.37680243779419564,Amon Amarth,Abandoned,metal,0.3290833905961347,Dismantled,Extirpation,electronic,0.30949267357793697
TRCAWAA128F93257D1,SOCLOSW12AB0187E07,ARQETJY1187FB3FE74,Demon Hunter,I Am You,metal,Lauryn Hill,Interlude 5,r&b/soul,3589.0,Beastie Boys,B-Boy Bouillabaisse: A.W.O.L. (2009 Digital Remaster),hip hop,2555.0,Twista,I'm A Winner (Amended Album Version),hip hop,2457.0,Lauryn Hill,Interlude 5,r&b/soul,4.01015,Beastie Boys,B-Boy Bouillabaisse: A.W.O.L. (2009 Digital Remaster),hip hop,2.7955984375000007,Twista,I'm A Winner (Amended Album Version),hip hop,2.7601031249999983,Kingston Falls,The Weak Shall Prevail,metal,0.5675331097085562,For Today,Redemption,metal,0.5524728426306029,Seventh Day Slumber,Burning Bridges,rock,0.5507606502170177,Kingston Falls,The Weak Shall Prevail,metal,0.5841452226386992,For Today,Redemption,metal,0.5688475571419305,Seventh Day Slumber,Burning Bridges,rock,0.56312139828566,Flobots,Rise,hip hop,189.167114043802,R. Kelly,Rise Up,r&b/soul,181.5049601769215,Eminem,My Darling,hip hop,150.86985583158088,Flobots,Rise,hip hop,158.3739842191892,R. Kelly,Rise Up,r&b/soul,141.42864090203653,Cannibal Corpse,Sentenced to Burn,metal,116.64823397889145,Skinlab,No Sympathy (for The Devil),metal,0.3463201609645742,Flobots,Rise,hip hop,0.3105405463170924,Cannibal Corpse,Sentenced to Burn,metal,0.28890496158877316,Skinlab,No Sympathy (for The Devil),metal,0.3574488793453274,Flobots,Rise,hip hop,0.3495283964705548,Cannibal Corpse,Sentenced to Burn,metal,0.3212781546436341
TRWPRIF128EF34B8F8,SOXZKPU12AF72AAB3B,ARQETJY1187FB3FE74,Demon Hunter,The Science Of Lies,metal,Lauryn Hill,Interlude 5,r&b/soul,2909.0,Ja Rule,One of Us,hip hop,2041.0,Beastie Boys,B-Boy Bouillabaisse: A.W.O.L. (2009 Digital Remaster),hip hop,1815.0,Lauryn Hill,Interlude 5,r&b/soul,3.22225,Ja Rule,One of Us,hip hop,2.3009375,Beastie Boys,B-Boy Bouillabaisse: A.W.O.L. (2009 Digital Remaster),hip hop,1.92253125,Immortal Technique,The 4th Branch,hip hop,0.6672434125699658,Sebadoh,Showtape '91,electronic,0.6039764374246147,Andrew Lloyd Webber,Masquerade,classical,0.5925505558179075,Immortal Technique,The 4th Branch,hip hop,0.6846821034003884,Sebadoh,Showtape '91,electronic,0.6247838357190857,Andrew Lloyd Webber,Masquerade,classical,0.614847186264281,Lauryn Hill,Interlude 5,r&b/soul,205.91065406809696,Ja Rule,One of Us,hip hop,187.09996537849733,Aceyalone,Mr. Outsider,hip hop,159.4196125530258,Ja Rule,One of Us,hip hop,123.65532211677288,Twiztid,Buckets of Blood,hip hop,98.52240077657011,Nothingface,Incarnadine,metal,94.80130282785174,Depeche Mode,Freestate,electronic,0.27388956180920637,Beverley Craven,Phoenix From The Fire,folk,0.268746076574987,Our Last Night,Forecasting,metal,0.2681595639823203,Beverley Craven,Phoenix From The Fire,folk,0.3108174752756853,Depeche Mode,Freestate,electronic,0.30874698251049293,Nothingface,Incarnadine,metal,0.3084655305890311
TRKLLYD128F4273FF4,SOHRFIP12A8C12FFD1,AR8DTVF1187B9AA292,Ozzy Osbourne,Slow Down,metal,Lauryn Hill,Interlude 5,r&b/soul,5555.0,Twista,I'm A Winner (Amended Album Version),hip hop,4147.0,Eminem,My Darling,hip hop,4014.0,Lauryn Hill,Interlude 5,r&b/soul,6.377950000000001,Twista,I'm A Winner (Amended Album Version),hip hop,4.813981249999999,Eminem,My Darling,hip hop,4.671178124999999,Field Music,You're Not Supposed To,r&b/soul,0.7024976597282394,Harry Belafonte,Angelina,latin,0.7008287647691568,The Plasmatics,You're A Zombie,punk,0.7003670395015371,Harry Belafonte,Angelina,latin,0.7114579744009516,The Plasmatics,You're A Zombie,punk,0.7113010446343779,Kevin Devine,It's Only Your Life,folk,0.7098931701274067,Beastie Boys,B-Boy Bouillabaisse: A.W.O.L. (2009 Digital Remaster),hip hop,201.89148178691073,OutKast,Mainstream,hip hop,192.34953440992,UGK (Underground Kingz),She Luv It,hip hop,182.45750328339093,Mariah Carey,Joy Ride,r&b/soul,138.6330112787368,UGK (Underground Kingz),She Luv It,hip hop,127.47840753533065,Michelle Williams,Stop This Car,r&b/soul,125.03492659932071,Massive Attack,Saturday Come Slow,electronic,0.27308114225768404,Wolverine,Towards Loss,metal,0.2664826494906534,Room Eleven,Swimmer,jazz,0.24521644368448492,Wolverine,Towards Loss,metal,0.3233351987910356,Massive Attack,Saturday Come Slow,electronic,0.2963676464540907,Room Eleven,Swimmer,jazz,0.28554486769684784
TRQJQNX128F4266704,SOEVNLW12A8C13401E,AR8DTVF1187B9AA292,Ozzy Osbourne,Steal Away (The Night),metal,Lauryn Hill,Interlude 5,r&b/soul,2136.0,Beastie Boys,B-Boy Bouillabaisse: A.W.O.L. (2009 Digital Remaster),hip hop,1480.0,Eminem,My Darling,hip hop,1399.0,Lauryn Hill,Interlude 5,r&b/soul,2.4170000000000003,Beastie Boys,B-Boy Bouillabaisse: A.W.O.L. (2009 Digital Remaster),hip hop,1.638421874999999,Eminem,My Darling,hip hop,1.5938906250000002,Manic Street Preachers,Further Away,rock,0.6365034119132598,Incognito,Chase The Clouds Away,jazz,0.6160788154452946,Burt Bacharach,The Look Of Love,jazz,0.6032381944397404,Manic Street Preachers,Further Away,rock,0.6459665063087461,Incognito,Chase The Clouds Away,jazz,0.6294273849928796,Burt Bacharach,The Look Of Love,jazz,0.6234445403238089,The Brand New Heavies,Last to Know,jazz,124.73269276771089,Beastie Boys,B-Boy Bouillabaisse: A.W.O.L. (2009 Digital Remaster),hip hop,114.76603991181723,Joe Cocker,Chain Of Fools,blues,109.79302680046627,The Brand New Heavies,Last to Know,jazz,95.17299811083448,Joe Cocker,Chain Of Fools,blues,93.61180480128613,the bird and the bee,I'm a Broken Heart,rock,68.66975543743534,Julie Roberts,That Ain't A Crime,country,0.2739722165472168,Toni Braxton,Snowflakes Of Love,jazz,0.2597126998790974,Joe Cocker,Chain Of Fools,blues,0.257133208185172,Julie Roberts,That Ain't A Crime,country,0.3078758364927149,Toni Braxton,Snowflakes Of Love,jazz,0.2990072217284644,G4,Remember Me,classical,0.2922491542402075
TRYIKZR128E0783C64,SOBEOHW12AF72A5BFC,AR98JLC1187B9ADE23,Megadeth,Black Curtains (2004 Digital Remaster),metal,Beastie Boys,B-Boy Bouillabaisse: A.W.O.L. (2009 Digital Remaster),hip hop,1522.0,Lauryn Hill,Interlude 5,r&b/soul,1485.0,The Roots,Mellow My Man,hip hop,1342.0,Beastie Boys,B-Boy Bouillabaisse: A.W.O.L. (2009 Digital Remaster),hip hop,1.6736109375,Lauryn Hill,Interlude 5,r&b/soul,1.5825500000000006,The Roots,Mellow My Man,hip hop,1.5553390624999996,Ima Robot,Black Jettas,rock,0.5821581750969727,Martin Sexton,Black Sheep,folk,0.577294917258529,Joan Baez,Black Is The Color,folk,0.5731883024924027,Ima Robot,Black Jettas,rock,0.6012765820603042,Martin Sexton,Black Sheep,folk,0.5965315473346697,Joan Baez,Black Is The Color,folk,0.5853071854852668,Beastie Boys,B-Boy Bouillabaisse: A.W.O.L. (2009 Digital Remaster),hip hop,121.57927069057023,Jeru The Damaja,Me Or The Papes,hip hop,116.27247413646533,Aceyalone,Mr. Outsider,hip hop,114.13665966173356,Joan Baez,Black Is The Color,folk,79.32592379998245,Anatomy Of A Ghost,Last Transmission,punk,76.77558654126359,Goatwhore,Bloodletting Upon The Cloven Hoof,metal,76.56492599275536,Joan Baez,Black Is The Color,folk,0.3383101776021729,Public Image Ltd,Bags,punk,0.3014616545966667,Nevermore,C.b.f.,metal,0.2613624996242574,Joan Baez,Black Is The Color,folk,0.3620517006314124,Public Image Ltd,Bags,punk,0.3267888346396581,Nevermore,C.b.f.,metal,0.30779648944062243
TRIOZOZ128F92FA0C2,SOVOXQN12A3F1EC5FA,AR98JLC1187B9ADE23,Megadeth,Die Dead Enough,metal,Beastie Boys,B-Boy Bouillabaisse: A.W.O.L. (2009 Digital Remaster),hip hop,7906.0,Eminem,8 Mile,hip hop,7598.0,Mario Vazquez,Everytime I...,r&b/soul,7414.0,Beastie Boys,B-Boy Bouillabaisse: A.W.O.L. (2009 Digital Remaster),hip hop,9.267,Mario Vazquez,Everytime I...,r&b/soul,9.042500000000004,Eminem,8 Mile,hip hop,9.032999999999998,Manafest,Runaway,hip hop,0.756220647203291,Deep Dish,Awake Enough,electronic,0.7455293784764394,Joe Bonamassa,Ball Peen Hammer,blues,0.7382286680954152,Manafest,Runaway,hip hop,0.761836093336518,Deep Dish,Awake Enough,electronic,0.7505999415922849,Joe Bonamassa,Ball Peen Hammer,blues,0.7439489791176387,Onyx,Face Down,hip hop,228.29648699286105,Twista,Overdose (Album Version),hip hop,213.44559569856878,Recoil,Curse,electronic,203.8886787355564,Onyx,Face Down,hip hop,136.34344078248768,Deep Dish,Awake Enough,electronic,121.20902571279106,Recoil,Curse,electronic,115.00422088317005,Poisonblack,Never Enough,metal,0.3247128350408032,Shamen,Lightspan,electronic,0.31112360782230697,Chris Garneau,Hymn,folk,0.28968419280330304,Poisonblack,Never Enough,metal,0.35677926616042704,Shamen,Lightspan,electronic,0.3205644288783517,Chris Garneau,Hymn,folk,0.31279323227913164
TRUHHWN128F93045BA,SOKAEJQ12AB0181294,ARVSQHB1187B992FF0,Drowning Pool,Bodies,metal,Danity Kane,Hold Me Down (Album Version),r&b/soul,1981.0,Akon,Locked Up,hip hop,1906.0,Lauryn Hill,Interlude 5,r&b/soul,1870.0,Danity Kane,Hold Me Down (Album Version),r&b/soul,2.186400000000001,Akon,Locked Up,hip hop,2.1797749999999976,Jessica Mauboy,Let Me Be Me,r&b/soul,2.048949999999998,Lisa Lisa & Cult Jam,Let The Beat Hit 'Em,r&b/soul,0.3857244986273329,Dean Martin,Let Me Go Lover,jazz,0.3791450977045842,Jessica Mauboy,Let Me Be Me,r&b/soul,0.3278864198538156,Lisa Lisa & Cult Jam,Let The Beat Hit 'Em,r&b/soul,0.4039837531850325,Dean Martin,Let Me Go Lover,jazz,0.3918310297917783,Jessica Mauboy,Let Me Be Me,r&b/soul,0.344624943503443,Will Smith,Switch,hip hop,243.25381019761463,Marques Houston,Naked,r&b/soul,227.42104463046087,Kurtis Blow,AJ Scratch,hip hop,226.82666443661813,Will Smith,Switch,hip hop,196.61809938693716,Kurtis Blow,AJ Scratch,hip hop,192.65485065479928,Marques Houston,Naked,r&b/soul,182.46453666467158,As Cities Burn,Wrong Body,punk,0.279972446799917,Mountain Goats,Have To Explode,rock,0.27870247231623174,Marques Houston,Naked,r&b/soul,0.2746487022894258,Marques Houston,Naked,r&b/soul,0.3160502844539314,Mountain Goats,Have To Explode,rock,0.3108169471237449,Will Smith,Switch,hip hop,0.3058458631054782
TRJHNLI128F934B2CA,SONCWXR12D021B1283,AR5Z3L01187B99C5A9,Cannibal Corpse,Rotting Head,metal,Ja Rule,One of Us,hip hop,815.0,Beastie Boys,B-Boy Bouillabaisse: A.W.O.L. (2009 Digital Remaster),hip hop,724.0,Lauryn Hill,Interlude 5,r&b/soul,724.0,Ja Rule,One of Us,hip hop,0.9102812500000002,Life Without Buildings,New Town,rock,0.7705343750000003,The Pharcyde,Otha Fish,hip hop,0.7705156250000001,Moonsorrow,Tuleen Ajettu Maa,metal,0.6553058792971731,Goatwhore,Vengeance of Demonic Fury,metal,0.6524107357156359,Goatwhore,Bloodletting Upon The Cloven Hoof,metal,0.6144605707405376,Moonsorrow,Tuleen Ajettu Maa,metal,0.6720242612554111,Goatwhore,Vengeance of Demonic Fury,metal,0.6617835182605531,Kurt Elling,Resolution,jazz,0.632672464973576,Beastie Boys,B-Boy Bouillabaisse: A.W.O.L. (2009 Digital Remaster),hip hop,117.3685766301821,Insane Clown Posse,Piggy Pie,hip hop,105.85456313600268,Recoil,Curse,electronic,99.80817923534026,Fun Lovin' Criminals,Blues For Suckers,blues,74.58180886979771,Us3,Just Another Brother,jazz,73.98459849354484,Insane Clown Posse,Piggy Pie,hip hop,72.88334231905408,Cannibal Corpse,Mummified in Barbed Wire,metal,0.29760713014815515,Bauhaus,The Sanity Assassin,punk,0.28886058135557885,One Way System,Gutter Boy,punk,0.2711255731684065,Cannibal Corpse,Mummified in Barbed Wire,metal,0.3292360748893387,Bauhaus,The Sanity Assassin,punk,0.32550247224733897,Rory Gallagher,Bourbon,blues,0.30301140229726325
TRQGFHN128F428643E,SOVKLCX12A8C13860D,AR0KBXO1187B996460,Slipknot,Gehenna,metal,Lauryn Hill,Interlude 5,r&b/soul,6553.0,Twista,I'm A Winner (Amended Album Version),hip hop,6296.0,Erykah Badu,I Want You,r&b/soul,5931.0,Lauryn Hill,Interlude 5,r&b/soul,7.531149999999998,Twista,I'm A Winner (Amended Album Version),hip hop,7.438603124999999,Erykah Badu,I Want You,r&b/soul,7.171145312499998,Common,I Want You,hip hop,0.6942820223995667,Jonny Lang,Breakin Me,blues,0.66750262165714,Psapp,I Want That,electronic,0.6559545034297851,Common,I Want You,hip hop,0.7027788680568936,Jonny Lang,Breakin Me,blues,0.6772164810780862,Psapp,I Want That,electronic,0.6615524853091157,Jill Scott,Brotha,r&b/soul,349.9894177687306,Lyfe Jennings,She Got Kids,r&b/soul,347.0706694889685,Big Brovaz,Find A Way,hip hop,321.7719864187508,Jill Scott,Brotha,r&b/soul,326.4627856546673,Lyfe Jennings,She Got Kids,r&b/soul,291.11157611234995,Mariah Carey,Sprung,r&b/soul,288.8512576442516,Jill Scott,Brotha,r&b/soul,0.4916722931658669,Blink-182,GO,punk,0.48519012023934766,999,Me And My Desire,punk,0.47388469849930764,Jill Scott,Brotha,r&b/soul,0.5087892481630193,Blink-182,GO,punk,0.5066150452128547,999,Me And My Desire,punk,0.49616187413988644
TRHCDHI128F92C4B9B,SOOHRVS12AF729C881,AR0KBXO1187B996460,Slipknot,[sic] [Explicit],metal,Lauryn Hill,Interlude 5,r&b/soul,5014.0,Twista,I'm A Winner (Amended Album Version),hip hop,4682.0,Erykah Badu,I Want You,r&b/soul,3907.0,Lauryn Hill,Interlude 5,r&b/soul,5.791399999999999,Twista,I'm A Winner (Amended Album Version),hip hop,5.541353125000003,Erykah Badu,I Want You,r&b/soul,4.708770312500004,Clawfinger,Revenge,metal,0.798297849005579,Shayne Ward,Tangled Up,r&b/soul,0.789513595712227,Weeping Willows,Your Eyes,pop,0.7886139921785577,Clawfinger,Revenge,metal,0.8055664449826841,Shayne Ward,Tangled Up,r&b/soul,0.7971794189891338,Weeping Willows,Your Eyes,pop,0.7964214263895867,Twista,Overdose (Album Version),hip hop,273.01024395463406,Twiztid,She Ain't Afraid,hip hop,260.33576909926506,Ying Yang Twins,1st Booty On Duty,hip hop,236.88869627489206,Twiztid,She Ain't Afraid,hip hop,181.50577421785061,Twista,Overdose (Album Version),hip hop,176.78114488917785,Ying Yang Twins,1st Booty On Duty,hip hop,164.0304019094077,Pissed Jeans,I'm Sick,punk,0.3048825331317734,Cavalera Conspiracy,Nevertrust [Explicit],metal,0.28729583737550013,Twiztid,She Ain't Afraid,hip hop,0.26675624778824564,Twiztid,She Ain't Afraid,hip hop,0.3384281966809593,Eminem,Rabbit Run,hip hop,0.3308405546095255,Pissed Jeans,I'm Sick,punk,0.3274852359216365
TRVHKNP128F429DDCE,SOENNBZ12A58A7B5A7,ARK9TRQ1187B99C095,Nine Inch Nails,Gunshots by Computer,metal,Lauryn Hill,Interlude 5,r&b/soul,3135.0,Twista,I'm A Winner (Amended Album Version),hip hop,2542.0,Beastie Boys,B-Boy Bouillabaisse: A.W.O.L. (2009 Digital Remaster),hip hop,2420.0,Lauryn Hill,Interlude 5,r&b/soul,3.44495,Twista,I'm A Winner (Amended Album Version),hip hop,2.86785625,Beastie Boys,B-Boy Bouillabaisse: A.W.O.L. (2009 Digital Remaster),hip hop,2.628771875,Lauryn Hill,Ex-Factor,r&b/soul,0.5168808838052936,Grace Jones,Nipple To The Bottle,r&b/soul,0.5007177731307279,Above The Law,Untouchable,hip hop,0.4999485310299574,Lauryn Hill,Ex-Factor,r&b/soul,0.5377272114850229,Binary Star,Honest Expression,hip hop,0.5242725953050008,Above The Law,Untouchable,hip hop,0.5239390877455391,Lauryn Hill,Interlude 5,r&b/soul,182.84553145749052,Afroman,Let's All Get Drunk,hip hop,170.9585932218781,Houston,Twizala,r&b/soul,169.01891126197535,Houston,Twizala,r&b/soul,142.09994697427564,Afroman,Let's All Get Drunk,hip hop,126.73670134184037,Rupaul,Tranny Chaser,pop,124.82882857756302,Rupaul,Tranny Chaser,pop,0.29875207302949414,Houston,Twizala,r&b/soul,0.2927709972847974,The Adicts,Disco,punk,0.26278281867593983,Rupaul,Tranny Chaser,pop,0.3377523120387453,Houston,Twizala,r&b/soul,0.32973176482895306,Billy Currington,Here I Am,country,0.287550427934502
TREFLCZ128F4236589,SOJKLWM12A81C23BBC,ARDQ9AP1187B9BA3F6,Killswitch Engage,Hope Is... (Album Version),metal,Lauryn Hill,Interlude 5,r&b/soul,1777.0,Röyksopp,Remind Me (Live),electronic,1776.0,Enrique Iglesias,Miss You,latin,1498.0,Röyksopp,Remind Me (Live),electronic,2.1645375,Lauryn Hill,Interlude 5,r&b/soul,1.90845,Enrique Iglesias,Miss You,latin,1.7715624999999968,Supreme Majesty,Heroes Of Our Land,metal,0.6246646920627756,Ella Fitzgerald,Manhattan,jazz,0.5633799221145611,Alexisonfire,We Are the End,metal,0.533586983055781,Supreme Majesty,Heroes Of Our Land,metal,0.6340553127318005,Ella Fitzgerald,Manhattan,jazz,0.575011056267938,Alexisonfire,We Are the End,metal,0.5454685055683166,R. Kelly,Rise Up,r&b/soul,130.47799805605806,Jamiroquai,(Don't) Give Hate A Chance,r&b/soul,108.73001663245438,Keith Anderson,Lost In This Moment,country,100.93596372122832,R. Kelly,Rise Up,r&b/soul,108.04223593009593,Jamiroquai,(Don't) Give Hate A Chance,r&b/soul,89.5161308917429,Keith Anderson,Lost In This Moment,country,86.8139556583531,Animal Collective,No More Runnin,electronic,0.2905172624054528,Keith Anderson,Lost In This Moment,country,0.2794488656914037,R. Kelly,Rise Up,r&b/soul,0.25995333351900146,Animal Collective,No More Runnin,electronic,0.3182827193101443,Keith Anderson,Lost In This Moment,country,0.3095792714152988,R. Kelly,Rise Up,r&b/soul,0.295200713090949
TRQFRJG128F4260199,SOVJLIF12A8C137957,ARHXK5N1187B98F942,Opeth,The Moor,metal,Lauryn Hill,Interlude 5,r&b/soul,3473.0,Beastie Boys,B-Boy Bouillabaisse: A.W.O.L. (2009 Digital Remaster),hip hop,2908.0,Twista,I'm A Winner (Amended Album Version),hip hop,2291.0,Lauryn Hill,Interlude 5,r&b/soul,3.9433500000000015,Beastie Boys,B-Boy Bouillabaisse: A.W.O.L. (2009 Digital Remaster),hip hop,3.3022453125,Twista,I'm A Winner (Amended Album Version),hip hop,2.603709375,Saul Williams,Elohim (1972),hip hop,0.7603160204056223,Autopsy,Skullptures,metal,0.7259657657705167,Snoop Dogg,Snoopafella (Edited),hip hop,0.7223625933448868,Saul Williams,Elohim (1972),hip hop,0.773323513414559,Autopsy,Skullptures,metal,0.7385221318397993,Snoop Dogg,Snoopafella (Edited),hip hop,0.7375630740202269,Beastie Boys,B-Boy Bouillabaisse: A.W.O.L. (2009 Digital Remaster),hip hop,181.2719857152588,Lauryn Hill,Interlude 5,r&b/soul,157.56970076130082,Company Flow,The Fire In Which You Burn (feat. J-Treds & The Brewin From The Juggaknots),hip hop,145.36179456936352,Cinderella Effect,Standing,electronic,77.9208741758072,Jazzamor,fly,electronic,72.55378606157294,T Bone Burnett,I'm Going On A Long Journey Never To Return,blues,71.28323981631955,Motion City Soundtrack,Cambridge (Album Version),punk,0.29361608875213574,Cinderella Effect,Standing,electronic,0.23470451442245016,Maria McKee,Turn Away,country,0.23061836565091123,Motion City Soundtrack,Cambridge (Album Version),punk,0.34077104523252505,Cinderella Effect,Standing,electronic,0.2999371428062602,Maria McKee,Turn Away,country,0.2835563638852276
TRMFSTL128F427B6C1,SOIXQXH12A8C135FC8,ARMOHN71187FB3959F,Atreyu,This Flesh A Tomb (Instrumental Version),metal,Lauryn Hill,Interlude 5,r&b/soul,4268.0,Beastie Boys,B-Boy Bouillabaisse: A.W.O.L. (2009 Digital Remaster),hip hop,3816.0,Twista,I'm A Winner (Amended Album Version),hip hop,3325.0,Lauryn Hill,Interlude 5,r&b/soul,4.854299999999999,Beastie Boys,B-Boy Bouillabaisse: A.W.O.L. (2009 Digital Remaster),hip hop,4.368001562500002,Twista,I'm A Winner (Amended Album Version),hip hop,3.842096875000002,Crotchduster,Let Me Into Starfish Land,metal,0.7562160690734294,Matt Nathanson,Bent,folk,0.7556727068515354,Manafest,Runaway,hip hop,0.7554985052223726,Crotchduster,Let Me Into Starfish Land,metal,0.7664126056021127,Matt Nathanson,Bent,folk,0.7658798907769248,Manafest,Runaway,hip hop,0.7653720646791049,Eminem,8 Mile,hip hop,219.34325658449964,Lauryn Hill,Interlude 5,r&b/soul,201.0328956831386,Beastie Boys,B-Boy Bouillabaisse: A.W.O.L. (2009 Digital Remaster),hip hop,191.3248603701588,Eric Carmen,Make Me Lose Control,pop,116.00321515075495,Eminem,8 Mile,hip hop,110.66434754527917,Recoil,Curse,electronic,96.20179329692701,Enrique Iglesias,Little Girl,pop,0.26691880669233703,Enrique Iglesias,Heroe,pop,0.26310769029559805,Michael Jackson,Baby Be Mine,pop,0.2563759796973172,Michael Jackson,Baby Be Mine,pop,0.3226781093197002,Enrique Iglesias,Little Girl,pop,0.31934260908347745,Alice Smith,Dream,r&b/soul,0.3189745662016701
TRALERK12903CDCAFD,SOZABYO12A8C143546,ARWMFZH11C8A4219E0,For Today,A Higher Standard,metal,Lauryn Hill,Interlude 5,r&b/soul,1972.0,Vanilla Ice,Ice Is Workin' It,hip hop,1384.0,Daft Punk,Touch It / Technologic,electronic,1382.0,Lauryn Hill,Interlude 5,r&b/soul,2.1982000000000004,Daft Punk,Touch It / Technologic,electronic,1.6221937499999997,Vanilla Ice,Ice Is Workin' It,hip hop,1.6038500000000009,MxPx,It's Undeniable,punk,0.6853663724168771,Basia,Prime Time TV,jazz,0.6722792022799835,Robbie Williams,It's De-Lovely,jazz,0.6546935110729452,MxPx,It's Undeniable,punk,0.6986506430099624,Basia,Prime Time TV,jazz,0.6878967658034362,Robbie Williams,It's De-Lovely,jazz,0.6639397904075182,Ja Rule,One of Us,hip hop,148.74866210284605,Beastie Boys,B-Boy Bouillabaisse: A.W.O.L. (2009 Digital Remaster),hip hop,147.73932909904306,Michael Jackson,Man In The Mirror,pop,132.97074050135978,Ja Rule,One of Us,hip hop,104.5595390754691,Michael Jackson,Man In The Mirror,pop,92.09043887280522,Kurt Elling,Resolution,jazz,71.13419518620726,Innocence Mission,Migration,folk,0.2777128164074579,The Vision Bleak,By Our Brotherhood With Seth,metal,0.26472623164409054,Bad Religion,Automatic Man (Album Version),punk,0.2626924446119297,Ja Rule,One of Us,hip hop,0.31705914276681535,Innocence Mission,Migration,folk,0.30931556517799774,Bad Religion,Automatic Man (Album Version),punk,0.30685437340785643
TRDIJKP12903CDCAF4,SOATHYW12A8C143527,ARWMFZH11C8A4219E0,For Today,Redemption,metal,Lauryn Hill,Interlude 5,r&b/soul,1761.0,Beastie Boys,B-Boy Bouillabaisse: A.W.O.L. (2009 Digital Remaster),hip hop,1390.0,Eminem,My Darling,hip hop,1161.0,Lauryn Hill,Interlude 5,r&b/soul,1.99425,Beastie Boys,B-Boy Bouillabaisse: A.W.O.L. (2009 Digital Remaster),hip hop,1.5643906250000004,Eminem,My Darling,hip hop,1.324546875000001,I Am Ghost,So_ I Guess This Is Goodbye,metal,0.6154378684274546,Atmosphere,Happymess,hip hop,0.6116074730362417,Despised Icon,Furtive Monologue,metal,0.6095927644683637,I Am Ghost,So_ I Guess This Is Goodbye,metal,0.6321840409012528,Atmosphere,Happymess,hip hop,0.6292424298161395,Despised Icon,Furtive Monologue,metal,0.6228251496053563,Lauryn Hill,Interlude 5,r&b/soul,102.87494246908406,Twista,Overdose (Album Version),hip hop,92.50766248326603,John Denver,Let It Be,folk,89.83839305574826,John Denver,Let It Be,folk,56.67273817114679,Spearhead,Wayfarin' Stranger,hip hop,56.20571609671828,Jah Cure,Sticky,reggae,55.99342786371756,Marvin Gaye,God Is My Friend,r&b/soul,0.260753599556004,Biohazard,Domination,metal,0.2534813515348038,Cinderella Effect,Call the Ships to Port,electronic,0.2442670709105852,Biohazard,Domination,metal,0.2950622228917658,Marvin Gaye,God Is My Friend,r&b/soul,0.2947492749564852,Cinderella Effect,Call the Ships to Port,electronic,0.2868568283609948
TRZQYIJ128F92E7F49,SOYPYRU12AB017F852,ARVJR1N1187FB4144A,Lamb Of God,We Die Alone (Bonus Track),metal,Lauryn Hill,Interlude 5,r&b/soul,1626.0,The Prodigy,We Gonna Rock,electronic,1182.0,Hollywood Undead,Undead,hip hop,1013.0,Lauryn Hill,Interlude 5,r&b/soul,1.7749,The Prodigy,We Gonna Rock,electronic,1.4243000000000003,Hollywood Undead,Undead,hip hop,1.1449749999999996,Lifetime,Daneurysm,metal,0.579477198519052,Kaizers Orchestra,Die Polizei,rock,0.5459137220887206,Suicide Commando,Dead March,electronic,0.5408325846084998,Lifetime,Daneurysm,metal,0.5869391856534222,Kaizers Orchestra,Die Polizei,rock,0.5552489765968329,Tommy James & The Shondells,I Think We're Alone Now (Single/LP Version),pop,0.5523507547078581,Savatage,The Hourglass,metal,133.70744617389036,Beastie Boys,B-Boy Bouillabaisse: A.W.O.L. (2009 Digital Remaster),hip hop,128.70078387794342,Watch Them Die,Resurrection,metal,106.13922091112964,P.o.d,Rise Against,metal,91.27090831186807,Madonna,Die Another Day [Live],electronic,82.3373225052654,Savatage,The Hourglass,metal,78.92673262478024,UnsraW,-9-,rock,0.34288045876139084,Sunk Loto,5 Years Of Silence,metal,0.34056958424764955,P.o.d,Rise Against,metal,0.3310619135614942,Sunk Loto,5 Years Of Silence,metal,0.36098212622749065,P.o.d,Rise Against,metal,0.36001497011543077,UnsraW,-9-,rock,0.3546834644604173
TRMYVVL128F92E865E,SODLQJO12A8C139576,ARWIA8D1187B990A0C,STRATOVARIUS,Elements,metal,Lauryn Hill,Interlude 5,r&b/soul,2289.0,Ja Rule,One of Us,hip hop,2216.0,Beastie Boys,B-Boy Bouillabaisse: A.W.O.L. (2009 Digital Remaster),hip hop,2135.0,Ja Rule,One of Us,hip hop,2.504390625,Lauryn Hill,Interlude 5,r&b/soul,2.421950000000001,Beastie Boys,B-Boy Bouillabaisse: A.W.O.L. (2009 Digital Remaster),hip hop,2.301373437500001,Spiral Architect,Fountainhead,metal,0.5643511611369203,Ziggy Marley And The Melody Makers,13 Months Of Sunshine,reggae,0.5587545182408159,BAL-SAGOTH,The chronicle of shadows,metal,0.5425058639766543,Spiral Architect,Fountainhead,metal,0.5809928937741268,Ziggy Marley And The Melody Makers,13 Months Of Sunshine,reggae,0.5721870309909729,BAL-SAGOTH,The chronicle of shadows,metal,0.5582489746603887,Moonsorrow,Tuleen Ajettu Maa,metal,169.85142660926053,Joni Mitchell,Paprika Plains  (Remix),folk,146.81290852349346,Kurt Elling,Resolution,jazz,143.90267417316258,Moonsorrow,Tuleen Ajettu Maa,metal,122.2417084059137,Ark,Heal The Waters,metal,117.01382425030103,Ledisi,Joy,r&b/soul,103.77950181274825,Stoa,Infant Joy,classical,0.2747495741893672,Ark,Heal The Waters,metal,0.27350440272975,Black Uhuru,Utterance,reggae,0.26475149009024407,Ark,Heal The Waters,metal,0.31048116786053326,Black Uhuru,Utterance,reggae,0.3002066674209912,Stoa,Infant Joy,classical,0.2916341838466242
TRIKFKO128F426A6FC,SORDWWC12A8C13AA28,ARWIA8D1187B990A0C,STRATOVARIUS,Know The Difference,metal,Lauryn Hill,Interlude 5,r&b/soul,3160.0,Beastie Boys,B-Boy Bouillabaisse: A.W.O.L. (2009 Digital Remaster),hip hop,2246.0,Michael Jackson,Man In The Mirror,pop,2051.0,Lauryn Hill,Interlude 5,r&b/soul,3.6188,Beastie Boys,B-Boy Bouillabaisse: A.W.O.L. (2009 Digital Remaster),hip hop,2.5305249999999995,Michael Jackson,Man In The Mirror,pop,2.2798000000000003,Sara Groves,What Do I Know,pop,0.5608945283514,Julia Fordham,Genius,electronic,0.5510214489163604,John Legend,I Can Change,r&b/soul,0.5414909375099153,Sara Groves,What Do I Know,pop,0.5777648532054018,Julia Fordham,Genius,electronic,0.5595505781204345,John Legend,I Can Change,r&b/soul,0.557300624962853,Lauryn Hill,Interlude 5,r&b/soul,178.47205509578248,Conjure One,One Word,electronic,131.8241637791693,Lloyd Banks,Make A Move,hip hop,131.4263707509306,Conjure One,One Word,electronic,99.71251074394871,Natalie Cole,Don't Get Around Much Anymore,jazz,91.82057200901527,Lauryn Hill,Interlude 5,r&b/soul,89.46729469532242,Natalie Cole,Don't Get Around Much Anymore,jazz,0.31865122322934947,Field Music,You're Not Supposed To,r&b/soul,0.30597807824649403,Jill Scott,He Loves Me (Lyzel In E Flat),r&b/soul,0.30382686629498984,Natalie Cole,Don't Get Around Much Anymore,jazz,0.34489333646637077,Jill Scott,He Loves Me (Lyzel In E Flat),r&b/soul,0.3315329064185237,Field Music,You're Not Supposed To,r&b/soul,0.3270601110158287
TRJAFPP128F426AB25,SOXHFBO12A8C13132A,AR9C8IE1187B9ACC99,System of a Down,Peephole,metal,Twista,I'm A Winner (Amended Album Version),hip hop,5819.0,Lauryn Hill,Interlude 5,r&b/soul,5190.0,Life Without Buildings,New Town,rock,4318.0,Twista,I'm A Winner (Amended Album Version),hip hop,6.925024999999998,Lauryn Hill,Interlude 5,r&b/soul,5.953900000000001,Life Without Buildings,New Town,rock,5.176012499999997,Concrete Blonde,It's Only Money,rock,0.6208140134342507,Jeff Healey,It's Only Money,blues,0.6208140134342507,Ian Van Dahl,Castles In The Sky,electronic,0.6053955509406362,Concrete Blonde,It's Only Money,rock,0.6292793229203554,Jeff Healey,It's Only Money,blues,0.6292793229203554,Ian Van Dahl,Castles In The Sky,electronic,0.6144659106620916,Marvin Sease,Stuck In The Middle,blues,185.49663085591973,Saliva,Bleed For Me,rock,154.2423848584068,Bob Dylan,Stuck Inside Of Mobile With The Memphis Blues Again,folk,152.4211294409119,Marvin Sease,Stuck In The Middle,blues,166.04067230713886,Saliva,Bleed For Me,rock,141.48768965501358,Seventh Day Slumber,Burning Bridges,rock,122.62368799878482,Saliva,Bleed For Me,rock,0.3545477174956399,Marvin Sease,Stuck In The Middle,blues,0.3307054684117955,Archers Of Loaf,Web In Front,rock,0.3066420865954578,Saliva,Bleed For Me,rock,0.37331310224161196,Marvin Sease,Stuck In The Middle,blues,0.35285446428964073,Archers Of Loaf,Web In Front,rock,0.32685003376437266
TRYMCCD128F421CD27,SOPTZIL12A6D4FD7AC,ARR057Y1187B9A16E7,Children Of Bodom,Hellhounds on My Trail,metal,Lauryn Hill,Interlude 5,r&b/soul,4753.0,Twista,I'm A Winner (Amended Album Version),hip hop,3783.0,Beastie Boys,B-Boy Bouillabaisse: A.W.O.L. (2009 Digital Remaster),hip hop,3635.0,Lauryn Hill,Interlude 5,r&b/soul,5.34325,Twista,I'm A Winner (Amended Album Version),hip hop,4.337937500000002,Erykah Badu,I Want You,r&b/soul,4.160218750000004,The Sundays,My Finest Hour,pop,0.7185938175801589,Good Old War,Tell Me (Acoustic),folk,0.7117842712995388,Permanent Me,Heartattack,punk,0.7086845694897049,The Sundays,My Finest Hour,pop,0.7325219522759784,Good Old War,Tell Me (Acoustic),folk,0.7279971810899087,Permanent Me,Heartattack,punk,0.7233155202192146,Lauryn Hill,Interlude 5,r&b/soul,347.23060202146206,Beastie Boys,B-Boy Bouillabaisse: A.W.O.L. (2009 Digital Remaster),hip hop,268.2730620233815,Twista,Overdose (Album Version),hip hop,242.75719546786326,Lauryn Hill,Interlude 5,r&b/soul,165.07509664927662,Hollywood Undead,Undead,hip hop,129.79299079338782,Marilyn Manson,Para-noir,metal,121.1221883654647,Marilyn Manson,Para-noir,metal,0.2803582558845616,Alexandra Burke,Gotta Go,r&b/soul,0.2767225081733121,The Forces Of Evil,Vague Love Song,reggae,0.26292429825991687,Classified,All About U,hip hop,0.33881018009880143,Alexandra Burke,Gotta Go,r&b/soul,0.3309475984128217,Lauryn Hill,Interlude 5,r&b/soul,0.3276975038244589
TRVIFKS128F426813A,SOKVYHH12A81C22CC4,ARR057Y1187B9A16E7,Children Of Bodom,No Commands,metal,Lauryn Hill,Interlude 5,r&b/soul,2491.0,Beastie Boys,B-Boy Bouillabaisse: A.W.O.L. (2009 Digital Remaster),hip hop,2308.0,Enrique Iglesias,Miss You,latin,2142.0,Lauryn Hill,Interlude 5,r&b/soul,2.7641499999999994,Beastie Boys,B-Boy Bouillabaisse: A.W.O.L. (2009 Digital Remaster),hip hop,2.5926374999999995,Enrique Iglesias,Miss You,latin,2.564687499999997,Kosheen,Pride,electronic,0.7190860717153215,The Airborne Toxic Event,The Girls In Their Summer Dresses,rock,0.692956963857528,Animal Collective,No More Runnin,electronic,0.6732635960442164,Kosheen,Pride,electronic,0.730685325394385,The Airborne Toxic Event,The Girls In Their Summer Dresses,rock,0.7059013632518532,Animal Collective,No More Runnin,electronic,0.685946789689363,Lauryn Hill,Interlude 5,r&b/soul,201.45932570375032,Beastie Boys,B-Boy Bouillabaisse: A.W.O.L. (2009 Digital Remaster),hip hop,151.47726491240925,Conjure One,One Word,electronic,146.3739924262501,Conjure One,One Word,electronic,110.0532394432757,Puressence,It Doesn't Matter Anymore,pop,108.24760276203033,Lauryn Hill,Interlude 5,r&b/soul,100.78808609898039,Puressence,It Doesn't Matter Anymore,pop,0.33429922011212937,Jon Secada,Take Me,pop,0.29108523458413327,Conjure One,One Word,electronic,0.27085173045814337,Puressence,It Doesn't Matter Anymore,pop,0.3771841602335383,Jon Secada,Take Me,pop,0.3387268207065607,Conjure One,One Word,electronic,0.32976723258166274
TRLHJMW128F1493BA1,SOZUQLN12A5891F885,AR4KS8C1187FB4CF3D,Tori Amos,Mother (2006 Remastered Alternate Mix),metal,Lauryn Hill,Interlude 5,r&b/soul,3989.0,Beastie Boys,B-Boy Bouillabaisse: A.W.O.L. (2009 Digital Remaster),hip hop,3698.0,Twista,I'm A Winner (Amended Album Version),hip hop,3159.0,Lauryn Hill,Interlude 5,r&b/soul,4.42505,Beastie Boys,B-Boy Bouillabaisse: A.W.O.L. (2009 Digital Remaster),hip hop,4.153181249999999,Twista,I'm A Winner (Amended Album Version),hip hop,3.581987500000001,Beastie Boys,B-Boy Bouillabaisse: A.W.O.L. (2009 Digital Remaster),hip hop,0.6781064580343249,Parliament,Mr. Wiggles,r&b/soul,0.6660451523952875,Sage Francis,Clickety Clack,hip hop,0.6589298874105354,Beastie Boys,B-Boy Bouillabaisse: A.W.O.L. (2009 Digital Remaster),hip hop,0.7006273830040078,Parliament,Mr. Wiggles,r&b/soul,0.6860587240275627,Sage Francis,Clickety Clack,hip hop,0.6789315977170077,Lauryn Hill,Interlude 5,r&b/soul,274.76296982346605,Beastie Boys,B-Boy Bouillabaisse: A.W.O.L. (2009 Digital Remaster),hip hop,247.34040894658486,Eminem,My Darling,hip hop,223.03044514559878,Paris Hilton,Not Leaving Without You (Album Version),pop,127.86026728911587,Coheed and Cambria,The Light & The Glass,rock,127.61641816113236,Jodeci,It's Alright,jazz,121.05332805139618,Telepopmusik,Dance Me,electronic,0.25790443152876424,John Foxx,Plaza,electronic,0.2529268075084977,Liza Minnelli,All That Jazz,jazz,0.23473781784625747,Coheed and Cambria,The Light & The Glass,rock,0.29372028976112613,Liza Minnelli,All That Jazz,jazz,0.293704809628184,John Foxx,Plaza,electronic,0.28295373773489557
TRZGXNM128F1451ADF,SOGGUIK12A6D4F5F5B,ARHTAPO1187FB5AADE,Iron Maiden,Lord Of The Flies (Live In Dortmund),metal,Lauryn Hill,Interlude 5,r&b/soul,2778.0,Beastie Boys,B-Boy Bouillabaisse: A.W.O.L. (2009 Digital Remaster),hip hop,2016.0,Ja Rule,One of Us,hip hop,1833.0,Lauryn Hill,Interlude 5,r&b/soul,3.0654000000000003,Beastie Boys,B-Boy Bouillabaisse: A.W.O.L. (2009 Digital Remaster),hip hop,2.1795515624999986,Ja Rule,One of Us,hip hop,2.045109375,The Starting Line,Photography,punk,0.6413408846177105,Pigeon John,Growin' Old,hip hop,0.6270552968291555,Pretty Maids,Perfect Stranger,metal,0.6115632869142221,The Starting Line,Photography,punk,0.649652866201779,Pigeon John,Growin' Old,hip hop,0.6422040191894371,Pretty Maids,Perfect Stranger,metal,0.6240552973474305,Lauryn Hill,Oh Jerusalem,r&b/soul,184.96323021155507,Lauryn Hill,Interlude 5,r&b/soul,180.36894634035303,Recoil,Curse,electronic,174.37419271225895,Lauryn Hill,Oh Jerusalem,r&b/soul,130.9157484797658,Recoil,Curse,electronic,105.87600419728636,Will.I.Am,She's A Star,hip hop,98.53404730313909,Old Man's Child,Soul Possessed,metal,0.3386331886030176,Celtic Woman,May It Be,electronic,0.3203258643373343,Robert Wyatt,Red Flag,rock,0.27143007741493574,Old Man's Child,Soul Possessed,metal,0.36914159705691024,Celtic Woman,May It Be,electronic,0.35231044989486826,Lauryn Hill,Oh Jerusalem,r&b/soul,0.3278260054008905
TROGUOT128F147F39A,SOPFDRI12A6D4F83F4,ARHTAPO1187FB5AADE,Iron Maiden,Phantom Of The Opera (Live) (1998 Digital Remaster),metal,Lauryn Hill,Interlude 5,r&b/soul,4990.0,Twista,I'm A Winner (Amended Album Version),hip hop,3658.0,Eminem,My Darling,hip hop,3483.0,Lauryn Hill,Interlude 5,r&b/soul,5.860299999999998,Twista,I'm A Winner (Amended Album Version),hip hop,4.3259875,Eminem,My Darling,hip hop,4.12286875,HELLYEAH,Nausea,metal,0.8406231946758728,Harry Belafonte,Angelina,latin,0.8371306691765746,Delta Goodrem,Predictable,pop,0.834887871450071,HELLYEAH,Nausea,metal,0.8467369926646121,Harry Belafonte,Angelina,latin,0.8429679722119156,Delta Goodrem,Predictable,pop,0.840067919980346,Onyx,Slam,hip hop,164.34312529882513,Onyx,Slam Harder,hip hop,164.34312529882513,Beastie Boys,B-Boy Bouillabaisse: A.W.O.L. (2009 Digital Remaster),hip hop,152.80133927425098,Onyx,Slam,hip hop,118.64323306336289,Onyx,Slam Harder,hip hop,118.64323306336289,Marilyn Monroe,Do It Again,jazz,81.1543509948067,Bunny Wailer,Walk The Proud Land,reggae,0.27928829792502297,Bettye Swann,Don't Look Back,r&b/soul,0.27829825544971065,Hayseed Dixie,Runnin' With The Devil,country,0.27649297721621924,Bettye Swann,Don't Look Back,r&b/soul,0.33014215062054875,Onyx,Slam,hip hop,0.3265765429751828,Onyx,Slam Harder,hip hop,0.3265765429751828
TRJYSJS128EF356B75,SOTFXJB12A58A7692B,ARQATWU1187B98EE26,Ill Niño,Re-Birth,metal,Lauryn Hill,Interlude 5,r&b/soul,9791.0,Twista,I'm A Winner (Amended Album Version),hip hop,8922.0,Five,That's What You Told Me,pop,7795.0,Lauryn Hill,Interlude 5,r&b/soul,11.461349999999998,Twista,I'm A Winner (Amended Album Version),hip hop,10.64444375,Five,That's What You Told Me,pop,9.4458875,Sean Lennon,Into The Sun,jazz,0.8338938474189705,The Berzerker,All About You,metal,0.741661788220496,Avant,Out of Character,blues,0.7410632597529279,Sean Lennon,Into The Sun,jazz,0.8377308272040479,Avant,Out of Character,blues,0.7489598668381433,The Berzerker,All About You,metal,0.748672022688164,Lauryn Hill,Interlude 5,r&b/soul,282.301772237736,Beastie Boys,B-Boy Bouillabaisse: A.W.O.L. (2009 Digital Remaster),hip hop,228.03162946677256,Savatage,The Hourglass,metal,223.502575169322,Lauryn Hill,Interlude 5,r&b/soul,136.39870269782745,N-Dubz,Shoulda Put Something On,hip hop,134.0015274782899,Aceyalone,Mr. Outsider,hip hop,133.64115083524206,Sean Lennon,Into The Sun,jazz,0.38156087596094374,No Use For A Name,Undefeated,punk,0.3236209511749217,Nine Inch Nails,Burn,rock,0.29192792038610665,Sean Lennon,Into The Sun,jazz,0.41708425745718264,No Use For A Name,Undefeated,punk,0.3669224453377999,Nine Inch Nails,Burn,rock,0.33302440344908957
TRSUANW128F930BD52,SOHWQLM12AB017E46B,ARDZQ7Z1187B99711A,Kamelot,This Pain,metal,Lauryn Hill,Interlude 5,r&b/soul,2009.0,Beastie Boys,B-Boy Bouillabaisse: A.W.O.L. (2009 Digital Remaster),hip hop,1722.0,Eminem,8 Mile,hip hop,1405.0,Lauryn Hill,Interlude 5,r&b/soul,2.2007500000000007,Beastie Boys,B-Boy Bouillabaisse: A.W.O.L. (2009 Digital Remaster),hip hop,1.8928359375000008,Eminem,8 Mile,hip hop,1.560289062500001,Organized Konfusion,Releasing Hypnotical Gases,hip hop,0.57509331716046,Bob Dylan,Ballad In Plain D,folk,0.5724776268885802,Less Than Jake,Abandon Ship,reggae,0.565986894667646,Organized Konfusion,Releasing Hypnotical Gases,hip hop,0.5980200053758546,Bob Dylan,Ballad In Plain D,folk,0.5941583075925528,Less Than Jake,Abandon Ship,reggae,0.586963426420464,Lauryn Hill,Interlude 5,r&b/soul,159.08222087003668,Twista,Overdose (Album Version),hip hop,155.6368962494781,Twiztid,She Ain't Afraid,hip hop,146.3413619200654,Floetry,Blessed 2 Have,r&b/soul,97.52515030271823,Twiztid,She Ain't Afraid,hip hop,85.98458499340454,Twista,Overdose (Album Version),hip hop,81.95836468437392,Mansun,Witness To A Murder (Part 2),classical,0.2760942946610162,Willie Dixon,Pain in My Heart,blues,0.24004179215776536,Floetry,Blessed 2 Have,r&b/soul,0.2314952167697247,Mansun,Witness To A Murder (Part 2),classical,0.30814267276626717,Floetry,Blessed 2 Have,r&b/soul,0.27563617547052616,Willie Dixon,Pain in My Heart,blues,0.2725067821029019
TRRIRCF128F426A606,SOFRVOH12A8C132F50,ARXPPEY1187FB51DF4,Michael Jackson,You Are Not Alone,pop,Lauryn Hill,Interlude 5,r&b/soul,8798.0,Twista,I'm A Winner (Amended Album Version),hip hop,7672.0,Eminem,My Darling,hip hop,7036.0,Lauryn Hill,Interlude 5,r&b/soul,10.220100000000002,Twista,I'm A Winner (Amended Album Version),hip hop,9.08194375,Eminem,My Darling,hip hop,8.319159375,New Found Glory,Dressed To Kill,punk,0.781152519924613,Royksopp,You Don't Have A Clue,electronic,0.7752268528358796,G4,To Where You Are,classical,0.7668680646454319,New Found Glory,Dressed To Kill,punk,0.7874136640838154,Royksopp,You Don't Have A Clue,electronic,0.7824166637149198,G4,To Where You Are,classical,0.7746958016316867,Lauryn Hill,Interlude 5,r&b/soul,236.0821340887522,Nivea,So Far,r&b/soul,221.13312001221854,Savatage,The Hourglass,metal,211.71634913284694,Nivea,So Far,r&b/soul,169.1849159365545,The Cure,Apart,punk,136.66072135643734,Girls Aloud,Stay Another Day,pop,128.0086327990826,Girls Aloud,Stay Another Day,pop,0.31356722783726704,Nivea,So Far,r&b/soul,0.29105978396027943,Frank Sinatra,From Here To Eternity,jazz,0.2909903305638622,Girls Aloud,Stay Another Day,pop,0.35853801173222255,Nivea,So Far,r&b/soul,0.3490263547398053,Frank Sinatra,From Here To Eternity,jazz,0.32780263156084344
TREUPHA128F4278F34,SOTLPVB12CF5CFD7F3,ARXPPEY1187FB51DF4,Michael Jackson,Baby Be Mine,pop,Lauryn Hill,Interlude 5,r&b/soul,7579.0,Twista,I'm A Winner (Amended Album Version),hip hop,6234.0,Beastie Boys,B-Boy Bouillabaisse: A.W.O.L. (2009 Digital Remaster),hip hop,5254.0,Lauryn Hill,Interlude 5,r&b/soul,8.705549999999999,Twista,I'm A Winner (Amended Album Version),hip hop,7.290456249999997,Erykah Badu,I Want You,r&b/soul,6.112665625000004,Kelly Clarkson,Anytime,pop,0.760508273401269,Alice Smith,Dream,r&b/soul,0.7570053656774929,Fat Joe,Preacher On A Sunday Morning,hip hop,0.7260830175609773,Kelly Clarkson,Anytime,pop,0.7709399009187753,Alice Smith,Dream,r&b/soul,0.7679262438085412,Fat Joe,Preacher On A Sunday Morning,hip hop,0.7391723196073088,Ryan Leslie,Just Right,r&b/soul,217.66494315247542,Beastie Boys,B-Boy Bouillabaisse: A.W.O.L. (2009 Digital Remaster),hip hop,210.8650615884546,Lauryn Hill,Interlude 5,r&b/soul,210.0699745537494,Ryan Leslie,Just Right,r&b/soul,162.40739064883746,Shai,Waiting For The Day,r&b/soul,140.3293749210509,East 17,Hey Child,pop,139.66983954593348,OTT,Be My Girl,electronic,0.38845956297932666,Kelly Clarkson,Anytime,pop,0.33219116248230346,Chanté Moore,Give Me Time,r&b/soul,0.332025205606916,OTT,Be My Girl,electronic,0.42722739760020484,Kelly Clarkson,Anytime,pop,0.38993338871865313,Chanté Moore,Give Me Time,r&b/soul,0.38086206160528485
TRQAWKR128F425EEC3,SOFHEBR12CF5F892C7,ARXPPEY1187FB51DF4,Michael Jackson,Man In The Mirror,pop,Lauryn Hill,Interlude 5,r&b/soul,22971.0,Twista,I'm A Winner (Amended Album Version),hip hop,19432.0,Beastie Boys,B-Boy Bouillabaisse: A.W.O.L. (2009 Digital Remaster),hip hop,15159.0,Lauryn Hill,Interlude 5,r&b/soul,25.81115,Twista,I'm A Winner (Amended Album Version),hip hop,22.39305625,Beastie Boys,B-Boy Bouillabaisse: A.W.O.L. (2009 Digital Remaster),hip hop,16.521371874999993,Petey Pablo,Show Me The Money,hip hop,0.5718009748687524,Bow Wow,Sunshine,hip hop,0.5643738229200922,Lucy Pearl,LaLa,r&b/soul,0.5411750827220264,Petey Pablo,Show Me The Money,hip hop,0.5897635004021178,Bow Wow,Sunshine,hip hop,0.5880589018332385,Souls Of Mischief,One,hip hop,0.5623304492220924,Lauryn Hill,Interlude 5,r&b/soul,586.4028698272316,Nelly,Say Now,hip hop,537.6366216256879,Black Eyed Peas,A8,hip hop,522.7680003150881,Nelly,Say Now,hip hop,383.6744810734951,Fun Lovin' Criminals,Blues For Suckers,blues,381.9303327173549,Tiziano Ferro,Universal Prayer,pop,373.0513244411674,Sentidos Opuestos,Oh Na Na Na,latin,0.37432745489687513,Kayah,Dla Niego,pop,0.3684153678989006,Tiziano Ferro,Universal Prayer,pop,0.3406190741126029,Tiziano Ferro,Universal Prayer,pop,0.3976972179083156,Black Eyed Peas,A8,hip hop,0.39111294505352134,Fun Lovin' Criminals,Blues For Suckers,blues,0.3851028698729677
TRCYAYD128F92F3758,SODIHGW12CF5F88001,ARXPPEY1187FB51DF4,Michael Jackson,Why You Wanna Trip On Me,pop,Lauryn Hill,Interlude 5,r&b/soul,4979.0,Danity Kane,Hold Me Down (Album Version),r&b/soul,4785.0,Five,That's What You Told Me,pop,4464.0,Danity Kane,Hold Me Down (Album Version),r&b/soul,5.73189375,Lauryn Hill,Interlude 5,r&b/soul,5.685550000000001,Five,That's What You Told Me,pop,5.3737875,Thomas Dybdahl,U,pop,0.6201604165101658,Bessie Smith,Thinking Blues,blues,0.5978789187092515,George Ducas,Shame On Me,country,0.5962427569999813,Thomas Dybdahl,U,pop,0.6283285693322629,Bessie Smith,Thinking Blues,blues,0.6096649878630613,George Ducas,Shame On Me,country,0.604518605708452,Lauryn Hill,Interlude 5,r&b/soul,291.92437342670723,Michael Jackson,Man In The Mirror,pop,208.28029957800504,Beastie Boys,B-Boy Bouillabaisse: A.W.O.L. (2009 Digital Remaster),hip hop,190.831265639159,Lauryn Hill,Interlude 5,r&b/soul,179.44340242645987,Michael Jackson,Man In The Mirror,pop,151.7431969763654,Billy Paul,Your Song,r&b/soul,135.09988594165011,Hooverphonic,Everytime We Live Together We Die A Bit More,electronic,0.34330406890450066,Keith Sweat,Give Me What I Want (LP Version),r&b/soul,0.3073856828907186,The Living End,What's On Your Radio?,punk,0.28438979132298114,Hooverphonic,Everytime We Live Together We Die A Bit More,electronic,0.36902160247479016,Keith Sweat,Give Me What I Want (LP Version),r&b/soul,0.34993549415721364,Spice Girls,Ain't No Stopping Us Now,r&b/soul,0.3309045640789887
TRGJXNX128F92F8757,SOEURRQ12D02194749,ARORMBJ1241B9CDB1A,Ke$ha,TiK ToK,pop,Lauryn Hill,Interlude 5,r&b/soul,4104.0,Beastie Boys,B-Boy Bouillabaisse: A.W.O.L. (2009 Digital Remaster),hip hop,4058.0,Twista,I'm A Winner (Amended Album Version),hip hop,3618.0,Beastie Boys,B-Boy Bouillabaisse: A.W.O.L. (2009 Digital Remaster),hip hop,4.453153125000001,Lauryn Hill,Interlude 5,r&b/soul,4.3894,Twista,I'm A Winner (Amended Album Version),hip hop,4.03849375,Mobb Deep,Trife Life,hip hop,0.6667075262446361,Spice Girls,Ain't No Stopping Us Now,r&b/soul,0.6613966525856607,Warren G,We Brings Heat,hip hop,0.6211762592265196,Mobb Deep,Trife Life,hip hop,0.6893796234755959,Spice Girls,Ain't No Stopping Us Now,r&b/soul,0.6782559135932518,Warren G,We Brings Heat,hip hop,0.6453767728066259,Lauryn Hill,Interlude 5,r&b/soul,326.0882799246247,Beastie Boys,B-Boy Bouillabaisse: A.W.O.L. (2009 Digital Remaster),hip hop,311.4759360375377,Twista,I'm A Winner (Amended Album Version),hip hop,263.1729813549695,Afroman,Let's All Get Drunk,hip hop,187.77250273990228,Twista,I'm A Winner (Amended Album Version),hip hop,186.334162883823,Vanilla Ice,It's A Party,hip hop,183.58644887937788,Banaroo,Ringa Ding Ding,electronic,0.3334327194407329,Radio 4,Party Crashers,rock,0.28800004416528435,Vanilla Ice,It's A Party,hip hop,0.284227546117612,Banaroo,Ringa Ding Ding,electronic,0.3709317948022522,Vanilla Ice,It's A Party,hip hop,0.3551921773243003,Afroman,Let's All Get Drunk,hip hop,0.33929126279975363
TRNQDAJ128F92F4AE0,SOQDMKM12A58A7A9B2,ARF5M7Q1187FB501E8,Maroon 5,Nothing Lasts Forever,pop,Lauryn Hill,Interlude 5,r&b/soul,5698.0,Twista,I'm A Winner (Amended Album Version),hip hop,4709.0,Nelly,Splurge,hip hop,4008.0,Lauryn Hill,Interlude 5,r&b/soul,6.3934000000000015,Twista,I'm A Winner (Amended Album Version),hip hop,5.409759375000001,Erykah Badu,I Want You,r&b/soul,4.742035937499999,Useless I.D.,It's Alright,punk,0.697785477843495,Angela Bofill,I Try,r&b/soul,0.6288350588610049,Nelly,Splurge,hip hop,0.6256400206416635,Useless I.D.,It's Alright,punk,0.7116653289954948,Lou Reed,So Alone,rock,0.6444344381904505,Nelly,Splurge,hip hop,0.6425857531241738,Lauryn Hill,Interlude 5,r&b/soul,290.7282049674188,Beastie Boys,B-Boy Bouillabaisse: A.W.O.L. (2009 Digital Remaster),hip hop,285.7694297828769,Babyface,I Love You Babe,r&b/soul,280.63128020345965,Babyface,I Love You Babe,r&b/soul,242.28222670712208,The Jacksons,The Hurt,pop,177.33535393229033,Mayday Parade,I'd Hate To Be You When People Find Out What This Song Is About (Album),rock,154.60062091410447,Babyface,I Love You Babe,r&b/soul,0.4394775372172621,The Jacksons,The Hurt,pop,0.3182583738090091,Mayday Parade,I'd Hate To Be You When People Find Out What This Song Is About (Album),rock,0.3001133102276453,Babyface,I Love You Babe,r&b/soul,0.4735824504050201,The Jacksons,The Hurt,pop,0.37053606731081506,Mayday Parade,I'd Hate To Be You When People Find Out What This Song Is About (Album),rock,0.35355511031013254
TRHKYKI128E07921BC,SOPOYAC12D021B2BE2,ARDCFNZ1187FB3DDB0,Enrique Iglesias,Roamer,pop,Beastie Boys,B-Boy Bouillabaisse: A.W.O.L. (2009 Digital Remaster),hip hop,5514.0,Eminem,8 Mile,hip hop,4976.0,Lauryn Hill,Interlude 5,r&b/soul,4622.0,Beastie Boys,B-Boy Bouillabaisse: A.W.O.L. (2009 Digital Remaster),hip hop,6.328932812499995,Eminem,8 Mile,hip hop,5.794692187499999,Rufio,Over It (Acoustic),punk,5.249051562499997,Us3,It's Like That,jazz,0.7552979748719161,Eminem,8 Mile,hip hop,0.7517455508574997,Dead Prez,Fucked Up,hip hop,0.7362588804630846,Us3,It's Like That,jazz,0.7666848213591823,Eminem,8 Mile,hip hop,0.7642215266355509,Dead Prez,Fucked Up,hip hop,0.7497658843732983,Beastie Boys,B-Boy Bouillabaisse: A.W.O.L. (2009 Digital Remaster),hip hop,312.51579873589634,Eminem,8 Mile,hip hop,283.36993896432426,Murs,The Dance,hip hop,228.44070868325028,Eminem,8 Mile,hip hop,166.8524407263185,Beastie Boys,B-Boy Bouillabaisse: A.W.O.L. (2009 Digital Remaster),hip hop,165.1013227208806,Daft Punk,Touch It / Technologic,electronic,145.86101534376618,Martina Topley Bird,I Still Feel,electronic,0.2743035284306598,JET,Let Me Out,rock,0.26668143726146887,LMFAO,I Am Not A Whore,electronic,0.24796917361065104,JET,Let Me Out,rock,0.32373048877672156,Martina Topley Bird,I Still Feel,electronic,0.31858968791184,Beastie Boys,B-Boy Bouillabaisse: A.W.O.L. (2009 Digital Remaster),hip hop,0.3172659381135096
TRTJYFF128F9340CA9,SOYXNXN12A8C131F3D,ARML3X41187FB35F2E,Jason Mraz,Live High (Album Version),pop,Lauryn Hill,Interlude 5,r&b/soul,2496.0,Daft Punk,Touch It / Technologic,electronic,2054.0,Vanilla Ice,Ice Is Workin' It,hip hop,2044.0,Lauryn Hill,Interlude 5,r&b/soul,2.6255,Daft Punk,Touch It / Technologic,electronic,2.3723203125000007,Vanilla Ice,Ice Is Workin' It,hip hop,2.3211875,Blackstreet,Black & White,hip hop,0.5000502692115286,Jolie Holland,Mexico City,folk,0.4874932228678035,The Brian Setzer Orchestra,Let's Live It Up,jazz,0.4602619194631006,Blackstreet,Black & White,hip hop,0.5247903083791047,Jolie Holland,Mexico City,folk,0.5052363035421391,Jamiroquai,Virtual Insanity,r&b/soul,0.4831657252356816,Beastie Boys,B-Boy Bouillabaisse: A.W.O.L. (2009 Digital Remaster),hip hop,264.51452010204804,Lauryn Hill,Interlude 5,r&b/soul,211.2011372543125,Prince,I Love U In Me ( LP Version),r&b/soul,193.18333756556996,Kelly Price,Someday,blues,130.31402190272047,The Corrs,Queen Of Hollywood ( LP Version ),pop,126.23996559374842,Beastie Boys,B-Boy Bouillabaisse: A.W.O.L. (2009 Digital Remaster),hip hop,118.30705404010037,Boyz II Men,Easy,r&b/soul,0.3354873265770606,Felt,Penelope Tree,pop,0.31847581052428053,Billie Holiday,Easy Living,jazz,0.2904942845269726,Boyz II Men,Easy,r&b/soul,0.3691830397530088,Felt,Penelope Tree,pop,0.35821554384206594,Billie Holiday,Easy Living,jazz,0.326109985776538
TRMBGMX128F92FD769,SOREOCT12AB0184E18,ARKSZW81187B9B695D,Mariah Carey,Did I Do That?,pop,Lauryn Hill,Interlude 5,r&b/soul,12494.0,Twista,I'm A Winner (Amended Album Version),hip hop,9967.0,Eminem,My Darling,hip hop,8848.0,Lauryn Hill,Interlude 5,r&b/soul,14.5112,Twista,I'm A Winner (Amended Album Version),hip hop,11.735746875,Erykah Badu,I Want You,r&b/soul,10.598404687499997,Charlie Wilson,What You Do To Me,r&b/soul,0.7990768675616643,Brand New Heavies_ The,"You Are The Universe (Roger's Universal 7"" Edit)",jazz,0.7631379539420362,A Tribe Called Quest,The Hop,hip hop,0.7616972696340046,Charlie Wilson,What You Do To Me,r&b/soul,0.8054571054467728,A Tribe Called Quest,The Hop,hip hop,0.770880030994126,Kevin Devine,It's Only Your Life,folk,0.769442004214009,Lauryn Hill,Interlude 5,r&b/soul,384.2404164749253,Beastie Boys,B-Boy Bouillabaisse: A.W.O.L. (2009 Digital Remaster),hip hop,332.80538277238173,Eric B. & Rakim,What's On Your Mind,hip hop,267.73812417355407,Lauryn Hill,Interlude 5,r&b/soul,192.12049070768904,Simply Red,So Not Over You,pop,168.92770209488916,Eric B. & Rakim,What's On Your Mind,hip hop,162.72054798054342,Simply Red,So Not Over You,pop,0.2616185582486056,Joss Stone,Killing Time,r&b/soul,0.2557027314525631,Grace Jones,Use Me,pop,0.24521762593190483,Simply Red,So Not Over You,pop,0.3290830501229229,Clipse,Freedom,hip hop,0.32029201683304975,Eric B. & Rakim,What's On Your Mind,hip hop,0.31679949350897774
TRWMZQL128F9306DCB,SOQWWOQ12AAF3B22EA,ARKSZW81187B9B695D,Mariah Carey,I'll Be There,pop,Lauryn Hill,Interlude 5,r&b/soul,7134.0,Twista,I'm A Winner (Amended Album Version),hip hop,6537.0,Beastie Boys,B-Boy Bouillabaisse: A.W.O.L. (2009 Digital Remaster),hip hop,6522.0,Lauryn Hill,Interlude 5,r&b/soul,8.243599999999994,Twista,I'm A Winner (Amended Album Version),hip hop,7.7308343750000015,Erykah Badu,I Want You,r&b/soul,7.592323437500006,RyanDan,I'll Be There,classical,0.9570638510280632,Ben Harper And The Blind Boys Of Alabama,There Will Be A Light,blues,0.7905674614617465,The Dells,It's All Up To You,r&b/soul,0.7835298542592528,RyanDan,I'll Be There,classical,0.9577936708564238,Ben Harper And The Blind Boys Of Alabama,There Will Be A Light,blues,0.793572943575263,The Dells,It's All Up To You,r&b/soul,0.7879539273141432,RyanDan,I'll Be There,classical,227.4410968358083,Beastie Boys,B-Boy Bouillabaisse: A.W.O.L. (2009 Digital Remaster),hip hop,184.56002881181226,Lauryn Hill,Interlude 5,r&b/soul,155.66880155530615,RyanDan,I'll Be There,classical,210.77390702568277,Tree63,All Over The World,rock,93.20406992171614,Machinemade God,With You,metal,92.38061158311146,RyanDan,I'll Be There,classical,0.8812693548871113,The Brand New Heavies,Worlds Keep Spinning,jazz,0.31588906690369295,Phil Collins,You'll Be In My Heart,pop,0.28820491194751774,RyanDan,I'll Be There,classical,0.8889923564633929,The Brand New Heavies,Worlds Keep Spinning,jazz,0.36568061416960296,Phil Collins,You'll Be In My Heart,pop,0.34123765228973024
TRRIZDV128F92C1F17,SOBQRXD12A8C13FB26,ARBAW9R1187B98FB6B,Natasha Bedingfield,I Think They're Thinking - Interlude,pop,Beastie Boys,B-Boy Bouillabaisse: A.W.O.L. (2009 Digital Remaster),hip hop,1039.0,Lauryn Hill,Interlude 5,r&b/soul,1025.0,Nelly,Splurge,hip hop,989.0,Beastie Boys,B-Boy Bouillabaisse: A.W.O.L. (2009 Digital Remaster),hip hop,1.1737265624999995,Nelly,Splurge,hip hop,1.1618046875000003,Mario Vazquez,Everytime I...,r&b/soul,1.1342968750000002,The Bastard Fairies,Guns And Dolls,rock,0.5694845570718626,Whitney Houston,Thinking About You,pop,0.5649859531015324,Cherish,Oooh,r&b/soul,0.5641155363161796,The Bastard Fairies,Guns And Dolls,rock,0.5804846047689669,Whitney Houston,Thinking About You,pop,0.5771466951321084,Cherish,Oooh,r&b/soul,0.575380998347272,Lauryn Hill,Interlude 5,r&b/soul,92.28922178177795,Hollywood Undead,Undead,hip hop,75.1135278345527,Beastie Boys,B-Boy Bouillabaisse: A.W.O.L. (2009 Digital Remaster),hip hop,66.63703643901408,Cibelle,Hate,electronic,56.94756579453488,Hollywood Undead,Undead,hip hop,54.83755155092627,Lauryn Hill,Interlude 5,r&b/soul,54.766337994663274,Reel Big Fish,Your Guts (I Hate 'em) (Live),reggae,0.3552737620793807,Cibelle,Hate,electronic,0.3168304740602596,Bouncing Souls,Better Life,punk,0.30355448058440465,Reel Big Fish,Your Guts (I Hate 'em) (Live),reggae,0.37406099057822473,Cibelle,Hate,electronic,0.3390351945020721,Bouncing Souls,Better Life,punk,0.33076759808192313
TREXAZN128F425A825,SOUPUNL12A8AE48502,ARBAW9R1187B98FB6B,Natasha Bedingfield,Silent Movie,pop,Lauryn Hill,Interlude 5,r&b/soul,4849.0,Twista,I'm A Winner (Amended Album Version),hip hop,3575.0,Danity Kane,Hold Me Down (Album Version),r&b/soul,3340.0,Lauryn Hill,Interlude 5,r&b/soul,5.548349999999999,Twista,I'm A Winner (Amended Album Version),hip hop,4.133553124999999,Danity Kane,Hold Me Down (Album Version),r&b/soul,3.937365625,Ricky Nelson,Mighty Good,rock,0.7080947715811035,Delta Goodrem,Predictable,pop,0.697858613413979,Royksopp,You Don't Have A Clue,electronic,0.6955586950005646,Ricky Nelson,Mighty Good,rock,0.7196103777143457,Delta Goodrem,Predictable,pop,0.7081814897881549,Royksopp,You Don't Have A Clue,electronic,0.7073473561605901,Lauryn Hill,Interlude 5,r&b/soul,251.65677526475625,Beastie Boys,B-Boy Bouillabaisse: A.W.O.L. (2009 Digital Remaster),hip hop,244.68023441418583,Pain of Salvation,Spitfall,metal,179.16431977103667,Lauryn Hill,Interlude 5,r&b/soul,118.31273471378091,Beastie Boys,B-Boy Bouillabaisse: A.W.O.L. (2009 Digital Remaster),hip hop,108.7676589154731,Pain of Salvation,Spitfall,metal,102.54569734967772,Beverley Craven,Phoenix From The Fire,folk,0.24461125370120276,The Jacksons,Enjoy Yourself,r&b/soul,0.24392556475935184,Depeche Mode,Freestate,electronic,0.24026443459033456,Beverley Craven,Phoenix From The Fire,folk,0.2922322338217691,The Jacksons,Enjoy Yourself,r&b/soul,0.2880005822400353,Depeche Mode,Freestate,electronic,0.28006371840573757
TRFYGMB128F425A7A2,SOXDIRH12A8AE45FD5,ARBAW9R1187B98FB6B,Natasha Bedingfield,Stumble,pop,Lauryn Hill,Interlude 5,r&b/soul,8293.0,Twista,I'm A Winner (Amended Album Version),hip hop,7445.0,Erykah Badu,I Want You,r&b/soul,6090.0,Lauryn Hill,Interlude 5,r&b/soul,9.70615,Twista,I'm A Winner (Amended Album Version),hip hop,8.874853125,Erykah Badu,I Want You,r&b/soul,7.369895312499995,Chris Brown,Ain't No Way (You Won't Love Me),r&b/soul,0.8264005546707683,Clawfinger,Revenge,metal,0.8228813036135691,Anastacia,Club Megamix,rock,0.8178670161623086,Chris Brown,Ain't No Way (You Won't Love Me),r&b/soul,0.8328130724606821,Clawfinger,Revenge,metal,0.829075976700141,Anastacia,Club Megamix,rock,0.825193747963769,Lauryn Hill,Interlude 5,r&b/soul,262.76159203292053,Beastie Boys,B-Boy Bouillabaisse: A.W.O.L. (2009 Digital Remaster),hip hop,240.79425961156167,Hollywood Undead,Undead,hip hop,187.86944864756586,Lauryn Hill,Interlude 5,r&b/soul,115.82772588886893,Heather Headley,What's Not Being Said,r&b/soul,109.62038518079088,Anastacia,Club Megamix,rock,108.84456044926307,Matt Nathanson,More Than This,folk,0.3148707496578875,Heather Headley,What's Not Being Said,r&b/soul,0.29416630476734285,Westlife,More Than Words,pop,0.2691674911186244,Matt Nathanson,More Than This,folk,0.3631800643306515,Heather Headley,What's Not Being Said,r&b/soul,0.35912609664337386,Westlife,More Than Words,pop,0.32471797564134225
TRSRDVR128F92E6CF4,SOIXPFM12AF72A3189,ARDCFNZ1187FB3DDB0,Enrique Iglesias,Heroe,pop,Twista,I'm A Winner (Amended Album Version),hip hop,5891.0,Lauryn Hill,Interlude 5,r&b/soul,5886.0,Erykah Badu,I Want You,r&b/soul,4997.0,Twista,I'm A Winner (Amended Album Version),hip hop,7.021037500000001,Lauryn Hill,Interlude 5,r&b/soul,6.833099999999999,Erykah Badu,I Want You,r&b/soul,6.053518750000006,Enrique Iglesias,Little Girl,pop,0.995411018780812,Hello Saferide,Get Sick Soon,folk,0.7844123410835847,Level 42,To Be With You Again,pop,0.7607457760687074,Enrique Iglesias,Little Girl,pop,0.995545595126538,Hello Saferide,Get Sick Soon,folk,0.7907233705356336,Level 42,To Be With You Again,pop,0.7681179384037037,Enrique Iglesias,Little Girl,pop,345.4986089214001,Ja Rule,One of Us,hip hop,188.1717659728721,Afroman,Let's All Get Drunk,hip hop,180.33718681938385,Enrique Iglesias,Little Girl,pop,323.9743686185849,Louise,One Kiss From Heaven,r&b/soul,135.24212808377678,Afroman,Let's All Get Drunk,hip hop,131.91202055400842,Enrique Iglesias,Little Girl,pop,0.9815848095634861,The Hurt Process,Tuesday,punk,0.34706367176902486,Blackstreet,Billie Jean,r&b/soul,0.32956571664008055,Enrique Iglesias,Little Girl,pop,0.982708390257736,The Hurt Process,Tuesday,punk,0.3785461238414817,Blackstreet,Billie Jean,r&b/soul,0.37660005817739856
TRNHATG128F428BC8A,SOVSGRO12A8C138859,ARDCFNZ1187FB3DDB0,Enrique Iglesias,Little Girl,pop,Twista,I'm A Winner (Amended Album Version),hip hop,5753.0,Lauryn Hill,Interlude 5,r&b/soul,5725.0,Erykah Badu,I Want You,r&b/soul,4868.0,Twista,I'm A Winner (Amended Album Version),hip hop,6.860562500000001,Lauryn Hill,Interlude 5,r&b/soul,6.650249999999997,Erykah Badu,I Want You,r&b/soul,5.899031249999998,Enrique Iglesias,Heroe,pop,0.995411018780812,Hello Saferide,Get Sick Soon,folk,0.7799721965660339,Level 42,To Be With You Again,pop,0.7645189525473043,Enrique Iglesias,Heroe,pop,0.995545595126538,Hello Saferide,Get Sick Soon,folk,0.7863453831346229,Level 42,To Be With You Again,pop,0.7716834565632026,Enrique Iglesias,Heroe,pop,345.4986089214001,Ja Rule,One of Us,hip hop,176.463277812762,Afroman,Let's All Get Drunk,hip hop,160.93889041230688,Enrique Iglesias,Heroe,pop,323.9743686185849,Louise,One Kiss From Heaven,r&b/soul,128.15453110749135,Blackstreet,Billie Jean,r&b/soul,116.38381389416125,Enrique Iglesias,Heroe,pop,0.9815848095634861,The Hurt Process,Tuesday,punk,0.33767484500985845,Dottie West,Forever Yours,country,0.32438372545410143,Enrique Iglesias,Heroe,pop,0.982708390257736,The Hurt Process,Tuesday,punk,0.36932644599745096,Louise,One Kiss From Heaven,r&b/soul,0.3556681330770263
TREMCSO128F4215877,SOSVMLR12A6D4F7921,ARDCFNZ1187FB3DDB0,Enrique Iglesias,Ruleta Rusa,pop,Violadores del Verso,Dale tiempo al rumor,hip hop,2382.0,Johnny Prez,Te Vuelvo Loca,reggae,2139.0,Tego Calderon,Al Natural (Amended Version),latin,2070.0,Violadores del Verso,Dale tiempo al rumor,hip hop,2.8428281250000014,Johnny Prez,Te Vuelvo Loca,reggae,2.588218750000002,Tego Calderon,Al Natural (Amended Version),latin,2.496125,Luis Miguel,La Media Vuelta,latin,0.7549448460135593,Karamelo Santo,Sacrificio,rock,0.7538834485062881,Johnny Prez,Entra,reggae,0.7437941526091736,Karamelo Santo,Sacrificio,rock,0.7600404918828338,Luis Miguel,La Media Vuelta,latin,0.7593498242919043,Johnny Prez,Entra,reggae,0.7500954419169308,Violadores del Verso,Cantando,hip hop,668.2403620902737,Violadores del Verso,Dale tiempo al rumor,hip hop,652.364670157776,Daddy Yankee,Todos Quieren A Raymond,reggae,626.8651315020192,Violadores del Verso,Cantando,hip hop,605.7215964432489,Violadores del Verso,Dale tiempo al rumor,hip hop,588.1939483669016,Daddy Yankee,Todos Quieren A Raymond,reggae,566.747281361085,Aventura,Obsesion (English Remix_ Album Version),latin,0.6492473709714476,Aventura,Mi Corazoncito,latin,0.6211635813632544,Maelo Ruiz,Me Lo Estas Poniendo Dificil,latin,0.6131033421750829,Aventura,Obsesion (English Remix_ Album Version),latin,0.6650959595759787,Aventura,Mi Corazoncito,latin,0.6365589165410267,Maelo Ruiz,Me Lo Estas Poniendo Dificil,latin,0.6293609698043179
TRMMVPU128F145EC99,SOTTMRS12A6D4F791C,ARDCFNZ1187FB3DDB0,Enrique Iglesias,Contigo,pop,Violadores del Verso,Dale tiempo al rumor,hip hop,3252.0,Tego Calderon,Al Natural (Amended Version),latin,2707.0,Violadores del Verso,Cantando,hip hop,2568.0,Violadores del Verso,Dale tiempo al rumor,hip hop,3.885173437500005,Tego Calderon,Al Natural (Amended Version),latin,3.2617374999999966,Violadores del Verso,Cantando,hip hop,3.051454687499998,Buena Vista Social Club,Candela,latin,0.7256498183406822,Ricardo Montaner,En el último lugar del mundo,latin,0.7186265787581521,Atahualpa Yupanqui,Milonga Del Solitario,folk,0.7133281137274488,Buena Vista Social Club,Candela,latin,0.731668371221979,Ricardo Montaner,En el último lugar del mundo,latin,0.724427634398472,Atahualpa Yupanqui,Milonga Del Solitario,folk,0.7207350918709684,Violadores del Verso,Dale tiempo al rumor,hip hop,801.0532314885154,Violadores del Verso,Cantando,hip hop,696.247600677674,Wilfrido Vargas,El Semáforo,latin,661.0349839281857,Violadores del Verso,Dale tiempo al rumor,hip hop,730.5372696133797,Violadores del Verso,Cantando,hip hop,627.5469413767972,Wilfrido Vargas,El Semáforo,latin,611.2714380621794,Joan Manuel Serrat,Mediterraneo,folk,0.6378337264794626,Carlos Vives,19 De Noviembre,latin,0.6176425344172699,Diego Torres,Sueños,latin,0.6174507933733083,Joan Manuel Serrat,Mediterraneo,folk,0.6527019231775576,Diego Torres,Sueños,latin,0.6322789205194143,Carlos Vives,19 De Noviembre,latin,0.6305642892280187
TRFKPYW128F92F21C5,SOJHZAT12D02198B73,AR6PJ8R1187FB5AD70,Shakira,Años Luz,pop,Violadores del Verso,Dale tiempo al rumor,hip hop,2295.0,Violadores del Verso,Cantando,hip hop,1947.0,Los Van Van,El Negro Está Cocinando,latin,1893.0,Violadores del Verso,Dale tiempo al rumor,hip hop,2.761012500000001,Violadores del Verso,Cantando,hip hop,2.338762500000001,Los Van Van,El Negro Está Cocinando,latin,2.3056875,Aventura,Obsesion (English Remix_ Album Version),latin,0.8448204165353094,Ana Gabriel,Clemencia,latin,0.8344049196672088,La 5A Estacion,Algo Mas,latin,0.8319353726922635,Aventura,Obsesion (English Remix_ Album Version),latin,0.8486064974777672,Ana Gabriel,Clemencia,latin,0.8379461754934256,La 5A Estacion,Algo Mas,latin,0.8350606568769703,Violadores del Verso,Cantando,hip hop,600.0081411446531,Violadores del Verso,Dale tiempo al rumor,hip hop,556.1888153416518,Daddy Yankee,Todos Quieren A Raymond,reggae,540.7533256044176,Violadores del Verso,Cantando,hip hop,548.3350656728205,Violadores del Verso,Dale tiempo al rumor,hip hop,503.15036335264404,Daddy Yankee,Todos Quieren A Raymond,reggae,491.06465732399084,Bebe,La Coqueta,latin,0.7355482395751155,Juan Carlos Baglietto,Mirta_ De Regreso,latin,0.6570140583664297,Victor Manuelle,Hazme Sentir,latin,0.6498149105725035,Bebe,La Coqueta,latin,0.7457744569371051,Juan Carlos Baglietto,Mirta_ De Regreso,latin,0.6710002956780482,Victor Manuelle,Hazme Sentir,latin,0.6634004364866096
TRCUKHR128F92DF656,SOCWCZN12A8C14388F,ARQ32IT1187FB589D3,Sara Bareilles,Love Song,pop,Lauryn Hill,Interlude 5,r&b/soul,9640.0,Twista,I'm A Winner (Amended Album Version),hip hop,9321.0,Eminem,My Darling,hip hop,7152.0,Lauryn Hill,Interlude 5,r&b/soul,11.175999999999998,Twista,I'm A Winner (Amended Album Version),hip hop,11.080062500000002,Erykah Badu,I Want You,r&b/soul,8.475031250000002,Chris Brown,Ain't No Way (You Won't Love Me),r&b/soul,0.810271533276963,Clawfinger,Revenge,metal,0.788533923192598,Jeff Timmons,Can't You See,pop,0.7850346120125853,Chris Brown,Ain't No Way (You Won't Love Me),r&b/soul,0.8174797111797105,Clawfinger,Revenge,metal,0.7961043133471438,Mutya Buena,Not Your Baby,pop,0.7920351793826961,Lauryn Hill,Interlude 5,r&b/soul,299.83593062219325,Beastie Boys,B-Boy Bouillabaisse: A.W.O.L. (2009 Digital Remaster),hip hop,277.09797888268736,Billy Paul,Your Song,r&b/soul,261.18239399971753,Billy Paul,Your Song,r&b/soul,181.6913513629089,Michael Jackson,Man In The Mirror,pop,146.58532571011378,Twista,I'm A Winner (Amended Album Version),hip hop,144.10570812208402,Hazel O'Connor,Calls The Tune,punk,0.2959129830634413,Joe Henry,I Will Write My Book,rock,0.2866394758870505,Van Morrison,Rolling Hills,blues,0.2752801977303923,Joe Henry,I Will Write My Book,rock,0.3374923163418847,Hazel O'Connor,Calls The Tune,punk,0.33637609622266434,Guttermouth,Vacation,punk,0.32575391381846586
TRDLWAP128F428F6B9,SORXKZB12AF72A1F72,AR0S7TA1187FB4D024,Christina Aguilera,Candyman,pop,Lauryn Hill,Interlude 5,r&b/soul,2374.0,Beastie Boys,B-Boy Bouillabaisse: A.W.O.L. (2009 Digital Remaster),hip hop,2114.0,Ja Rule,One of Us,hip hop,2024.0,Lauryn Hill,Interlude 5,r&b/soul,2.4707000000000003,Ja Rule,One of Us,hip hop,2.229625000000001,Beastie Boys,B-Boy Bouillabaisse: A.W.O.L. (2009 Digital Remaster),hip hop,2.2270375,Binary Star,Wolfman Jack,hip hop,0.631273266938976,Bellamy Brothers,Old Hippie,country,0.6214458595136184,Bad Religion,Automatic Man (Album Version),punk,0.6136401008442061,Binary Star,Wolfman Jack,hip hop,0.6556354648529685,Bellamy Brothers,Old Hippie,country,0.6376046190404733,Bad Religion,Automatic Man (Album Version),punk,0.6288748355708191,KMD,Plumskinzz (Loose Hoe_ God & Cupid),hip hop,315.4483153570558,The Chi-Lites,Have You Seen Her,r&b/soul,308.0908538494561,Beastie Boys,B-Boy Bouillabaisse: A.W.O.L. (2009 Digital Remaster),hip hop,286.800897452829,The Chi-Lites,Have You Seen Her,r&b/soul,250.82683700012007,KMD,Plumskinzz (Loose Hoe_ God & Cupid),hip hop,230.0481282406665,Aretha Franklin,Jump To It,r&b/soul,213.71809643767662,Zapp & Roger,Computer Love,r&b/soul,0.349354458824891,Aaron Neville,Such A Night,r&b/soul,0.32756370857250006,KMD,Plumskinzz (Loose Hoe_ God & Cupid),hip hop,0.32611560762003206,KMD,Plumskinzz (Loose Hoe_ God & Cupid),hip hop,0.3954802029205849,Zapp & Roger,Computer Love,r&b/soul,0.3807180389413625,Aaron Neville,Such A Night,r&b/soul,0.37792410514620334
TRPEWXU12903CE6EA2,SONLEKN12AC9618818,ARVOZXD12454A4CC66,Selena Gomez & The Scene,Tell Me Something I Don't Know,pop,Lauryn Hill,Interlude 5,r&b/soul,11672.0,R. Kelly,I Mean (I Don't Mean It),r&b/soul,10461.0,Beastie Boys,B-Boy Bouillabaisse: A.W.O.L. (2009 Digital Remaster),hip hop,9474.0,Lauryn Hill,Interlude 5,r&b/soul,13.506699999999991,R. Kelly,I Mean (I Don't Mean It),r&b/soul,12.6177609375,Nelly,Splurge,hip hop,11.176807812499998,Faithless,Salva Mea,electronic,0.7588440151627113,Willie Nelson,All Of Me,country,0.7425361450786615,Nancy Sinatra,Flowers On The Wall,pop,0.7086726376355739,Faithless,Salva Mea,electronic,0.7640494606995895,Willie Nelson,All Of Me,country,0.7486372291303719,Nancy Sinatra,Flowers On The Wall,pop,0.7159010857040885,Lauryn Hill,Interlude 5,r&b/soul,309.61597322077847,Eminem,8 Mile,hip hop,226.02549645459183,Alicia Keys,Tell You Something (Nana's Reprise),r&b/soul,191.8416626475615,Lauryn Hill,Interlude 5,r&b/soul,164.85753435388241,Alicia Keys,Tell You Something (Nana's Reprise),r&b/soul,142.25321916031285,Thalia,Alguien Real (Baby_ I'm In Love),latin,133.52721600262055,João Gilberto,You Do Something To Me,latin,0.29096912857275453,Brownstone,Kiss And Tell,r&b/soul,0.2677488317796819,Elastica,Stutter,pop,0.2666227003638663,Shannon McNally,Miracle Mile,country,0.32014313325978544,Brownstone,Kiss And Tell,r&b/soul,0.3160010992193111,Elastica,Stutter,pop,0.3136324549791314
TRAYJOF128F92F9EEA,SOAYXCJ12AB0183822,ARJGIOD1187B9AE920,Kelly Clarkson,Cry,pop,Lauryn Hill,Interlude 5,r&b/soul,9255.0,Twista,I'm A Winner (Amended Album Version),hip hop,8700.0,Beastie Boys,B-Boy Bouillabaisse: A.W.O.L. (2009 Digital Remaster),hip hop,7576.0,Lauryn Hill,Interlude 5,r&b/soul,10.669449999999998,Twista,I'm A Winner (Amended Album Version),hip hop,10.287278125000007,Erykah Badu,I Want You,r&b/soul,9.009482812500003,Mario Vazquez,Everytime I...,r&b/soul,0.8178212504789765,Corinne Bailey Rae,I'd Like To,r&b/soul,0.7973045189921607,Less Than Jake,I Think I Love You,reggae,0.7914075967035871,Mario Vazquez,Everytime I...,r&b/soul,0.8202984502943056,Corinne Bailey Rae,I'd Like To,r&b/soul,0.8047271924485088,Bouncing Souls_ The,Pervert,electronic,0.7981103760430076,Lauryn Hill,Interlude 5,r&b/soul,378.74963254423454,Eminem,My Darling,hip hop,324.38935477348195,Eminem,8 Mile,hip hop,298.4283445407682,Eminem,My Darling,hip hop,186.78903798974144,Lauryn Hill,Interlude 5,r&b/soul,176.57382173239512,Sia,Lentil (Live),punk,150.78144109274064,Sia,Lentil (Live),punk,0.2788376125709399,Tony Bennett,Don't Cry Baby,jazz,0.25463657659831385,The Decemberists,I Was Meant For the Stage,rock,0.24941102731064124,Sia,Lentil (Live),punk,0.33452673724952575,Fantasia,Bump What Your Friends Say,r&b/soul,0.3165333391407018,Atmosphere,Happymess,hip hop,0.3164595530602119
TRARKBB128F92E9468,SORUPLB12A8C14211F,ARFWL8S1187B9B4B44,Céline Dion,Zora sourit,pop,Lauryn Hill,Interlude 5,r&b/soul,983.0,Twiztid,She Ain't Afraid,hip hop,770.0,Sniper,Panam All Star,hip hop,764.0,Lauryn Hill,Interlude 5,r&b/soul,0.8377500000000001,Fonky Family,L'Amour Du Risque,hip hop,0.8006249999999991,Sniper,Panam All Star,hip hop,0.799875,Jacques Dutronc,Laquelle Des Deux Est La Plus Snob,pop,0.3649306326350969,Miss Kittin,3ème Sexe,electronic,0.3642775093494514,Raine Maida,Earthless,folk,0.3442080806887713,Miss Kittin,3ème Sexe,electronic,0.3899696796781597,Jacques Dutronc,Laquelle Des Deux Est La Plus Snob,pop,0.3890252053892492,Raine Maida,Earthless,folk,0.3742605624292089,Sniper,Panam All Star,hip hop,723.0766972003081,Fonky Family,L'Amour Du Risque,hip hop,693.8899196810887,Fonky Family,Sans Rémission,hip hop,657.8419823892591,Sniper,Panam All Star,hip hop,620.2927799547256,Fonky Family,L'Amour Du Risque,hip hop,611.7043491343946,Fonky Family,Sans Rémission,hip hop,571.8007643809764,Miss Kittin,3ème Sexe,electronic,0.596151525275166,Jacques Dutronc,Laquelle Des Deux Est La Plus Snob,pop,0.5815431463349564,Jacques Brel,Au Printemps,pop,0.5579243427485583,Miss Kittin,3ème Sexe,electronic,0.6138424718730454,Jacques Dutronc,Laquelle Des Deux Est La Plus Snob,pop,0.5971468192898574,Dominique A,Le Commerce De L'eau,pop,0.5732922441127999
TRFBXJZ128F92D25C0,SOZGQFY12A8C140D8B,ARUFTTR1187FB3A4B0,Newsboys,Dance,pop,Lauryn Hill,Interlude 5,r&b/soul,2566.0,Beastie Boys,B-Boy Bouillabaisse: A.W.O.L. (2009 Digital Remaster),hip hop,2058.0,Twista,I'm A Winner (Amended Album Version),hip hop,2056.0,Lauryn Hill,Interlude 5,r&b/soul,2.7106999999999988,Twista,I'm A Winner (Amended Album Version),hip hop,2.245325,Beastie Boys,B-Boy Bouillabaisse: A.W.O.L. (2009 Digital Remaster),hip hop,2.1570374999999995,Pete Rock & C.L. Smooth,Act Like You Know (LP Version),hip hop,0.5181697298261169,Bahamadia,WordPlay,hip hop,0.5012728597937053,Dilated Peoples,Ruggedness,hip hop,0.4823728457899469,Pete Rock & C.L. Smooth,Act Like You Know (LP Version),hip hop,0.5471104547616711,Bahamadia,WordPlay,hip hop,0.5160011665636731,Dilated Peoples,Ruggedness,hip hop,0.5105247911486431,Lauryn Hill,Interlude 5,r&b/soul,243.96485757823535,Eminem,My Darling,hip hop,203.67799773578201,Beastie Boys,B-Boy Bouillabaisse: A.W.O.L. (2009 Digital Remaster),hip hop,201.44882321770447,Martin Jondo,Hold You,reggae,132.18729333770838,The Manhattan Transfer,Goodnight,jazz,109.99798466172508,Eric B. & Rakim,I Know You Got Soul,hip hop,108.43786602833262,UnsraW,-9-,rock,0.27669506800675026,Martin Jondo,Hold You,reggae,0.2669084989752991,The Planet Smashers,Police The Nation,reggae,0.24841825801856526,Martin Jondo,Hold You,reggae,0.3334476376868436,Supreme Majesty,Heroes Of Our Land,metal,0.2998292325969883,W.A.S.P.,Mercy,metal,0.29493886423333615
TRICXDK128F92CBC3C,SOXWHWP12A8C1440F8,ARFWL8S1187B9B4B44,Céline Dion,Partout Je Vois,pop,Lauryn Hill,Interlude 5,r&b/soul,5411.0,Twista,I'm A Winner (Amended Album Version),hip hop,5291.0,Beastie Boys,B-Boy Bouillabaisse: A.W.O.L. (2009 Digital Remaster),hip hop,4549.0,Twista,I'm A Winner (Amended Album Version),hip hop,6.141768750000002,Lauryn Hill,Interlude 5,r&b/soul,6.04155,Erykah Badu,I Want You,r&b/soul,5.177071875000001,Ledisi,Best Friend,r&b/soul,0.5942864319384658,Angie Stone,Snowflakes,r&b/soul,0.5874335919058826,Next,I Still Love You,r&b/soul,0.5863305122176775,Ledisi,Best Friend,r&b/soul,0.6106199209803829,Angie Stone,Snowflakes,r&b/soul,0.6064074052526383,Dixie Chicks,Mississippi,country,0.6005705159146837,Fonky Family,Sans Rémission,hip hop,928.0916745958764,Sniper,Panam All Star,hip hop,908.6992074073186,Tryo,Yakamonéyé,reggae,906.8226350831507,Fonky Family,Sans Rémission,hip hop,834.8244606541275,Tryo,Yakamonéyé,reggae,815.5820628952763,Sniper,Panam All Star,hip hop,797.2831928340255,Amandine Bourgeois,L'Homme De La Situation,pop,0.7007178185879743,Pascal Obispo,Assassine,classical,0.6720633082391471,Katerine,Titanic,electronic,0.6692064789489622,Amandine Bourgeois,L'Homme De La Situation,pop,0.7129291566994381,Pascal Obispo,Assassine,classical,0.6845246687260885,Katerine,Titanic,electronic,0.6817266241226452
TRZNHJN128F4293FC2,SOVODWN12D02199268,ARJGIOD1187B9AE920,Kelly Clarkson,Anytime,pop,Lauryn Hill,Interlude 5,r&b/soul,8741.0,Twista,I'm A Winner (Amended Album Version),hip hop,7814.0,Eminem,My Darling,hip hop,6174.0,Lauryn Hill,Interlude 5,r&b/soul,10.121249999999998,Twista,I'm A Winner (Amended Album Version),hip hop,9.241406249999995,Erykah Badu,I Want You,r&b/soul,7.280390625000007,Thalia,Alguien Real (Baby_ I'm In Love),latin,0.7677465741256766,Alice Smith,Dream,r&b/soul,0.7641149898992984,Anastacia,Club Megamix,rock,0.7633399455512311,Thalia,Alguien Real (Baby_ I'm In Love),latin,0.776801579017345,Anastacia,Club Megamix,rock,0.7747048050262816,Alice Smith,Dream,r&b/soul,0.7745176011074857,Lauryn Hill,Interlude 5,r&b/soul,250.12274416588377,Danity Kane,Hold Me Down (Album Version),r&b/soul,208.62469056949337,Twiztid,She Ain't Afraid,hip hop,201.66121517109949,Danity Kane,Hold Me Down (Album Version),r&b/soul,155.69277448007213,Thalia,Alguien Real (Baby_ I'm In Love),latin,147.8278046177486,Barry White,Never Gonna Give You Up,r&b/soul,136.21130086734385,Percy Sledge,Baby Help Me,r&b/soul,0.3524172738926134,Robin Thicke,Dreamworld,r&b/soul,0.3481556779236104,Charlie Wilson,What You Do To Me,r&b/soul,0.3462038468629746,Robin Thicke,Dreamworld,r&b/soul,0.4038538009444162,Charlie Wilson,What You Do To Me,r&b/soul,0.40238441962046984,Thalia,Alguien Real (Baby_ I'm In Love),latin,0.39481333650877387
TRPKKZG128F92E495A,SOODGZY12A8C141F44,ARQEBGJ122E6447D2B,Edward Sharpe & The Magnetic Zeros,Simplest Love,pop,Stevie Wonder,All Day Sucker,r&b/soul,665.0,Brick & Lace,Love Is Wicked,r&b/soul,547.0,Dilated Peoples,Love And War,hip hop,456.0,Stevie Wonder,All Day Sucker,r&b/soul,0.8010875000000013,Brick & Lace,Love Is Wicked,r&b/soul,0.6488375000000007,Dilated Peoples,Love And War,hip hop,0.5467249999999992,Manhattan Transfer,Love For Sale (LP Version),jazz,0.5955410615027226,Ryan Adams,My Love For You Is Real,country,0.5633270057054494,Caetano Veloso,Love For Sale,latin,0.5335555987784918,Manhattan Transfer,Love For Sale (LP Version),jazz,0.6011078428933582,Ryan Adams,My Love For You Is Real,country,0.5704295605069961,Caetano Veloso,Love For Sale,latin,0.5402551638186823,Billy Paul,Your Song,r&b/soul,65.62483545266771,Atmosphere,Hair,hip hop,63.78609762383295,Beastie Boys,B-Boy Bouillabaisse: A.W.O.L. (2009 Digital Remaster),hip hop,59.97686384802929,Doyle Bramhall II & Smokestack,Green Light Girl,blues,56.420949841101965,The Detroit Cobras,Green Light,r&b/soul,55.08128714091098,Billy Paul,Your Song,r&b/soul,54.4045848420011,Doyle Bramhall II & Smokestack,Green Light Girl,blues,0.3419864193301974,Leonard Cohen,Leaving Green Sleeves,folk,0.3045542097481215,Jenny Lewis,Sing A Song,country,0.2978385195720033,Doyle Bramhall II & Smokestack,Green Light Girl,blues,0.3538113154744985,Leonard Cohen,Leaving Green Sleeves,folk,0.31990141461623595,Jenny Lewis,Sing A Song,country,0.3084408032590499
TRVPPSC128F92EC9C2,SORRVTP12A8C13FFAF,ARQ2I6K1187FB59949,Colbie Caillat,Midnight Bottle,pop,Lauryn Hill,Interlude 5,r&b/soul,3451.0,Twista,I'm A Winner (Amended Album Version),hip hop,3062.0,Beastie Boys,B-Boy Bouillabaisse: A.W.O.L. (2009 Digital Remaster),hip hop,2885.0,Lauryn Hill,Interlude 5,r&b/soul,3.764050000000001,Twista,I'm A Winner (Amended Album Version),hip hop,3.468253125,Beastie Boys,B-Boy Bouillabaisse: A.W.O.L. (2009 Digital Remaster),hip hop,3.146548437499999,Dina Carroll,Don't Be A Stranger,pop,0.6046069189830123,In Flames,Only For The Weak,metal,0.5675247802629401,Alicia Keys,Try Sleeping With A Broken Heart,r&b/soul,0.5647730470506015,Dina Carroll,Don't Be A Stranger,pop,0.6260203823237321,Onyx,Feel Me,hip hop,0.5933196980061832,In Flames,Only For The Weak,metal,0.5855376817908355,Lauryn Hill,Interlude 5,r&b/soul,254.92353854758025,Afroman,Let's All Get Drunk,hip hop,210.81852510923306,Beastie Boys,B-Boy Bouillabaisse: A.W.O.L. (2009 Digital Remaster),hip hop,207.67086242596957,Afroman,Let's All Get Drunk,hip hop,155.00632387513923,R. Kelly,Don't You Say No,r&b/soul,123.25339546260368,American Steel,Emergency House Party,punk,119.99695456384022,George Jones,Drive Me To Drink,country,0.31466550498282553,American Steel,Emergency House Party,punk,0.3064300502956036,The Flying Burrito Brothers,Tonight The Bottle Let Me Down,country,0.30336227728738696,George Jones,Drive Me To Drink,country,0.3529263096258971,The Flying Burrito Brothers,Tonight The Bottle Let Me Down,country,0.34483147596711483,American Steel,Emergency House Party,punk,0.34235885532588306
TRCJADX128F428D3E0,SOKPSGM12A8C1381DE,AR03BDP1187FB5B324,Britney Spears,Let Me Be,pop,Lauryn Hill,Interlude 5,r&b/soul,11300.0,Twista,I'm A Winner (Amended Album Version),hip hop,8604.0,Beastie Boys,B-Boy Bouillabaisse: A.W.O.L. (2009 Digital Remaster),hip hop,8578.0,Lauryn Hill,Interlude 5,r&b/soul,13.1176,Erykah Badu,I Want You,r&b/soul,10.159753125000002,Twista,I'm A Winner (Amended Album Version),hip hop,10.096631250000009,Alison Krauss / Union Station,Baby Now That I've Found You,country,0.7749752103441839,Anastacia,Club Megamix,rock,0.7683530845057316,Toni Braxton,Love Affair,r&b/soul,0.7639826988870329,Alison Krauss / Union Station,Baby Now That I've Found You,country,0.7815844439734705,Anastacia,Club Megamix,rock,0.7761534299422532,Toni Braxton,Love Affair,r&b/soul,0.7719389916322995,Eminem,8 Mile,hip hop,294.1121938086905,Lauryn Hill,Interlude 5,r&b/soul,250.806626482096,Beastie Boys,B-Boy Bouillabaisse: A.W.O.L. (2009 Digital Remaster),hip hop,218.72097165304652,Eminem,8 Mile,hip hop,177.15656383763874,Whitney Houston,Thinking About You,pop,154.89592260214621,Chrisette Michele,All I Ever Think About,r&b/soul,125.70243325530916,Aaron Neville,Ain't No Way,r&b/soul,0.2984498239765375,Jonny Lang,Bump In The Road,blues,0.27906638196310096,Chris Brown,Ain't No Way (You Won't Love Me),r&b/soul,0.27003221481848266,Aaron Neville,Ain't No Way,r&b/soul,0.33573865870467284,Jonny Lang,Bump In The Road,blues,0.33176034029857615,Chris Brown,Ain't No Way (You Won't Love Me),r&b/soul,0.33174306865282616
TRKJKJV128F425E247,SOEMDUJ12A8AE460E2,ARW9FP41187B98C2A7,Annie Lennox,Big Sky,pop,Lauryn Hill,Interlude 5,r&b/soul,3223.0,Twista,I'm A Winner (Amended Album Version),hip hop,3098.0,Beastie Boys,B-Boy Bouillabaisse: A.W.O.L. (2009 Digital Remaster),hip hop,2489.0,Lauryn Hill,Interlude 5,r&b/soul,3.64925,Twista,I'm A Winner (Amended Album Version),hip hop,3.624484374999999,Beastie Boys,B-Boy Bouillabaisse: A.W.O.L. (2009 Digital Remaster),hip hop,2.793882812500001,Fat Joe,Preacher On A Sunday Morning,hip hop,0.6256009629783943,the bird and the bee,Witch,pop,0.6109997611788842,Angie Stone,Snowflakes,r&b/soul,0.5896395115083002,Fat Joe,Preacher On A Sunday Morning,hip hop,0.6414659499487988,the bird and the bee,Witch,pop,0.62155020755253,Angie Stone,Snowflakes,r&b/soul,0.6061603034467242,Lauryn Hill,Interlude 5,r&b/soul,190.13654415370084,Beastie Boys,B-Boy Bouillabaisse: A.W.O.L. (2009 Digital Remaster),hip hop,169.8179724620768,Olivia Newton-John,Don't Stop Believin',pop,145.7180073726273,Olivia Newton-John,Don't Stop Believin',pop,101.15822552537202,N-Dubz,Shoulda Put Something On,hip hop,91.55503846676218,Lauryn Hill,Interlude 5,r&b/soul,90.10582981265505,Venus Hum,Alice,electronic,0.29988503640650893,Paul Potts,La Prima Volta (First Time Ever I Saw Your Face),classical,0.2598424152058126,System of a Down,Peephole,metal,0.2404908504309835,Venus Hum,Alice,electronic,0.3247838778775235,Paul Potts,La Prima Volta (First Time Ever I Saw Your Face),classical,0.2959627991907102,Nothingface,Incarnadine,metal,0.27533366052062697
TRXMQNH128F4287D61,SOSHPHO12A58A7D1F5,AR30R5E1187B9AD78A,Whitney Houston,Thinking About You,pop,Lauryn Hill,Interlude 5,r&b/soul,10860.0,Twista,I'm A Winner (Amended Album Version),hip hop,10022.0,Erykah Badu,I Want You,r&b/soul,9587.0,Lauryn Hill,Interlude 5,r&b/soul,12.512399999999998,Twista,I'm A Winner (Amended Album Version),hip hop,11.833056249999997,Erykah Badu,I Want You,r&b/soul,11.593215625,Less Than Jake,I Think I Love You,reggae,0.7826517099758198,Cherish,Oooh,r&b/soul,0.7672246724298524,Chrisette Michele,All I Ever Think About,r&b/soul,0.7546189018184712,Less Than Jake,I Think I Love You,reggae,0.7889969690422559,Cherish,Oooh,r&b/soul,0.7740031409220594,Chrisette Michele,All I Ever Think About,r&b/soul,0.7634068533009658,Mos Def,The Easy Spell,hip hop,366.8084553883548,Kurupt,It Ain't About You,hip hop,311.87365466818505,Beastie Boys,B-Boy Bouillabaisse: A.W.O.L. (2009 Digital Remaster),hip hop,303.2709651360074,Mos Def,The Easy Spell,hip hop,290.819012814578,TLC,Shock Dat Monkey,r&b/soul,235.9367328406377,Brick & Lace,Love Is Wicked,r&b/soul,217.26901560718304,Rory Gallagher,Out On The Western Plain,blues,0.387583529770337,T.Rex,London Boys,rock,0.3827526177799592,Nirvana,Something In The Way,rock,0.3648473689053473,Rory Gallagher,Out On The Western Plain,blues,0.4055108134791974,T.Rex,London Boys,rock,0.40213167191440813,Buckcherry,Borderline,rock,0.39740785490913294
TRXXPYK128F14805B7,SOYLXQZ12A6D4F99CA,AR9W3X91187FB3994C,Phil Collins,A Groovy Kind Of Love (Live),pop,Lauryn Hill,Interlude 5,r&b/soul,3709.0,Twista,I'm A Winner (Amended Album Version),hip hop,3303.0,Erykah Badu,I Want You,r&b/soul,2926.0,Lauryn Hill,Interlude 5,r&b/soul,4.26825,Twista,I'm A Winner (Amended Album Version),hip hop,3.8882500000000007,Erykah Badu,I Want You,r&b/soul,3.522250000000004,Amel Larrieux,Sweet Misery,r&b/soul,0.7425284398036558,Hello Saferide,Get Sick Soon,folk,0.7368458846882812,Anastacia,Club Megamix,rock,0.72883256253403,Amel Larrieux,Sweet Misery,r&b/soul,0.7522530540869348,Hello Saferide,Get Sick Soon,folk,0.7452540939763487,Anastacia,Club Megamix,rock,0.7407846807501905,Michael Jackson,Man In The Mirror,pop,171.47576468691022,Anastacia,Club Megamix,rock,117.00767284120256,Lauryn Hill,Interlude 5,r&b/soul,113.00186179638163,Michael Jackson,Man In The Mirror,pop,128.2157018655864,Barry Manilow,Some Kind Of Friend,jazz,86.90945419862871,UB40,Red Red Wine (Edit),reggae,82.73465676781805,RODNEY CROWELL,What Kind Of Love,country,0.31937629219671404,Barry Manilow,Some Kind Of Friend,jazz,0.31607516005326997,Toni Braxton,Love Affair,r&b/soul,0.2947869794112268,RODNEY CROWELL,What Kind Of Love,country,0.35406241878138583,Barry Manilow,Some Kind Of Friend,jazz,0.3506261760370662,Toni Braxton,Love Affair,r&b/soul,0.3428290277499891
TRGQFUZ128F92ED646,SORBUNE12AB017CDD2,AR65K7A1187FB4DAA4,Beyoncé,That's Why You're Beautiful,pop,Lauryn Hill,Interlude 5,r&b/soul,3180.0,Michael Jackson,Man In The Mirror,pop,2376.0,Beastie Boys,B-Boy Bouillabaisse: A.W.O.L. (2009 Digital Remaster),hip hop,2150.0,Lauryn Hill,Interlude 5,r&b/soul,3.572500000000001,Michael Jackson,Man In The Mirror,pop,2.6249218749999987,Beastie Boys,B-Boy Bouillabaisse: A.W.O.L. (2009 Digital Remaster),hip hop,2.3508984374999984,Selena,Tu Eres,latin,0.5970835467137305,Michael Bublé,That's All (Album Version),classical,0.5487831399325475,CSS,Beautiful Song,electronic,0.5323890070979742,Selena,Tu Eres,latin,0.610654637076813,Michael Bublé,That's All (Album Version),classical,0.5648205602196629,CSS,Beautiful Song,electronic,0.5538723560390673,Lauryn Hill,Interlude 5,r&b/soul,174.38669520204445,Michael Jackson,Man In The Mirror,pop,142.41337238305346,Eminem,My Darling,hip hop,135.98324373394914,Ruben Studdard,Make Ya Feel Beautiful,r&b/soul,117.34520670919954,Willard Grant Conspiracy,The Pugilist,folk,101.98300036477637,Haste The Day,Chorus Of Angels,metal,96.00619978489344,Willard Grant Conspiracy,The Pugilist,folk,0.3720730233809257,Paul Potts,Cavatina,classical,0.3436782128073307,Bruce Hornsby,Big Swing Face,jazz,0.3283844246906268,Willard Grant Conspiracy,The Pugilist,folk,0.39843314535934526,Paul Potts,Cavatina,classical,0.37400337896044855,Bruce Hornsby,Big Swing Face,jazz,0.35918520148497446
TRPAJJF128F428D18A,SOIHYXH12D0219A26C,AR30R5E1187B9AD78A,Whitney Houston,Step By Step,pop,Young Jeezy,By The Way,hip hop,5075.0,Lauryn Hill,Interlude 5,r&b/soul,4369.0,Beastie Boys,B-Boy Bouillabaisse: A.W.O.L. (2009 Digital Remaster),hip hop,4154.0,Young Jeezy,By The Way,hip hop,6.013312499999996,Lauryn Hill,Interlude 5,r&b/soul,4.67925,Beastie Boys,B-Boy Bouillabaisse: A.W.O.L. (2009 Digital Remaster),hip hop,4.538531250000001,Young Jeezy,By The Way,hip hop,0.630530115293663,Tom Waits,Flash Pan Hunter/Intro,classical,0.5166647091610188,Patty Griffin,Every Little Bit,country,0.5162073665779248,Young Jeezy,By The Way,hip hop,0.6428824630883891,Patty Griffin,Every Little Bit,country,0.5313794072904473,Tom Waits,Flash Pan Hunter/Intro,classical,0.5247130742536599,Eminem,8 Mile,hip hop,303.83496866256354,Organized Konfusion,Soundman,r&b/soul,263.0488726112154,Vanilla Ice,Ice Is Workin' It,hip hop,260.6537543992408,Lykke Li,Little Bit [CSS Remix],electronic,208.88330259488558,Aretha Franklin,It's Your Thing,jazz,186.91223206766483,Johnny Winter,Stone County,blues,179.5125560180936,Johnny Winter,Stone County,blues,0.3354305952853928,Lykke Li,Little Bit [CSS Remix],electronic,0.33253796522342466,Aretha Franklin,It's Your Thing,jazz,0.3278377640094834,Johnny Winter,Stone County,blues,0.36880206537762167,Lykke Li,Little Bit [CSS Remix],electronic,0.3654326926679998,Aretha Franklin,It's Your Thing,jazz,0.36193256563600007
TRLPDIB128F42289CC,SOOVOWN12A8AE46AA6,AR03BDP1187FB5B324,Britney Spears,Piece Of Me (Main Version),pop,Lauryn Hill,Interlude 5,r&b/soul,8660.0,Twista,I'm A Winner (Amended Album Version),hip hop,7165.0,Danity Kane,Hold Me Down (Album Version),r&b/soul,6896.0,Lauryn Hill,Interlude 5,r&b/soul,9.974,Twista,I'm A Winner (Amended Album Version),hip hop,8.400093750000003,Danity Kane,Hold Me Down (Album Version),r&b/soul,8.225718749999999,The Falcon,The Angry Cry Of The Angry Pie,punk,0.7346091744744485,Voxtrot,Kid Gloves,pop,0.6430368214907595,TO/DIE/FOR,Dying Embers,metal,0.6310921905162322,The Falcon,The Angry Cry Of The Angry Pie,punk,0.742411191472892,Voxtrot,Kid Gloves,pop,0.6538073748739257,TO/DIE/FOR,Dying Embers,metal,0.6423728089374924,DMX,Bring Your Whole Crew,hip hop,233.91403041280006,Twista,Overdose (Album Version),hip hop,230.412277276114,Louis Logic,Mischievous,hip hop,207.89810867988055,Recoil,Missing Piece,electronic,161.9144958230789,DMX,Bring Your Whole Crew,hip hop,159.72409121350756,Enrique Iglesias,Miss You,latin,157.1049017782721,Recoil,Missing Piece,electronic,0.3463054734774238,The Falcon,The Angry Cry Of The Angry Pie,punk,0.289415818915829,Johnny Winter,Miss Ann,blues,0.2823989451754422,Recoil,Missing Piece,electronic,0.37657690074151223,The Falcon,The Angry Cry Of The Angry Pie,punk,0.3286862495688494,Demi Lovato,This Is Me (Acoustic Full Version),pop,0.3253349098486928
TRJTTMZ128F930924B,SOLDVYF12AB017D892,AR03BDP1187FB5B324,Britney Spears,Can't Make You Love Me,pop,Lauryn Hill,Interlude 5,r&b/soul,12190.0,Twista,I'm A Winner (Amended Album Version),hip hop,11738.0,Beastie Boys,B-Boy Bouillabaisse: A.W.O.L. (2009 Digital Remaster),hip hop,9832.0,Lauryn Hill,Interlude 5,r&b/soul,14.096700000000004,Twista,I'm A Winner (Amended Album Version),hip hop,13.926949999999998,Erykah Badu,I Want You,r&b/soul,11.839474999999998,Anastacia,Club Megamix,rock,0.8321898356721645,Bay City Rollers,Where Will I Be Now,pop,0.8055180964465327,Jonny Lang,Breakin Me,blues,0.7964666431859974,Anastacia,Club Megamix,rock,0.8388693588307584,Bay City Rollers,Where Will I Be Now,pop,0.8130500883644655,Jonny Lang,Breakin Me,blues,0.8047746727559942,Lauryn Hill,Interlude 5,r&b/soul,293.6541265205659,Beastie Boys,B-Boy Bouillabaisse: A.W.O.L. (2009 Digital Remaster),hip hop,267.25438948824444,Monica,Hurts The Most,r&b/soul,232.10918853609797,Monica,Hurts The Most,r&b/soul,172.9581931577415,N-Dubz,Don't Get Nine,reggae,155.54863571791046,Aqua,Happy Boys & Girls,pop,148.92365593031,Mel & Kim,System,pop,0.31806393252347187,The Dells,It's All Up To You,r&b/soul,0.3036811152829399,SR-71,Politically Correct,punk,0.29390776248887746,Mel & Kim,System,pop,0.3573220113612775,The Dells,It's All Up To You,r&b/soul,0.355928309918186,SR-71,Politically Correct,punk,0.352831670060871
TRKGGHK128F42999EF,SOQBVLW12A8C13B29C,AR03BDP1187FB5B324,Britney Spears,Girl In The Mirror,pop,Lauryn Hill,Interlude 5,r&b/soul,4724.0,Beastie Boys,B-Boy Bouillabaisse: A.W.O.L. (2009 Digital Remaster),hip hop,4639.0,Twista,I'm A Winner (Amended Album Version),hip hop,3963.0,Lauryn Hill,Interlude 5,r&b/soul,5.3645,Beastie Boys,B-Boy Bouillabaisse: A.W.O.L. (2009 Digital Remaster),hip hop,5.346742187500004,Twista,I'm A Winner (Amended Album Version),hip hop,4.600515625,John Denver,El Paso,rock,0.7173502005370221,Corinne Bailey Rae,Emeraldine,jazz,0.688646077242678,Snoop Dogg,Snoopafella (Edited),hip hop,0.687263452272701,John Denver,El Paso,rock,0.7289598635638569,Snoop Dogg,Snoopafella (Edited),hip hop,0.7003520632880552,Corinne Bailey Rae,Emeraldine,jazz,0.6963056758277201,Lauryn Hill,Interlude 5,r&b/soul,211.6383568504675,Twiztid,She Ain't Afraid,hip hop,191.8445361950867,Eminem,8 Mile,hip hop,174.97008462025596,Just Jack,253,electronic,134.23048892546112,Chris Brown,Damage,r&b/soul,125.92776607656913,Twiztid,She Ain't Afraid,hip hop,119.80741316718756,Modern Lovers,Someone i care about,punk,0.2979873062707331,The Stranglers,Baroque Bordello,classical,0.2816593393584302,Blacklisted,Wish,metal,0.27898702167042855,Modern Lovers,Someone i care about,punk,0.3360159239703852,Chris Brown,Damage,r&b/soul,0.3258185915387443,Just Jack,253,electronic,0.3242964999318885
TRLTYLK128F92FE6FF,SOWVIEO12AB0182D10,AR03BDP1187FB5B324,Britney Spears,Radar,pop,Lauryn Hill,Interlude 5,r&b/soul,13754.0,Twista,I'm A Winner (Amended Album Version),hip hop,12861.0,Beastie Boys,B-Boy Bouillabaisse: A.W.O.L. (2009 Digital Remaster),hip hop,11876.0,Lauryn Hill,Interlude 5,r&b/soul,16.127599999999997,Twista,I'm A Winner (Amended Album Version),hip hop,15.380303125,Beastie Boys,B-Boy Bouillabaisse: A.W.O.L. (2009 Digital Remaster),hip hop,13.954448437500002,Twista,Get It How You Live  (Explicit Chopped & Screwed Version),hip hop,0.7695696264274744,Brother Firetribe,Lover Tonite,rock,0.7484952818109949,Fat Joe,Preacher On A Sunday Morning,hip hop,0.7334761458409236,Twista,Get It How You Live  (Explicit Chopped & Screwed Version),hip hop,0.7744642893343668,Brother Firetribe,Lover Tonite,rock,0.7542495904793188,Fat Joe,Preacher On A Sunday Morning,hip hop,0.7390553798575576,Beastie Boys,B-Boy Bouillabaisse: A.W.O.L. (2009 Digital Remaster),hip hop,299.9959078098873,Lauryn Hill,Interlude 5,r&b/soul,276.400207957465,Murs,The Dance,hip hop,240.45967918817016,Beastie Boys,B-Boy Bouillabaisse: A.W.O.L. (2009 Digital Remaster),hip hop,147.2371761923585,Beastie Boys,So What'Cha Want (Butt Naked Version) (Explicit) (2009 Digital Remaster),hip hop,146.62592765779897,The Emotions,I Don't Wanna Lose Your Love,r&b/soul,139.01196132213795,Beastie Boys,So What'Cha Want (Butt Naked Version) (Explicit) (2009 Digital Remaster),hip hop,0.30474318862862887,The Emotions,I Don't Wanna Lose Your Love,r&b/soul,0.2851402801578711,Suicidal Tendencies,Possessed To Skate,metal,0.26943660894310595,Beastie Boys,So What'Cha Want (Butt Naked Version) (Explicit) (2009 Digital Remaster),hip hop,0.36946582476603074,The Emotions,I Don't Wanna Lose Your Love,r&b/soul,0.33868654368136,MIMS,Move (If You Wanna),hip hop,0.32280944207586043
TRNEGIP128F4296261,SOGQSNV12A8C139B54,AR03BDP1187FB5B324,Britney Spears,When Your Eyes Say It,pop,Lauryn Hill,Interlude 5,r&b/soul,9339.0,Twista,I'm A Winner (Amended Album Version),hip hop,7408.0,Beastie Boys,B-Boy Bouillabaisse: A.W.O.L. (2009 Digital Remaster),hip hop,6578.0,Lauryn Hill,Interlude 5,r&b/soul,10.85725,Twista,I'm A Winner (Amended Album Version),hip hop,8.726390625,Vanilla Ice,Ice Is Workin' It,hip hop,7.725187500000005,R. Kelly,Kickin' It With Your Girlfriend,r&b/soul,0.7408443993532315,Sara Gazarek,Yours (Live),jazz,0.7127635984070152,Bananarama,Lovebite,pop,0.7036895767319871,R. Kelly,Kickin' It With Your Girlfriend,r&b/soul,0.749883342787364,Sara Gazarek,Yours (Live),jazz,0.7225252008099253,Bananarama,Lovebite,pop,0.7142749021053271,Lauryn Hill,Interlude 5,r&b/soul,191.1454571349474,Beastie Boys,B-Boy Bouillabaisse: A.W.O.L. (2009 Digital Remaster),hip hop,177.90665097114297,Matisyahu,Close My Eyes,reggae,165.77186375077517,En Vogue,Love Don't Love You (LP Version),r&b/soul,111.58565569329959,Hayley Westenra,My Heart Belongs To You,classical,106.98810498647532,Eric Carmen,Make Me Lose Control,pop,106.14772891191122,Visage,Whispers,electronic,0.3573806338137694,Sharon Jones & The Dap-Kings,Tell Me,r&b/soul,0.33670182206279153,Midtown,Is It Me? Is It True?,rock,0.3119984028717626,Visage,Whispers,electronic,0.3952067829260737,Sharon Jones & The Dap-Kings,Tell Me,r&b/soul,0.38004573116965235,En Vogue,Love Don't Love You (LP Version),r&b/soul,0.359808142248739
TRUWOUE128F14867BF,SOAEEWF12A6D4FAD71,AR6LZB61187B9AF431,Depeche Mode,Precious (Live In Milan),pop,Lauryn Hill,Interlude 5,r&b/soul,2123.0,Beastie Boys,B-Boy Bouillabaisse: A.W.O.L. (2009 Digital Remaster),hip hop,1578.0,Twista,I'm A Winner (Amended Album Version),hip hop,1533.0,Lauryn Hill,Interlude 5,r&b/soul,2.3340499999999995,Twista,I'm A Winner (Amended Album Version),hip hop,1.7073156249999997,Beastie Boys,B-Boy Bouillabaisse: A.W.O.L. (2009 Digital Remaster),hip hop,1.7051421874999997,Maxwell,NoOne,r&b/soul,0.5509927318464833,Devo,Soft Things,electronic,0.4969873062473006,Hieroglyphics,You Never Knew,hip hop,0.4928776277854079,Maxwell,NoOne,r&b/soul,0.5702667037524347,Hieroglyphics,You Never Knew,hip hop,0.5255076659009053,Dixie Chicks,Mississippi,country,0.5217648492943788,Lauryn Hill,Interlude 5,r&b/soul,216.6830564760307,Savatage,The Hourglass,metal,165.75966592273386,Ja Rule,One of Us,hip hop,163.0226564215092,Lauryn Hill,Interlude 5,r&b/soul,111.32539108848543,Ja Rule,One of Us,hip hop,105.77971773437183,Maxwell,NoOne,r&b/soul,99.14588627468083,Maxwell,NoOne,r&b/soul,0.33765030910307703,Seventh Day Slumber,Broken Buildings,rock,0.2682103367796397,Heideroosjes,If Trust Is Broken...,punk,0.26368875163997685,Maxwell,NoOne,r&b/soul,0.3794524781199517,Seventh Day Slumber,Broken Buildings,rock,0.31119879244460374,Heideroosjes,If Trust Is Broken...,punk,0.30472469310565986
TRFJKWU12903CC37B1,SOLXVSH12AB018BE14,AR5K3CW1187FB45B46,Crystal Castles,Insectica,punk,Twista,I'm A Winner (Amended Album Version),hip hop,1492.0,Lauryn Hill,Interlude 5,r&b/soul,1490.0,Eminem,My Darling,hip hop,1447.0,Twista,I'm A Winner (Amended Album Version),hip hop,1.7447500000000002,Eminem,My Darling,hip hop,1.696125,Lauryn Hill,Interlude 5,r&b/soul,1.6785,Hanne Hukkelberg,Displaced,jazz,0.7055497163291748,Chanté Moore,When It Comes To Me,r&b/soul,0.6636685644333873,Jonny Lang,Breakin Me,blues,0.6607105949221537,Hanne Hukkelberg,Displaced,jazz,0.7145395062704731,Jonny Lang,Breakin Me,blues,0.6739130434782609,Chanté Moore,When It Comes To Me,r&b/soul,0.673855179021523,Beastie Boys,B-Boy Bouillabaisse: A.W.O.L. (2009 Digital Remaster),hip hop,95.57797345688866,Snow Patrol,The Lightning Strike,rock,84.30799061321999,Company Flow,The Fire In Which You Burn (feat. J-Treds & The Brewin From The Juggaknots),hip hop,80.84650600836909,Snow Patrol,The Lightning Strike,rock,57.14791547563581,Common,Soul Power,hip hop,55.92709710113587,Akon,Birthmark,r&b/soul,54.32407032730665,Hanne Hukkelberg,Displaced,jazz,0.2880465211704354,Diecast,Disrepair,metal,0.26943860517303053,Darude,Feel The Beat,electronic,0.250950327829863,Hanne Hukkelberg,Displaced,jazz,0.31471517294104834,Diecast,Disrepair,metal,0.31156118974264796,Analogue Brain,There Must Be More,classical,0.2807633809469612
TRVEUUV128F428AB29,SOEFPNV12A8C13A346,ARACDPV1187FB58DF4,Motion City Soundtrack,Cambridge (Album Version),punk,Lauryn Hill,Interlude 5,r&b/soul,1348.0,Beastie Boys,B-Boy Bouillabaisse: A.W.O.L. (2009 Digital Remaster),hip hop,1270.0,The Pharcyde,Otha Fish,hip hop,1039.0,Lauryn Hill,Interlude 5,r&b/soul,1.4343,Beastie Boys,B-Boy Bouillabaisse: A.W.O.L. (2009 Digital Remaster),hip hop,1.3778453124999996,The Pharcyde,Otha Fish,hip hop,1.1684609374999997,The Fray,Over My Head (Cable Car),rock,0.5736460434956638,Gorillaz,Rhinestone Eyes,electronic,0.5125275773256113,Vendetta Red,Opiate Summer,punk,0.5063887005084221,The Fray,Over My Head (Cable Car),rock,0.5945963053240351,Gorillaz,Rhinestone Eyes,electronic,0.5410841543810523,Dead Can Dance,I Am Stretched On Your Grave (Live Remastered),electronic,0.5305787019362456,Binary Star,Masters Of The Universe,hip hop,123.43632647691344,Beastie Boys,B-Boy Bouillabaisse: A.W.O.L. (2009 Digital Remaster),hip hop,120.47999637608423,Lauryn Hill,Interlude 5,r&b/soul,118.35923860477052,India.Arie,In My Head,r&b/soul,83.32042582662132,Macy Gray,Relating To A Psychopath,r&b/soul,82.94428532346892,Binary Star,Masters Of The Universe,hip hop,81.4196863840871,Opeth,The Moor,metal,0.29361608875213574,Beth Orton,Daybreaker (Roots Manuva Remix),folk,0.2812066969573386,Macy Gray,Relating To A Psychopath,r&b/soul,0.27050205606936417,Opeth,The Moor,metal,0.34077104523252505,Beth Orton,Daybreaker (Roots Manuva Remix),folk,0.3185654363948355,Macy Gray,Relating To A Psychopath,r&b/soul,0.3133512849604501
TRMZJSE12903D00E60,SOZGAOO12AB017EBA2,ARACDPV1187FB58DF4,Motion City Soundtrack,Disappear,punk,Twista,I'm A Winner (Amended Album Version),hip hop,5905.0,Lauryn Hill,Interlude 5,r&b/soul,5816.0,Erykah Badu,I Want You,r&b/soul,4893.0,Twista,I'm A Winner (Amended Album Version),hip hop,7.064090624999997,Lauryn Hill,Interlude 5,r&b/soul,6.784699999999999,Erykah Badu,I Want You,r&b/soul,5.937889062499998,Clawfinger,Revenge,metal,0.7818060665078859,Zombie Girl,I Want It,electronic,0.7813399395836118,Next,I Still Love You,r&b/soul,0.7753805019041566,Clawfinger,Revenge,metal,0.7885603017668223,Zombie Girl,I Want It,electronic,0.7866966210344944,Next,I Still Love You,r&b/soul,0.7816818948578419,Lauryn Hill,Interlude 5,r&b/soul,158.88483812616457,Murs,The Dance,hip hop,131.0839137469544,Company Flow,The Fire In Which You Burn (feat. J-Treds & The Brewin From The Juggaknots),hip hop,129.75103523539173,Hayley Westenra,My Heart Belongs To You,classical,93.06367121272689,Cat Stevens,The Joke,folk,90.3797053190271,Lori McKenna,Swallows Me Whole,folk,89.59686631268607,Lori McKenna,Swallows Me Whole,folk,0.2688321753912925,Missing Persons,Destination Unknown,pop,0.26819282139417516,Merle Haggard,Love Me Tender,country,0.25215057345080233,Lori McKenna,Swallows Me Whole,folk,0.3127537422015457,Missing Persons,Destination Unknown,pop,0.30921995276911096,Hayley Westenra,My Heart Belongs To You,classical,0.29854995138442614
TRIGZIY128F42348C1,SOWMAZE12A58A79390,ARACDPV1187FB58DF4,Motion City Soundtrack,Fell in Love Without You (Cd),punk,Lauryn Hill,Interlude 5,r&b/soul,2793.0,Beastie Boys,B-Boy Bouillabaisse: A.W.O.L. (2009 Digital Remaster),hip hop,2047.0,The Pharcyde,Otha Fish,hip hop,2012.0,Lauryn Hill,Interlude 5,r&b/soul,3.120949999999999,The Pharcyde,Otha Fish,hip hop,2.3225546875000007,Beastie Boys,B-Boy Bouillabaisse: A.W.O.L. (2009 Digital Remaster),hip hop,2.2490765625000013,Level 42,Lessons In Love,pop,0.651520592317385,Strung Out,Dead Spaces,metal,0.6256850294083725,Frank Sinatra,In The Blue Of The Evening,jazz,0.6241501447671596,Level 42,Lessons In Love,pop,0.6634932958895056,Strung Out,Dead Spaces,metal,0.6399773388089581,Frank Sinatra,In The Blue Of The Evening,jazz,0.6359558643793364,Beastie Boys,B-Boy Bouillabaisse: A.W.O.L. (2009 Digital Remaster),hip hop,131.03081555946585,Binary Star,Indy 500,hip hop,118.12957204294072,Ms. Dynamite,Back Then,hip hop,117.25435322720512,Ms. Dynamite,Back Then,hip hop,97.1480940373496,Alexisonfire,We Are the End,metal,91.62992438033994,Mayday Parade,One Man Drinking Games,punk,82.54030793077914,Dean Martin,Memories Are Made Of This,jazz,0.27490752591393375,Edith Piaf,Dont Cry,punk,0.27192582684436567,Ms. Dynamite,Back Then,hip hop,0.2664356331588877,Dean Martin,Memories Are Made Of This,jazz,0.30615134610983813,Edith Piaf,Dont Cry,punk,0.30583411000044125,Ms. Dynamite,Back Then,hip hop,0.30407796918656604
TRZGUYI128F42368DF,SOGAERS12A58A7F67D,ARACDPV1187FB58DF4,Motion City Soundtrack,Point Of Extinction (Cd),punk,Lauryn Hill,Interlude 5,r&b/soul,5177.0,Twista,I'm A Winner (Amended Album Version),hip hop,4914.0,Beastie Boys,B-Boy Bouillabaisse: A.W.O.L. (2009 Digital Remaster),hip hop,4544.0,Lauryn Hill,Interlude 5,r&b/soul,5.850250000000002,Twista,I'm A Winner (Amended Album Version),hip hop,5.736656249999997,Beastie Boys,B-Boy Bouillabaisse: A.W.O.L. (2009 Digital Remaster),hip hop,5.160671875,Blues Traveler,Hook,blues,0.7098270389733662,Eminem,Rabbit Run,hip hop,0.7092421207728355,Kenickie,I Never Complain,punk,0.6946495081559623,Eminem,Rabbit Run,hip hop,0.7238252218777514,Blues Traveler,Hook,blues,0.7234576966416139,Elvis Costello,Puck Two,classical,0.707599610617793,Lauryn Hill,Interlude 5,r&b/soul,239.19078235929078,Eminem,If I Had,hip hop,227.05939601972378,N-Dubz,Work Work,reggae,198.25922058651915,Eminem,If I Had,hip hop,157.54227066647067,Ziggy Marley And The Melody Makers,We Propose,reggae,135.45169721633846,N-Dubz,Work Work,reggae,134.21962137994961,Shamen,Lightspan,electronic,0.3502417442444235,Ziggy Marley And The Melody Makers,We Propose,reggae,0.3091642031238721,Skip James,I'm So Glad,blues,0.2576182787703757,Shamen,Lightspan,electronic,0.358287226588662,Ziggy Marley And The Melody Makers,We Propose,reggae,0.35182131719577714,Eminem,If I Had,hip hop,0.31848955762225745
TRJQRJO12903D00E65,SOBMDGH12AC3DF9D80,ARACDPV1187FB58DF4,Motion City Soundtrack,Stand Too Close,punk,Lauryn Hill,Interlude 5,r&b/soul,3802.0,Twista,I'm A Winner (Amended Album Version),hip hop,3555.0,Beastie Boys,B-Boy Bouillabaisse: A.W.O.L. (2009 Digital Remaster),hip hop,2908.0,Lauryn Hill,Interlude 5,r&b/soul,4.290199999999998,Twista,I'm A Winner (Amended Album Version),hip hop,4.141621875000001,Erykah Badu,I Want You,r&b/soul,3.2875921875000005,Elin Sigvardsson,If I,reggae,0.7117138060483785,Heavenly,Tool,pop,0.6457813381069026,Brian McKnight,The Biggest Part Of Me,r&b/soul,0.6445602731581997,Elin Sigvardsson,If I,reggae,0.72150479919644,Heavenly,Tool,pop,0.6610325849404158,David Allan Coe,Just To Prove My Love For You,country,0.6605067018466592,Binary Star,Indy 500,hip hop,220.29688290682634,Lauryn Hill,Interlude 5,r&b/soul,214.08117752126145,Beastie Boys,B-Boy Bouillabaisse: A.W.O.L. (2009 Digital Remaster),hip hop,195.4137010298764,Binary Star,Indy 500,hip hop,142.61804380263536,Stevie Wonder,Overjoyed,r&b/soul,92.12939962081724,Eminem,Rabbit Run,hip hop,91.24471317391718,Stevie Wonder,Overjoyed,r&b/soul,0.26084552333462513,Death From Above 1979,Too Much Love,rock,0.23631943683053616,MU330,You Win Again,reggae,0.2349201680743698,Stevie Wonder,Overjoyed,r&b/soul,0.3124339213717076,Binary Star,Indy 500,hip hop,0.2984437872626036,Death From Above 1979,Too Much Love,rock,0.28888604803375956
TRQMNKZ12903D00E5B,SOSEINE12AC3DF608E,ARACDPV1187FB58DF4,Motion City Soundtrack,Worker Bee,punk,Beastie Boys,B-Boy Bouillabaisse: A.W.O.L. (2009 Digital Remaster),hip hop,1452.0,Eminem,8 Mile,hip hop,1366.0,Lauryn Hill,Interlude 5,r&b/soul,1352.0,Beastie Boys,B-Boy Bouillabaisse: A.W.O.L. (2009 Digital Remaster),hip hop,1.6130390624999995,Eminem,8 Mile,hip hop,1.555085937499999,R. Kelly,I Mean (I Don't Mean It),r&b/soul,1.5265390625000002,Common,Book Of Life,hip hop,0.5738156861157845,Ella Fitzgerald,I Got It Bad (and That Ain't Good),jazz,0.5641008933145252,Mac Lethal,Rotten Apple Pie,hip hop,0.5632132667910952,Common,Book Of Life,hip hop,0.591750157130537,Mac Lethal,Rotten Apple Pie,hip hop,0.5854537258521889,The Pharcyde,Pack The Pipe,hip hop,0.5837569013174864,Beastie Boys,B-Boy Bouillabaisse: A.W.O.L. (2009 Digital Remaster),hip hop,173.27470226809015,Binary Star,Indy 500,hip hop,128.74203693249996,Pain of Salvation,Spitfall,metal,118.87748392390324,Beastie Boys,B-Boy Bouillabaisse: A.W.O.L. (2009 Digital Remaster),hip hop,87.70031412631269,Tori Amos,Winter,folk,84.48965715317412,Binary Star,Indy 500,hip hop,82.3167689131203,Tori Amos,Winter,folk,0.2595311788063724,Kim Richey,Good Day Here,country,0.25056495533697737,Spandau Ballet,Gold,pop,0.23358708681909082,Tori Amos,Winter,folk,0.29546155033476196,Kim Richey,Good Day Here,country,0.2830063197389198,Spandau Ballet,Gold,pop,0.27194335374676
TRMZSJY128F4255BE9,SOGKVVX12A81C224D1,ARNBMT71187B993523,Interpol,Mind Over Time,punk,Lauryn Hill,Interlude 5,r&b/soul,1378.0,Beastie Boys,B-Boy Bouillabaisse: A.W.O.L. (2009 Digital Remaster),hip hop,1213.0,Rufio,Over It (Acoustic),punk,1111.0,Lauryn Hill,Interlude 5,r&b/soul,1.4694999999999998,Beastie Boys,B-Boy Bouillabaisse: A.W.O.L. (2009 Digital Remaster),hip hop,1.3046718749999997,Rufio,Over It (Acoustic),punk,1.302984374999998,The Associates,Logan Time,punk,0.5251694507348559,Demolition Hammer,Mindrot,metal,0.5174792115587353,The Box Tops,Happy Times,pop,0.4999396416588316,The Associates,Logan Time,punk,0.5324817082241688,Demolition Hammer,Mindrot,metal,0.5261629690193306,The Box Tops,Happy Times,pop,0.5112786019323207,Beastie Boys,B-Boy Bouillabaisse: A.W.O.L. (2009 Digital Remaster),hip hop,90.77168671334528,Tree63,All Over The World,rock,90.58444794026383,Twista,Overdose (Album Version),hip hop,84.6692836120418,Tree63,All Over The World,rock,77.54602279873954,P.M. Dawn,Plastic,r&b/soul,59.48187637145482,The Fray,Over My Head (Cable Car),rock,58.929803115897556,Nasum,I'm Not Silent,metal,0.2933501497289122,General Surgery,Viva ! blunt force trauma,metal,0.2765607874841076,Tree63,All Over The World,rock,0.25075519221277837,Nasum,I'm Not Silent,metal,0.3117335655822125,General Surgery,Viva ! blunt force trauma,metal,0.286853187675906,Tree63,All Over The World,rock,0.28072991521252083
TRVQHEV128F4259AB2,SOYQVWF12D0219A2C4,AR13CXU1187B9AD30A,The Clash,I Fought The Law,punk,Lauryn Hill,Interlude 5,r&b/soul,4325.0,Beastie Boys,B-Boy Bouillabaisse: A.W.O.L. (2009 Digital Remaster),hip hop,4261.0,Eminem,8 Mile,hip hop,3736.0,Lauryn Hill,Interlude 5,r&b/soul,5.169350000000003,Beastie Boys,B-Boy Bouillabaisse: A.W.O.L. (2009 Digital Remaster),hip hop,5.128135937499999,Eminem,8 Mile,hip hop,4.520489062499999,Manafest,Runaway,hip hop,0.8522473054478432,The Cat Empire,The Car Song,reggae,0.8161598467740983,Ramones,Needles And Pins (Remastered Album Version ),punk,0.8083592999904742,Manafest,Runaway,hip hop,0.8509200911589332,The Cat Empire,The Car Song,reggae,0.8132895579234755,Ramones,Needles And Pins (Remastered Album Version ),punk,0.8080586112382928,Tyrese,All Ghetto Girl,r&b/soul,91.80289362912924,Kurupt,It Ain't About You,hip hop,78.19535479927764,Eminem,8 Mile,hip hop,74.191427486664,Tyrese,All Ghetto Girl,r&b/soul,77.71390013862542,Westlife,Bad Girls,pop,58.10375895366927,Fleetwood Mac,I Held My Baby Last Night,blues,56.754577360756905,Fleetwood Mac,I Held My Baby Last Night,blues,0.40700974260547895,Tyrese,All Ghetto Girl,r&b/soul,0.3029515378320732,Patricia Barber,My Girl,jazz,0.2849478498806239,Fleetwood Mac,I Held My Baby Last Night,blues,0.42807988518825096,Tyrese,All Ghetto Girl,r&b/soul,0.33604510619556377,Patricia Barber,My Girl,jazz,0.30795971058699584
TRVMLEW128F425A82D,SOFEOUD12D021B1FC4,AR13CXU1187B9AD30A,The Clash,The Magnificent Seven,punk,Lauryn Hill,Interlude 5,r&b/soul,7461.0,Twista,I'm A Winner (Amended Album Version),hip hop,5484.0,Michael Jackson,Man In The Mirror,pop,4925.0,Lauryn Hill,Interlude 5,r&b/soul,8.49365,Twista,I'm A Winner (Amended Album Version),hip hop,6.310868750000001,Erykah Badu,I Want You,r&b/soul,5.601496874999999,Kevin Devine,It's Only Your Life,folk,0.7502114586580503,Joss Stone,Killing Time,r&b/soul,0.7430032656307078,A Tribe Called Quest,The Hop,hip hop,0.739954121653701,Kevin Devine,It's Only Your Life,folk,0.7595553601981182,A Tribe Called Quest,The Hop,hip hop,0.7551371391488695,Joss Stone,Killing Time,r&b/soul,0.7530481842462741,Lauryn Hill,Interlude 5,r&b/soul,397.0326196126612,Beastie Boys,B-Boy Bouillabaisse: A.W.O.L. (2009 Digital Remaster),hip hop,360.35481806445864,Michael Jackson,Man In The Mirror,pop,307.00667669172276,Michael Jackson,Man In The Mirror,pop,189.25556741046148,Lauryn Hill,Interlude 5,r&b/soul,162.76594341534982,Aceyalone,Mr. Outsider,hip hop,153.26842211849836,Tom Waits,Christmas Card From A Hooker In Minneapolis,blues,0.24603643722052954,Norah Jones,Those Sweet Words,jazz,0.23283007333377032,The Jeff Healey Band,I Can't Get My Hands On You,blues,0.2323121660686117,Tom Waits,Christmas Card From A Hooker In Minneapolis,blues,0.33134126343263737,Bettye Swann,Willie And Laura Mae Jones,r&b/soul,0.3194883500625002,The Jeff Healey Band,I Can't Get My Hands On You,blues,0.31418495650334094
TRWVZBZ128F1462E08,SOKLVHU12A6D4F4778,AR048JZ1187B9AEB85,Yellowcard,Believe,punk,Lauryn Hill,Interlude 5,r&b/soul,4526.0,Beastie Boys,B-Boy Bouillabaisse: A.W.O.L. (2009 Digital Remaster),hip hop,3248.0,Twista,I'm A Winner (Amended Album Version),hip hop,2679.0,Lauryn Hill,Interlude 5,r&b/soul,4.9031,Beastie Boys,B-Boy Bouillabaisse: A.W.O.L. (2009 Digital Remaster),hip hop,3.4291125,Ledisi,Alright,r&b/soul,3.0764999999999976,Ledisi,Alright,r&b/soul,0.6013791461857525,Lauryn Hill,Everything Is Everything,r&b/soul,0.5270296594780648,The Enemy,It's Not OK [Live From London],rock,0.5061057784346074,Ledisi,Alright,r&b/soul,0.6159661448303315,Lauryn Hill,Everything Is Everything,r&b/soul,0.5483085128288824,The Enemy,It's Not OK [Live From London],rock,0.5266699434660874,Lauryn Hill,Interlude 5,r&b/soul,391.84999833675516,Ledisi,Alright,r&b/soul,327.33210828324263,Beastie Boys,B-Boy Bouillabaisse: A.W.O.L. (2009 Digital Remaster),hip hop,288.8434934334958,Ledisi,Alright,r&b/soul,281.4752827724832,Lauryn Hill,Interlude 5,r&b/soul,205.82737901652473,Rachelle Ferrell,Welcome To My Love,r&b/soul,197.75714588803717,Ledisi,Alright,r&b/soul,0.4774769014918276,Rachelle Ferrell,Welcome To My Love,r&b/soul,0.41813445185869624,Bob Marley & The Wailers,One Love / People Get Ready,reggae,0.3530916491302149,Ledisi,Alright,r&b/soul,0.5150208016105108,Rachelle Ferrell,Welcome To My Love,r&b/soul,0.4627356125285782,Bob Marley & The Wailers,One Love / People Get Ready,reggae,0.3941847799267136
TRQYGUV128F1462E01,SOTEFLI12A6D4F4771,AR048JZ1187B9AEB85,Yellowcard,Empty Apartment,punk,Lauryn Hill,Interlude 5,r&b/soul,5963.0,Twista,I'm A Winner (Amended Album Version),hip hop,4647.0,Danity Kane,Hold Me Down (Album Version),r&b/soul,3760.0,Lauryn Hill,Interlude 5,r&b/soul,6.92935,Twista,I'm A Winner (Amended Album Version),hip hop,5.4660375,Danity Kane,Hold Me Down (Album Version),r&b/soul,4.457037499999999,Classified,All About U,hip hop,0.7930815008868365,Kevin Devine,It's Only Your Life,folk,0.7555546316559776,The Zutons,What's Your Problem,rock,0.7525587827266563,Classified,All About U,hip hop,0.802501845009226,Kevin Devine,It's Only Your Life,folk,0.7643475916700233,The Zutons,What's Your Problem,rock,0.7622586802967409,Lauryn Hill,Interlude 5,r&b/soul,224.2563462885911,Eminem,8 Mile,hip hop,175.6734091077518,Beastie Boys,B-Boy Bouillabaisse: A.W.O.L. (2009 Digital Remaster),hip hop,172.3623005113226,Natalie Cole,Your Eyes,r&b/soul,106.40259894815075,Bouncing Souls_ The,Don't You (Forget About Me),punk,105.65920123724132,Kenny Lattimore,Forgiveness,r&b/soul,96.14343208011927,Bouncing Souls_ The,Don't You (Forget About Me),punk,0.299902583660019,Reckless Kelly,Broken Heart,country,0.2889009909799426,Eliane Elias,Call Me,jazz,0.27464934926621437,Bouncing Souls_ The,Don't You (Forget About Me),punk,0.3545985761260984,Reckless Kelly,Broken Heart,country,0.3365957028653051,Eliane Elias,Call Me,jazz,0.3247015521590952
TRBKLDM128F427D0DA,SOMGXHN12A58A7929F,ARZWK2R1187B98F09F,Rise Against,But Tonight We Dance,punk,Lauryn Hill,Interlude 5,r&b/soul,4386.0,Beastie Boys,B-Boy Bouillabaisse: A.W.O.L. (2009 Digital Remaster),hip hop,3217.0,Twista,I'm A Winner (Amended Album Version),hip hop,2976.0,Lauryn Hill,Interlude 5,r&b/soul,5.004099999999998,Beastie Boys,B-Boy Bouillabaisse: A.W.O.L. (2009 Digital Remaster),hip hop,3.621175000000001,Twista,I'm A Winner (Amended Album Version),hip hop,3.40735,Vashti Bunyan,Hidden,folk,0.6593196150094365,Atmosphere,Happymess,hip hop,0.6441307277286569,Elvis Costello,Puck Two,classical,0.6400259523592049,Vashti Bunyan,Hidden,folk,0.6741762677871569,Atmosphere,Happymess,hip hop,0.6625272403282761,Elvis Costello,Puck Two,classical,0.6591083402857786,Afroman,Let's All Get Drunk,hip hop,179.84974683009415,Savatage,The Hourglass,metal,169.0565224538398,Lauryn Hill,Interlude 5,r&b/soul,167.16605813931008,Afroman,Let's All Get Drunk,hip hop,126.49001239454492,Status Quo,Going Down Town Tonight,blues,109.00448922917522,Ryan Leslie,When We Dance,r&b/soul,108.76930275790536,Ultravox,Private Lives,electronic,0.3173359515388065,Silje Nergaard,Dance me love,jazz,0.2930068610270723,American Steel,Emergency House Party,punk,0.277421174444221,Ultravox,Private Lives,electronic,0.3569333413725601,Silje Nergaard,Dance me love,jazz,0.31973023875472784,American Steel,Emergency House Party,punk,0.31371988720395766
TRKSDBX128F9345DC9,SOZQVQL12AB01860A8,ARZWK2R1187B98F09F,Rise Against,Faint Resemblance,punk,Lauryn Hill,Interlude 5,r&b/soul,3517.0,Beastie Boys,B-Boy Bouillabaisse: A.W.O.L. (2009 Digital Remaster),hip hop,2586.0,Erykah Badu,I Want You,r&b/soul,2339.0,Lauryn Hill,Interlude 5,r&b/soul,4.01905,Beastie Boys,B-Boy Bouillabaisse: A.W.O.L. (2009 Digital Remaster),hip hop,2.91705625,Erykah Badu,I Want You,r&b/soul,2.7851187500000005,Tony Sly,On the Outside,folk,0.6664977046527634,Dar Williams,Are You Out There,folk,0.6548289483086831,Alannah Myles,I Love You,jazz,0.6462399386898087,Tony Sly,On the Outside,folk,0.6827870937948103,Dar Williams,Are You Out There,folk,0.6713566002289092,Alannah Myles,I Love You,jazz,0.6655135748747238,Lauryn Hill,Interlude 5,r&b/soul,194.63782865315298,Eminem,8 Mile,hip hop,139.33465011074293,Beastie Boys,B-Boy Bouillabaisse: A.W.O.L. (2009 Digital Remaster),hip hop,132.74925450165964,Lauryn Hill,Interlude 5,r&b/soul,99.34618491055849,Heather Headley,Wait A Minute,r&b/soul,89.94986924199227,Set Your Goals,our ethos: a legacy to pass on,metal,86.6576179816461,Desaparecidos,Fiesta Loca,electronic,0.2804927572600415,Heather Headley,Wait A Minute,r&b/soul,0.2744275346325871,Dismantled,Fields,electronic,0.27316986205957383,Heather Headley,Wait A Minute,r&b/soul,0.32456294631075955,Dismantled,Fields,electronic,0.32188947235134097,Desaparecidos,Fiesta Loca,electronic,0.31844396384048634
TRMGOLR128F933A7DB,SOYDERO12A6D4F72BC,ARZWK2R1187B98F09F,Rise Against,Survive,punk,Lauryn Hill,Interlude 5,r&b/soul,4185.0,Hollywood Undead,Undead,hip hop,2796.0,The Prodigy,We Gonna Rock,electronic,2718.0,Lauryn Hill,Interlude 5,r&b/soul,4.557350000000001,The Prodigy,We Gonna Rock,electronic,3.2583250000000006,Hollywood Undead,Undead,hip hop,3.1777359375000005,The Misfits,Static Age,punk,0.688956178047729,Modern Life Is War,Destination: Death or Better Days,metal,0.6866576694446263,Thompson Twins,We Are Detective,pop,0.6790445341949758,Modern Life Is War,Destination: Death or Better Days,metal,0.6988727693714599,The Misfits,Static Age,punk,0.694586823866838,Thompson Twins,We Are Detective,pop,0.6896343266765022,Eminem,8 Mile,hip hop,263.55743748582086,Lauryn Hill,Interlude 5,r&b/soul,213.4640349865858,Beastie Boys,B-Boy Bouillabaisse: A.W.O.L. (2009 Digital Remaster),hip hop,201.35122931548545,Eminem,8 Mile,hip hop,140.56370831805884,The Von Bondies,Earthquake,rock,129.60878865768768,R. Kelly,Kickin' It With Your Girlfriend,r&b/soul,121.00189359577446,Dolly Parton,Highlight Of My Life,country,0.26015348156923446,Cloud Cult,2x2x2,rock,0.25877041044574606,The Von Bondies,Earthquake,rock,0.2577876782011729,The Von Bondies,Earthquake,rock,0.3014735202682856,Dolly Parton,Highlight Of My Life,country,0.29394513917475623,Cloud Cult,2x2x2,rock,0.2913484277598136
TRFNVPY128F92D2626,SOUKLPY12A8C1451A8,ARZWK2R1187B98F09F,Rise Against,The Dirt Whispered,punk,Beastie Boys,B-Boy Bouillabaisse: A.W.O.L. (2009 Digital Remaster),hip hop,3252.0,Lauryn Hill,Interlude 5,r&b/soul,3062.0,Eminem,8 Mile,hip hop,2899.0,Beastie Boys,B-Boy Bouillabaisse: A.W.O.L. (2009 Digital Remaster),hip hop,3.663001562500001,Lauryn Hill,Interlude 5,r&b/soul,3.346799999999998,Eminem,8 Mile,hip hop,3.320373437500001,Common,Book Of Life,hip hop,0.729129299549828,RODNEY CROWELL,Preachin' To The Choir,country,0.7274307230129872,Wade Hayes,I'm Still Dancin' With You,country,0.7166599105005209,Common,Book Of Life,hip hop,0.7417775692200579,RODNEY CROWELL,Preachin' To The Choir,country,0.7411651089584385,Wade Hayes,I'm Still Dancin' With You,country,0.7311551614511401,Ja Rule,One of Us,hip hop,207.83550046166113,Dar Williams,Mortal City,folk,206.7007535458901,Beastie Boys,B-Boy Bouillabaisse: A.W.O.L. (2009 Digital Remaster),hip hop,205.1328262016975,Michelle Williams,We Break The Dawn,r&b/soul,131.9665963659698,Ja Rule,One of Us,hip hop,123.7909579112315,Dar Williams,Mortal City,folk,120.66926219949583,Thrice,Digital Sea,electronic,0.26339653010371383,Milk Inc.,Breathe Without You,electronic,0.26138033371693187,Hey Monday,Josey,punk,0.25187192761669774,Thrice,Digital Sea,electronic,0.31132942604125524,Hey Monday,Josey,punk,0.306176970544848,Michael Jackson,You Are Not Alone,pop,0.30550973035567697
TRPSYVF128F428A446,SOQAAVL12A8C13C158,ARP28RX1187B9AF6C4,The Offspring,Get It Right (Album Version),punk,Lauryn Hill,Interlude 5,r&b/soul,3935.0,Beastie Boys,B-Boy Bouillabaisse: A.W.O.L. (2009 Digital Remaster),hip hop,3449.0,Twista,I'm A Winner (Amended Album Version),hip hop,3367.0,Lauryn Hill,Interlude 5,r&b/soul,4.444949999999999,Beastie Boys,B-Boy Bouillabaisse: A.W.O.L. (2009 Digital Remaster),hip hop,3.915021875,Twista,I'm A Winner (Amended Album Version),hip hop,3.899106250000004,Veruca Salt,Stoneface,rock,0.6797783982232293,New Found Glory,I'll Never Love Again,punk,0.6754940000982793,Gang Starr,Code Of The Streets (Explicit),hip hop,0.6648292196587222,Veruca Salt,Stoneface,rock,0.690200242094388,New Found Glory,I'll Never Love Again,punk,0.6840906921800699,Gang Starr,Code Of The Streets (Explicit),hip hop,0.6817800417174624,Beastie Boys,B-Boy Bouillabaisse: A.W.O.L. (2009 Digital Remaster),hip hop,221.65290079941795,Lauryn Hill,Interlude 5,r&b/soul,211.81107830949702,Eminem,8 Mile,hip hop,171.86219929493296,Beastie Boys,B-Boy Bouillabaisse: A.W.O.L. (2009 Digital Remaster),hip hop,114.40897263914006,Michael Jackson,Man In The Mirror,pop,113.88962890474286,Lauryn Hill,Interlude 5,r&b/soul,106.59389253417913,InMe,All Terrain Vehicle                      	,rock,0.30109343749243145,Nine Inch Nails,Something I Can Never Have,rock,0.2996986669349994,Descendents,When I Get Old,punk,0.2947394943097684,Nine Inch Nails,Something I Can Never Have,rock,0.3497786287695695,Descendents,When I Get Old,punk,0.3427735120098001,InMe,All Terrain Vehicle                      	,rock,0.34086430895905556
TROGTUS128F932D6CB,SOSVNOS12AB01831D7,ARP28RX1187B9AF6C4,The Offspring,Want You Bad,punk,Lauryn Hill,Interlude 5,r&b/soul,4813.0,Twista,I'm A Winner (Amended Album Version),hip hop,4510.0,Erykah Badu,I Want You,r&b/soul,3978.0,Lauryn Hill,Interlude 5,r&b/soul,5.632149999999999,Twista,I'm A Winner (Amended Album Version),hip hop,5.386478124999999,Erykah Badu,I Want You,r&b/soul,4.831332812500001,Beastie Boys,So What'Cha Want (Butt Naked Version) (Explicit) (2009 Digital Remaster),hip hop,0.7923761857122225,Clawfinger,Revenge,metal,0.7914956272938093,Angela Bofill,I Try,r&b/soul,0.7896786552576108,Beastie Boys,So What'Cha Want (Butt Naked Version) (Explicit) (2009 Digital Remaster),hip hop,0.7991199678096599,Clawfinger,Revenge,metal,0.7979245614795774,Angela Bofill,I Try,r&b/soul,0.7954905739980809,Lauryn Hill,Interlude 5,r&b/soul,163.73942493126975,Beastie Boys,B-Boy Bouillabaisse: A.W.O.L. (2009 Digital Remaster),hip hop,156.86181840672555,Westlife,Bad Girls,pop,148.1408630855381,Westlife,Bad Girls,pop,123.32339948358725,Kool Moe Dee,Bad Mutha,hip hop,92.94777917349651,Anna Abreu,Bad Girl,pop,89.97135461255532,Frenzal Rhomb,Ballchef,punk,0.3226112387419464,Westlife,Bad Girls,pop,0.3169786839285703,The Ataris,You Need A Hug,punk,0.30750795147771465,Westlife,Bad Girls,pop,0.35784323647176247,Frenzal Rhomb,Ballchef,punk,0.3576891833139155,The Ataris,You Need A Hug,punk,0.3456887447580298
TRZVPFY128F92E19DF,SOPXOZV12AAF3B462D,ARP28RX1187B9AF6C4,The Offspring,Staring At The Sun,punk,Lauryn Hill,Interlude 5,r&b/soul,6817.0,Twista,I'm A Winner (Amended Album Version),hip hop,6499.0,Beastie Boys,B-Boy Bouillabaisse: A.W.O.L. (2009 Digital Remaster),hip hop,5836.0,Lauryn Hill,Interlude 5,r&b/soul,7.743850000000001,Twista,I'm A Winner (Amended Album Version),hip hop,7.61569375,Eminem,My Darling,hip hop,6.710409374999999,Kevin Devine,Fever Moon,folk,0.739577447907692,Clawfinger,Revenge,metal,0.7310384865398283,Amanda Jenssen,Don't Worry,r&b/soul,0.6993608344713057,Kevin Devine,Fever Moon,folk,0.7501832560096057,Clawfinger,Revenge,metal,0.7407940579777026,Amanda Jenssen,Don't Worry,r&b/soul,0.7112920499480058,Beastie Boys,B-Boy Bouillabaisse: A.W.O.L. (2009 Digital Remaster),hip hop,255.0632273220034,Recoil,Curse,electronic,203.13890200925994,The Slackers,Close My Eyes,reggae,197.24449996092693,Bis,Punk Rock Points,electronic,169.06883017367963,The Slackers,Close My Eyes,reggae,167.3027508072801,Ocean Colour Scene,Travellers Tune,pop,142.08238416160376,Bis,Punk Rock Points,electronic,0.3813050600271394,The Slackers,Close My Eyes,reggae,0.3594551270580284,Joan Baez,Don't Cry For Me Argentina,rock,0.28983055656396295,Bis,Punk Rock Points,electronic,0.41352573876362664,The Slackers,Close My Eyes,reggae,0.39817097146103175,Joan Baez,Don't Cry For Me Argentina,rock,0.34026864708283294
TRGAEVY128F428BEF6,SOWLEBB12A8C13972F,AR46CAD1187FB4D84B,Bad Religion,Operation Rescue,punk,Lauryn Hill,Interlude 5,r&b/soul,2094.0,Beastie Boys,B-Boy Bouillabaisse: A.W.O.L. (2009 Digital Remaster),hip hop,1450.0,Eminem,My Darling,hip hop,1214.0,Lauryn Hill,Interlude 5,r&b/soul,2.2840000000000003,Beastie Boys,B-Boy Bouillabaisse: A.W.O.L. (2009 Digital Remaster),hip hop,1.5336015625000003,Eminem,My Darling,hip hop,1.3133671875,Fad Gadget,Plain Clothes,electronic,0.5766946729351763,Suffocation,Brood Of Hatred (Album Version),metal,0.5752083467334724,Built To Spill,Planting Seeds,rock,0.5530248312312906,Fad Gadget,Plain Clothes,electronic,0.5967933663219459,Suffocation,Brood Of Hatred (Album Version),metal,0.5924374104983581,Built To Spill,Planting Seeds,rock,0.5783789616986831,Lauryn Hill,Interlude 5,r&b/soul,201.60564659266672,Recoil,Curse,electronic,148.29847680314688,N-Dubz,Feva Las Vegas,reggae,147.6370273470154,Lauryn Hill,Interlude 5,r&b/soul,104.50597933879124,N-Dubz,Feva Las Vegas,reggae,98.77874584977043,Recoil,Curse,electronic,88.670752812294,Third World,World Of Uncertainty,reggae,0.31325395433575765,Sneaky Sound System,16,pop,0.26557405891185554,David Ball,There Stands The Glass,country,0.2575751926694882,Third World,World Of Uncertainty,reggae,0.36079114457017136,Sneaky Sound System,16,pop,0.30531802098952177,The Streets,The Irony Of It All (Album Version),electronic,0.2994262336620754
TRPTWJT128F422F239,SOAOSYE12A6D4FB832,AR10USD1187B99F3F1,Silverstein,When Broken Is Easily Fixed (Album Version),punk,Lauryn Hill,Interlude 5,r&b/soul,3968.0,Danity Kane,Hold Me Down (Album Version),r&b/soul,3347.0,Five,That's What You Told Me,pop,3061.0,Lauryn Hill,Interlude 5,r&b/soul,4.557500000000002,Danity Kane,Hold Me Down (Album Version),r&b/soul,3.9972656249999967,Five,That's What You Told Me,pop,3.672031250000003,Jill Scott,He Loves Me (Lyzel In E Flat),r&b/soul,0.7243852888582915,Michael Penn,Comfort,rock,0.717348424704833,Taylor Swift,Crazier,country,0.6979844228279384,Jill Scott,He Loves Me (Lyzel In E Flat),r&b/soul,0.728433473710059,Michael Penn,Comfort,rock,0.7262262332197584,Taylor Swift,Crazier,country,0.709096476192283,Recoil,Curse,electronic,143.6090047042941,Eminem,My Darling,hip hop,140.51368817306718,Twista,Overdose (Album Version),hip hop,137.97088477821728,Glassjaw,Pretty Lush (Album Version),metal,95.74623953547736,Emery,Bloodless,punk,95.16649608968122,Cannibal Corpse,Sentenced to Burn,metal,89.95882944470524,Glassjaw,Pretty Lush (Album Version),metal,0.25553878088542636,Nevermore,C.b.f.,metal,0.2538450989681142,Hot Water Music,Bottomless Seas,punk,0.25284862241069817,Glassjaw,Pretty Lush (Album Version),metal,0.3058615913923236,Nevermore,C.b.f.,metal,0.30042190037225147,Hot Water Music,Bottomless Seas,punk,0.29363698102616403
TRPYGVQ128E078EFE9,SOEDBQL12A670213B3,ARWA6NT1187FB3F15C,The Cure,Want,punk,Lauryn Hill,Interlude 5,r&b/soul,5579.0,Twista,I'm A Winner (Amended Album Version),hip hop,4571.0,Erykah Badu,I Want You,r&b/soul,4071.0,Lauryn Hill,Interlude 5,r&b/soul,6.5597499999999975,Twista,I'm A Winner (Amended Album Version),hip hop,5.443187499999999,Erykah Badu,I Want You,r&b/soul,4.936593749999999,Beastie Boys,So What'Cha Want (Butt Naked Version) (Explicit) (2009 Digital Remaster),hip hop,0.6963210362069703,Bouncing Souls_ The,Pervert,electronic,0.6875904805395763,Shania Twain,All Fired Up_ No Place To Go,country,0.6822005754465776,Beastie Boys,So What'Cha Want (Butt Naked Version) (Explicit) (2009 Digital Remaster),hip hop,0.7036822071249154,Bouncing Souls_ The,Pervert,electronic,0.6949354270021553,Shania Twain,All Fired Up_ No Place To Go,country,0.6897099032142422,Tricky,Tricky Versus Lynx (Live),hip hop,130.40612011296068,Ludacris,Ho,hip hop,120.84003396748639,Otis Redding,The Dog ( LP Version),r&b/soul,113.9478608481489,Otis Redding,The Dog ( LP Version),r&b/soul,108.71401321490188,Ludacris,Ho,hip hop,103.56755834941983,The Specials,Do The Dog,reggae,103.169441927191,Otis Redding,The Dog ( LP Version),r&b/soul,0.3854033028987813,The Specials,Do The Dog,reggae,0.3699983497523753,tobyMac,TruDog: The Return,hip hop,0.2898208266571093,Otis Redding,The Dog ( LP Version),r&b/soul,0.3963913865207438,The Specials,Do The Dog,reggae,0.3855036568453882,tobyMac,TruDog: The Return,hip hop,0.3083762305348955
TRJNMGP128F92E0427,SOGXZZI12AAF3B2704,AR8UICP11C8A4154FD,Hey Monday,Josey,punk,Lauryn Hill,Interlude 5,r&b/soul,3317.0,Beastie Boys,B-Boy Bouillabaisse: A.W.O.L. (2009 Digital Remaster),hip hop,2241.0,Daft Punk,Touch It / Technologic,electronic,2104.0,Lauryn Hill,Interlude 5,r&b/soul,3.66785,Daft Punk,Touch It / Technologic,electronic,2.441175000000001,Beastie Boys,B-Boy Bouillabaisse: A.W.O.L. (2009 Digital Remaster),hip hop,2.4011749999999985,The Bluetones,Carnt Be Trusted,pop,0.6742306252578444,Bruce Hornsby and the Range,The Way It Is,rock,0.6285831885418398,Raine Maida,Earthless,folk,0.6148410342354351,The Bluetones,Carnt Be Trusted,pop,0.689886393722987,Bruce Hornsby and the Range,The Way It Is,rock,0.6448952609528046,Raine Maida,Earthless,folk,0.6299635498994527,Beastie Boys,B-Boy Bouillabaisse: A.W.O.L. (2009 Digital Remaster),hip hop,230.62804737594203,Twista,Overdose (Album Version),hip hop,203.36609830047507,Eminem,8 Mile,hip hop,176.33841727386252,The Corrs,Queen Of Hollywood ( LP Version ),pop,127.67695042628763,Dance Hall Crashers,DHC,reggae,115.60771322716823,Slightly Stoopid,Officer,reggae,110.41166042299697,Dance Hall Crashers,DHC,reggae,0.2713260806733702,Fear,Beef Bologna,punk,0.259626564344187,The Coral,She Sings The Mourning,rock,0.25229313065784525,Dance Hall Crashers,DHC,reggae,0.32824379073085264,Rise Against,The Dirt Whispered,punk,0.306176970544848,Mojave 3,Tinkers Blues,folk,0.2928432390297616
TRVWMAR128F425A2DA,SOMFMFC12A8AE45B47,AR13CXU1187B9AD30A,The Clash,1-2 Crush On You,punk,Twista,I'm A Winner (Amended Album Version),hip hop,7262.0,Lauryn Hill,Interlude 5,r&b/soul,7112.0,Erykah Badu,I Want You,r&b/soul,6549.0,Twista,I'm A Winner (Amended Album Version),hip hop,8.698712499999997,Lauryn Hill,Interlude 5,r&b/soul,8.310400000000001,Erykah Badu,I Want You,r&b/soul,7.973231250000001,Electric Light Orchestra,Auntie (Ma-Ma-Ma Belle),rock,0.8140767045237267,Brian McKnight,Holdin' On [Missin' U] (Album Version),r&b/soul,0.7801241176967937,Mel & Kim,System,pop,0.7772882131287217,Electric Light Orchestra,Auntie (Ma-Ma-Ma Belle),rock,0.8184781019138007,Brian McKnight,Holdin' On [Missin' U] (Album Version),r&b/soul,0.7856285670674079,Mel & Kim,System,pop,0.7833750247726515,Lauryn Hill,Interlude 5,r&b/soul,238.91918364462458,Michael Jackson,Man In The Mirror,pop,234.48871964798232,Us3,Knowledge Of Self,jazz,213.10754926597562,Michael Jackson,Man In The Mirror,pop,172.0236873632345,Us3,Knowledge Of Self,jazz,160.3026621702571,Talib Kweli,Eat To Live (Album Version),hip hop,123.37335313344255,Electric Light Orchestra,Auntie (Ma-Ma-Ma Belle),rock,0.35104591173849786,Us3,Knowledge Of Self,jazz,0.33840158675448034,Fleetwood Mac,Hellhound On My Trail,blues,0.3086580352033718,Us3,Knowledge Of Self,jazz,0.4022191414304439,Electric Light Orchestra,Auntie (Ma-Ma-Ma Belle),rock,0.3901233828111171,Talib Kweli,Eat To Live (Album Version),hip hop,0.3363875743620522
TRCKZBM128F425A2DD,SOJPDPR12A8AE45B50,AR13CXU1187B9AD30A,The Clash,Brand New Cadillac,punk,Lauryn Hill,Interlude 5,r&b/soul,1562.0,Twiztid,She Ain't Afraid,hip hop,1429.0,K-Ci & JoJo,Baby Come Back,blues,1412.0,Lauryn Hill,Interlude 5,r&b/soul,1.6787999999999998,K-Ci & JoJo,Baby Come Back,blues,1.672960937500001,Twiztid,She Ain't Afraid,hip hop,1.626901562500001,Billy Squier,She's A Runner (24-Bit Digitally Remastered 02),rock,0.5783845825398553,Asaf Avidan & the Mojos,Over You Blues,blues,0.5554113248611331,Willie Dixon,That's My Baby,blues,0.5271528991674369,Billy Squier,She's A Runner (24-Bit Digitally Remastered 02),rock,0.5914153703399583,Asaf Avidan & the Mojos,Over You Blues,blues,0.5664108791144276,Willie Dixon,That's My Baby,blues,0.5405233696340517,Jeru The Damaja,Me Or The Papes,hip hop,168.27043734263512,Kurupt,It Ain't About You,hip hop,161.17954229758624,Junior Senior,C'Mon,electronic,161.06864915862064,Junior Senior,C'Mon,electronic,138.82499820402617,Jeru The Damaja,Me Or The Papes,hip hop,131.7414287924594,Blind Willie Johnson,Jesus Is Coming Soon,blues,123.92747948544898,Nina Simone,He Ain't Comin' Home No More,classical,0.40919827421450133,Junior Senior,C'Mon,electronic,0.27324964360800486,Blind Willie Johnson,Jesus Is Coming Soon,blues,0.2701931105040582,Nina Simone,He Ain't Comin' Home No More,classical,0.4308994847144228,Junior Senior,C'Mon,electronic,0.30269318991216787,Jackson 5,Goin' Back To Indiana,r&b/soul,0.2944816603532331
TRCFCHA128F4259A75,SORYRRU12A8AE45B60,AR13CXU1187B9AD30A,The Clash,Cool Confusion,punk,Lauryn Hill,Interlude 5,r&b/soul,2022.0,Beastie Boys,B-Boy Bouillabaisse: A.W.O.L. (2009 Digital Remaster),hip hop,1901.0,The Pharcyde,Otha Fish,hip hop,1723.0,Lauryn Hill,Interlude 5,r&b/soul,2.1250000000000027,Beastie Boys,B-Boy Bouillabaisse: A.W.O.L. (2009 Digital Remaster),hip hop,2.039648437499999,The Pharcyde,Otha Fish,hip hop,1.9445703125,The Supremes,Stranger In Paradise,r&b/soul,0.5983002946014025,The Itals,In Deh,reggae,0.5782416006054896,The Be Good Tanyas,Midnight Moonlight,folk,0.5682863611064933,The Supremes,Stranger In Paradise,r&b/soul,0.6146838438611498,Wu-Tang Clan,The What,hip hop,0.6011684529081096,The Itals,In Deh,reggae,0.5947372708263751,Beastie Boys,B-Boy Bouillabaisse: A.W.O.L. (2009 Digital Remaster),hip hop,247.38333433428707,Big Brovaz,Find A Way,hip hop,234.08447451596734,Twista,No Remorse (Album Version),hip hop,231.7639304855895,Jill Scott,Brotha,r&b/soul,164.45665327302464,Lyfe Jennings,She Got Kids,r&b/soul,157.30550434969032,Big Brovaz,Find A Way,hip hop,155.86199491491772,999,Me And My Desire,punk,0.3257427437154942,Blink-182,GO,punk,0.31154560679155663,Jill Scott,Brotha,r&b/soul,0.28689350563415594,999,Me And My Desire,punk,0.3657723871307387,Jackie Greene,Hollywood,blues,0.3556840101166881,Blink-182,GO,punk,0.3516504448064344
TRYSJKQ128F4259A73,SOKVAFU12A8AE46882,AR13CXU1187B9AD30A,The Clash,First Night Back In London,punk,Lauryn Hill,Interlude 5,r&b/soul,1438.0,Beastie Boys,B-Boy Bouillabaisse: A.W.O.L. (2009 Digital Remaster),hip hop,1407.0,Twista,I'm A Winner (Amended Album Version),hip hop,1226.0,Beastie Boys,B-Boy Bouillabaisse: A.W.O.L. (2009 Digital Remaster),hip hop,1.556789062499999,Lauryn Hill,Interlude 5,r&b/soul,1.5559999999999992,Twista,I'm A Winner (Amended Album Version),hip hop,1.3746718749999998,A Tribe Called Quest,Baby Phife's Return,hip hop,0.6312523736707374,John Denver,El Paso,rock,0.6295263127494198,Beastie Boys,B-Boy Bouillabaisse: A.W.O.L. (2009 Digital Remaster),hip hop,0.6210111243512103,A Tribe Called Quest,Baby Phife's Return,hip hop,0.658400987137392,John Denver,El Paso,rock,0.6533716809077528,Beastie Boys,B-Boy Bouillabaisse: A.W.O.L. (2009 Digital Remaster),hip hop,0.6491256390286232,Beastie Boys,B-Boy Bouillabaisse: A.W.O.L. (2009 Digital Remaster),hip hop,197.7473186679395,Lauryn Hill,Interlude 5,r&b/soul,170.373057119797,Twista,Overdose (Album Version),hip hop,158.12763570012226,Beastie Boys,B-Boy Bouillabaisse: A.W.O.L. (2009 Digital Remaster),hip hop,91.61182956458931,Twista,Overdose (Album Version),hip hop,79.40234492913086,Scarlett Johansson,Summertime,jazz,76.21204902181884,Crash Romeo,Minutes to Miles,punk,0.2650590842901732,Lloyd Cole,vin ordinaire,rock,0.23299170716722775,Slim Harpo,One More Day,blues,0.21804623219269303,Crash Romeo,Minutes to Miles,punk,0.3156986865820772,Rehab,Chest Pain,hip hop,0.2844539500870851,Beastie Boys,B-Boy Bouillabaisse: A.W.O.L. (2009 Digital Remaster),hip hop,0.2816806020182796
TRAQKVC128F425E65C,SOUTRYP12A8AE46BC6,AR13CXU1187B9AD30A,The Clash,Inoculated City,punk,Lauryn Hill,Interlude 5,r&b/soul,1291.0,Ja Rule,One of Us,hip hop,937.0,Beastie Boys,B-Boy Bouillabaisse: A.W.O.L. (2009 Digital Remaster),hip hop,894.0,Lauryn Hill,Interlude 5,r&b/soul,1.3975499999999998,Ja Rule,One of Us,hip hop,1.0405312500000008,Beastie Boys,B-Boy Bouillabaisse: A.W.O.L. (2009 Digital Remaster),hip hop,0.936696875,Immortal Technique,The 4th Branch,hip hop,0.5811706635845596,Don Francisco,Adam_ Where Are You?,country,0.5555592093800195,Andrew Lloyd Webber,Masquerade,classical,0.5524027015457234,Immortal Technique,The 4th Branch,hip hop,0.6038773798613895,Andrew Lloyd Webber,Masquerade,classical,0.5774355286412254,Don Francisco,Adam_ Where Are You?,country,0.5774148486359397,Beastie Boys,B-Boy Bouillabaisse: A.W.O.L. (2009 Digital Remaster),hip hop,136.0030266515662,Pain of Salvation,Spitfall,metal,133.15857044568105,Hollywood Undead,Undead,hip hop,112.73262714566783,Pain of Salvation,Spitfall,metal,87.590253749648,Bob Dylan,With God On Our Side,folk,74.66878473704125,Hollywood Undead,Undead,hip hop,69.87897659715702,The Prodigy,Invaders Must Die,electronic,0.2864594037549725,Good Riddance,21 Guns (Good Riddance),punk,0.2776579903588482,Skip James,I'm So Glad,blues,0.27457982888288185,Good Riddance,21 Guns (Good Riddance),punk,0.3170151471041442,Bob Dylan,With God On Our Side,folk,0.30418587020183013,The Prodigy,Invaders Must Die,electronic,0.2915753617304611
TRUASIU128F425A1D7,SOKPHTL12A8AE47058,AR13CXU1187B9AD30A,The Clash,Lost In The Supermarket,punk,Beastie Boys,B-Boy Bouillabaisse: A.W.O.L. (2009 Digital Remaster),hip hop,6301.0,Eminem,8 Mile,hip hop,6162.0,Mario Vazquez,Everytime I...,r&b/soul,5834.0,Beastie Boys,B-Boy Bouillabaisse: A.W.O.L. (2009 Digital Remaster),hip hop,7.395390625000001,Eminem,8 Mile,hip hop,7.339609374999989,Mario Vazquez,Everytime I...,r&b/soul,7.11671875,Mary Black,Raven In The Storm,folk,0.7749839111112753,Patricia Barber,The Moon,jazz,0.7591238984445218,Mest,Can't Take This (Album Version),punk,0.7583462770525856,Mary Black,Raven In The Storm,folk,0.779075409628105,Patricia Barber,The Moon,jazz,0.763768800811405,Mest,Can't Take This (Album Version),punk,0.7633558973227766,Lauryn Hill,Interlude 5,r&b/soul,185.1156890785162,Snoop Dogg,Snoopafella (Edited),hip hop,151.56331249937404,EPMD,Knick Knack Patty Wack,hip hop,136.64900716337777,Just Jack,253,electronic,91.72609791854372,Snoop Dogg,Snoopafella (Edited),hip hop,85.98178159548677,Fall Out Boy,The Music Or The Misery,punk,83.27370156500153,VAST,Here's To All The People I Have Lost,rock,0.2900701925029482,Blossom Dearie,Just In Time,jazz,0.2615795182478928,SUPREME BEINGS OF LEISURE,So Much More,electronic,0.2520738870738099,VAST,Here's To All The People I Have Lost,rock,0.32009459756215236,Blossom Dearie,Just In Time,jazz,0.29482403277793984,Autograph,The City,hip hop,0.29086535206186537
TROLGMC128F4259BB8,SOMAATM12A8AE45E6A,AR13CXU1187B9AD30A,The Clash,Overpowered By Funk,punk,Lauryn Hill,Interlude 5,r&b/soul,3126.0,Beastie Boys,B-Boy Bouillabaisse: A.W.O.L. (2009 Digital Remaster),hip hop,2672.0,Twista,I'm A Winner (Amended Album Version),hip hop,2560.0,Lauryn Hill,Interlude 5,r&b/soul,3.4704999999999995,Beastie Boys,B-Boy Bouillabaisse: A.W.O.L. (2009 Digital Remaster),hip hop,2.974546875,Twista,I'm A Winner (Amended Album Version),hip hop,2.9144062500000008,Funkadelic,One Nation Under A Groove,r&b/soul,0.5893803592235454,Free,Mr. Big,rock,0.5881952451112951,Anastacia,Club Megamix,rock,0.5863910949639672,Funkadelic,One Nation Under A Groove,r&b/soul,0.6101384291647136,Anastacia,Club Megamix,rock,0.6090711087036049,Free,Mr. Big,rock,0.6085229691820605,Fatboy Slim,The Rockafeller Skank,electronic,297.17627798792034,Cameo,Funk Funk,r&b/soul,271.7671766506446,Funkadelic,One Nation Under A Groove,r&b/soul,264.9511726541421,Fatboy Slim,The Rockafeller Skank,electronic,269.68675609497365,Cameo,Funk Funk,r&b/soul,243.8486766285475,Funkadelic,One Nation Under A Groove,r&b/soul,227.2523735770873,Cameo,Funk Funk,r&b/soul,0.4865874400790856,The Bar-Kays,Shake Your Rump To The Funk,r&b/soul,0.40237177546249975,Fatboy Slim,The Rockafeller Skank,electronic,0.36493514748222916,Cameo,Funk Funk,r&b/soul,0.5134272613056895,The Bar-Kays,Shake Your Rump To The Funk,r&b/soul,0.42869582474767765,Funkadelic,One Nation Under A Groove,r&b/soul,0.3871181555419892
TRMQMTC128F428A516,SOSTMID12A8C13A27B,AR46CAD1187FB4D84B,Bad Religion,Automatic Man (Album Version),punk,Lauryn Hill,Interlude 5,r&b/soul,1916.0,Beastie Boys,B-Boy Bouillabaisse: A.W.O.L. (2009 Digital Remaster),hip hop,1374.0,Michael Jackson,Man In The Mirror,pop,1296.0,Lauryn Hill,Interlude 5,r&b/soul,2.1351,Propellerheads,Velvet Pants,electronic,1.539092187499998,Beastie Boys,B-Boy Bouillabaisse: A.W.O.L. (2009 Digital Remaster),hip hop,1.5001515624999993,Bill Withers,Who Is He? (And What Is He To You?),r&b/soul,0.7348932779218871,Bellamy Brothers,Old Hippie,country,0.7297087633792954,Suicidal Tendencies,Possessed To Skate,metal,0.7180478349383445,Bill Withers,Who Is He? (And What Is He To You?),r&b/soul,0.7426565469688222,Bellamy Brothers,Old Hippie,country,0.7389383403275933,Suicidal Tendencies,Possessed To Skate,metal,0.7276437794230677,Beastie Boys,B-Boy Bouillabaisse: A.W.O.L. (2009 Digital Remaster),hip hop,205.46756575997853,Lauryn Hill,Interlude 5,r&b/soul,166.33454906550816,Gang Starr,The Illest Brother,hip hop,139.3543251130632,Beastie Boys,B-Boy Bouillabaisse: A.W.O.L. (2009 Digital Remaster),hip hop,115.1811352285495,Us3,Just Another Brother,jazz,106.12712824831382,Gang Starr,The Illest Brother,hip hop,90.42370272829821,Big Bad Voodoo Daddy,Reefer Man,jazz,0.3046524246367003,Kathy Troccoli,I Call Him Love,pop,0.2968997563243551,Suicidal Tendencies,Possessed To Skate,metal,0.29258287618391227,Big Bad Voodoo Daddy,Reefer Man,jazz,0.3377321719573333,Suicidal Tendencies,Possessed To Skate,metal,0.3353142092849673,Kathy Troccoli,I Call Him Love,pop,0.33297763699294886
TRQENBA128F426093C,SOQLMHB12A8C1384BF,AR46CAD1187FB4D84B,Bad Religion,Chimaera (Album Version),punk,Lauryn Hill,Interlude 5,r&b/soul,5138.0,Twista,I'm A Winner (Amended Album Version),hip hop,3017.0,Eminem,My Darling,hip hop,2935.0,Lauryn Hill,Interlude 5,r&b/soul,6.0453,Twista,I'm A Winner (Amended Album Version),hip hop,3.5247375,Eminem,My Darling,hip hop,3.4378687500000003,Small Sins,She's The Source,rock,0.8014700482395711,Anacrusis,What You Became,metal,0.7926228091290242,Bunny Wailer,Roots,reggae,0.7810602607288457,Small Sins,She's The Source,rock,0.8070223082023004,Anacrusis,What You Became,metal,0.7980182213718866,Bunny Wailer,Roots,reggae,0.7872396565780551,Lauryn Hill,Interlude 5,r&b/soul,207.4983730530464,Beastie Boys,B-Boy Bouillabaisse: A.W.O.L. (2009 Digital Remaster),hip hop,173.88523636998087,Petey Pablo,Fool For Love,hip hop,150.10393828299104,Monica,Hurts The Most,r&b/soul,103.5784083054191,Lauryn Hill,Interlude 5,r&b/soul,90.62377546028554,Eminem,Ken Kaniff,hip hop,86.18658673951158,Monica,Hurts The Most,r&b/soul,0.24540591701145845,Frenzal Rhomb,Ballchef,punk,0.24133176285100347,Sopor Aeternus & The Ensemble Of Shadows,Some Men Are Like Chocolate,classical,0.22745448525082432,Monica,Hurts The Most,r&b/soul,0.31170020332953197,Sopor Aeternus & The Ensemble Of Shadows,Some Men Are Like Chocolate,classical,0.287866903284458,Frenzal Rhomb,Ballchef,punk,0.28680819626765863
TRJCXHB128F428AC5B,SOLDKOL12A8C1392D1,AR46CAD1187FB4D84B,Bad Religion,Damned to Be Free (Album Version),punk,Lauryn Hill,Interlude 5,r&b/soul,1601.0,Beastie Boys,B-Boy Bouillabaisse: A.W.O.L. (2009 Digital Remaster),hip hop,1506.0,Vanilla Ice,Ice Is Workin' It,hip hop,1458.0,Lauryn Hill,Interlude 5,r&b/soul,1.71605,Vanilla Ice,Ice Is Workin' It,hip hop,1.6876500000000012,Beastie Boys,B-Boy Bouillabaisse: A.W.O.L. (2009 Digital Remaster),hip hop,1.6439937500000008,Tonedeff,Ridiculous,hip hop,0.6402949779064907,Dan Le Sac vs Scroobius Pip,Fixed,hip hop,0.5887571466126005,Bird York,Lovely Thing,pop,0.5857897232034521,Tonedeff,Ridiculous,hip hop,0.6641014558792049,Dan Le Sac vs Scroobius Pip,Fixed,hip hop,0.6168363179918088,Bird York,Lovely Thing,pop,0.6066969872935191,Lauryn Hill,Interlude 5,r&b/soul,181.53702601040112,Recoil,Curse,electronic,159.75905417230703,Beastie Boys,B-Boy Bouillabaisse: A.W.O.L. (2009 Digital Remaster),hip hop,159.61454095418316,Recoil,Curse,electronic,93.73062436255499,Tonedeff,Ridiculous,hip hop,82.78918621997747,Michael Jackson,Man In The Mirror,pop,81.32965323362214,Skinless,Wicked World,metal,0.23571379696238012,Ill Niño,Re-Birth,metal,0.22468105063271332,Naked Aggression,Plastic World,punk,0.22385170555817627,Tonedeff,Ridiculous,hip hop,0.30416828441322125,Skinless,Wicked World,metal,0.286204791452872,Ill Niño,Re-Birth,metal,0.2786325007053789
TRHWAPL128F428BEEE,SOSHLOP12A8C13971C,AR46CAD1187FB4D84B,Bad Religion,Get Off,punk,Lauryn Hill,Interlude 5,r&b/soul,3021.0,Beastie Boys,B-Boy Bouillabaisse: A.W.O.L. (2009 Digital Remaster),hip hop,2859.0,Eminem,8 Mile,hip hop,2636.0,Lauryn Hill,Interlude 5,r&b/soul,3.488750000000006,Beastie Boys,B-Boy Bouillabaisse: A.W.O.L. (2009 Digital Remaster),hip hop,3.333320312500004,Eminem,8 Mile,hip hop,3.113554687499995,Common,Book Of Life,hip hop,0.842443627136638,Manafest,Runaway,hip hop,0.8052530656625047,The Mighty Mighty Bosstones,Someday I Suppose,reggae,0.801163876123511,Common,Book Of Life,hip hop,0.8479692210360039,Manafest,Runaway,hip hop,0.811862109141525,The Mighty Mighty Bosstones,Someday I Suppose,reggae,0.807750846776038,Lauryn Hill,Interlude 5,r&b/soul,148.034006403279,Beastie Boys,B-Boy Bouillabaisse: A.W.O.L. (2009 Digital Remaster),hip hop,146.74362519473883,OutKast,Mainstream,hip hop,130.74792477706112,Kurupt,Who Ride Wit Us,hip hop,81.75501657946582,OutKast,Mainstream,hip hop,81.69350264766904,Brand Nubian,All For One (Explicit) (2006 Remastered LP Version),hip hop,74.18849919543442,Pat Travers,Is This Love,reggae,0.260030053060095,Dru Hill,Share My World,r&b/soul,0.25451326063582164,Sophie Milman,(It's Not Easy) Bein' Green,jazz,0.233568598909657,Dru Hill,Share My World,r&b/soul,0.3084088947871862,OutKast,Mainstream,hip hop,0.30768223826559166,Brand Nubian,All For One (Explicit) (2006 Remastered LP Version),hip hop,0.2990935338374657
TRHYIAH128F14825EC,SOLIECS12A6310F220,AROBHK51187B9AD82B,Funeral For A Friend,Juneau,punk,Beastie Boys,B-Boy Bouillabaisse: A.W.O.L. (2009 Digital Remaster),hip hop,3078.0,Lauryn Hill,Interlude 5,r&b/soul,2904.0,Life Without Buildings,New Town,rock,2783.0,Beastie Boys,B-Boy Bouillabaisse: A.W.O.L. (2009 Digital Remaster),hip hop,3.5262859375,Life Without Buildings,New Town,rock,3.3193171875000003,Lauryn Hill,Interlude 5,r&b/soul,3.2459,Mary Black,Raven In The Storm,folk,0.6868928992379543,Swollen Members,Switchblade,hip hop,0.6840839331618487,Gorefest,Super Reality,metal,0.6503141095247857,Swollen Members,Switchblade,hip hop,0.6938732714808346,Mary Black,Raven In The Storm,folk,0.6934775721850356,Gorefest,Super Reality,metal,0.6595237072114135,Eminem,My Darling,hip hop,124.11536247840151,Recoil,Curse,electronic,121.91175868818165,Pain of Salvation,Spitfall,metal,111.42022054279875,Incognito,Stone Cold Heart,r&b/soul,90.67065309986869,Kylie Minogue,Love At First Sight (The Scumfrog's Beauty And The Beast Vocal Edit),electronic,78.92079422731831,Die Trying,Oxygen's Gone,rock,76.58468196023225,The Lucksmiths,Guess How Much I Love You,hip hop,0.25357674270268216,Incognito,Stone Cold Heart,r&b/soul,0.2438169279356619,Billie Holiday,More Than You Know,jazz,0.24381392825424256,The Lucksmiths,Guess How Much I Love You,hip hop,0.2856966087245462,Incognito,Stone Cold Heart,r&b/soul,0.2784123935371073,Billie Holiday,More Than You Know,jazz,0.27311655201942614
TRWMODL128F92E7E2A,SOLOBYS12AB017B614,ARUUP451187B9AF56E,Wire,Another The letter,punk,The Pharcyde,Otha Fish,hip hop,756.0,Michael Jackson,Man In The Mirror,pop,664.0,Lauryn Hill,Interlude 5,r&b/soul,629.0,The Pharcyde,Otha Fish,hip hop,0.86371875,Michael Jackson,Man In The Mirror,pop,0.6959125,Lauryn Hill,Interlude 5,r&b/soul,0.62985,Ayreon,Prologue,metal,0.5019715949080147,Cinderella Effect,Israel,classical,0.4722211219286184,The Itals,In Deh,reggae,0.4709452257138419,Ayreon,Prologue,metal,0.5187057995836745,Cinderella Effect,Israel,classical,0.4905351792173505,Subtle,Requiem for a Dive,electronic,0.4904698163315102,Suicidal Tendencies,Where's The Truth,metal,106.212498721573,Beastie Boys,B-Boy Bouillabaisse: A.W.O.L. (2009 Digital Remaster),hip hop,93.40809975851506,Savatage,The Hourglass,metal,91.9470393671787,Suicidal Tendencies,Where's The Truth,metal,90.90746664062272,Belinda Carlisle,Heaven Is A Place On Earth,pop,63.13579745746694,Michael Jackson,Man In The Mirror,pop,58.064569222204696,Suicidal Tendencies,Where's The Truth,metal,0.3235988803341967,Elton John,Heart In The Right Place,pop,0.25197053771825945,Freedom Call,Flying high,metal,0.23859442296301744,Suicidal Tendencies,Where's The Truth,metal,0.3578033046748098,Elton John,Heart In The Right Place,pop,0.2893396701621511,Gary Allan,Promise Broken,country,0.27242058888606313
TRABGYE128E078278A,SODQTSE12A6310D90B,ARUUP451187B9AF56E,Wire,Strange,punk,Public Enemy,Go Cat Go,hip hop,982.0,Beastie Boys,B-Boy Bouillabaisse: A.W.O.L. (2009 Digital Remaster),hip hop,882.0,Lauryn Hill,Interlude 5,r&b/soul,831.0,Public Enemy,Go Cat Go,hip hop,1.1717000000000015,Bowling For Soup,Here We Go,punk,0.9652999999999988,The Pharcyde,Otha Fish,hip hop,0.9189999999999998,Kelis,Trilogy,r&b/soul,0.4478460942265047,The Departure,Arms Around Me (BBC 6Music Session),rock,0.4218289357093418,Belleruche,Bought & Sold,jazz,0.4153749140864264,Kelis,Trilogy,r&b/soul,0.4647603253523263,The Departure,Arms Around Me (BBC 6Music Session),rock,0.4392361824643516,Belleruche,Bought & Sold,jazz,0.4331315117697229,Beastie Boys,B-Boy Bouillabaisse: A.W.O.L. (2009 Digital Remaster),hip hop,105.26960770885199,The Corrs,Queen Of Hollywood ( LP Version ),pop,98.38824239478592,Drowning Pool,Bodies,metal,92.72133602030627,Drowning Pool,Bodies,metal,82.29620141491655,The Corrs,Queen Of Hollywood ( LP Version ),pop,78.7118843806794,Dance Hall Crashers,DHC,reggae,75.28357737677652,ANJA GARBAREK,Something Written,jazz,0.32496472530842985,Mountain Goats,Have To Explode,rock,0.2685281609518613,Destroyer,Smith,folk,0.26515136649403526,ANJA GARBAREK,Something Written,jazz,0.3423330322335168,Mountain Goats,Have To Explode,rock,0.29526741242232735,Dance Hall Crashers,DHC,reggae,0.2851284506513003
TRBAQPR128F92F4AB0,SODLLJJ12A8C141D54,ARDT4K91187FB53602,The Wonder Years,Dude_ What Is a Land Pirate?,punk,Lauryn Hill,Interlude 5,r&b/soul,4562.0,Beastie Boys,B-Boy Bouillabaisse: A.W.O.L. (2009 Digital Remaster),hip hop,3111.0,Erykah Badu,I Want You,r&b/soul,2973.0,Lauryn Hill,Interlude 5,r&b/soul,5.2287,Erykah Badu,I Want You,r&b/soul,3.542115624999998,Beastie Boys,B-Boy Bouillabaisse: A.W.O.L. (2009 Digital Remaster),hip hop,3.492521874999998,Chantal Kreviazuk,Ghosts Of You,pop,0.7229487440801527,Hollywood Undead,Undead,hip hop,0.7212510847321009,Digable Planets,Slowes' Comb/The May 4th Movement starring Doodlebug,reggae,0.7042266072233647,Chantal Kreviazuk,Ghosts Of You,pop,0.7369038830998202,Hollywood Undead,Undead,hip hop,0.7359877238937358,Digable Planets,Slowes' Comb/The May 4th Movement starring Doodlebug,reggae,0.7194463918810536,Lauryn Hill,Interlude 5,r&b/soul,243.45826175082604,Twiztid,She Ain't Afraid,hip hop,196.19770798805664,Twista,Overdose (Album Version),hip hop,196.168656116334,Twiztid,She Ain't Afraid,hip hop,116.91022247569371,Lauryn Hill,Interlude 5,r&b/soul,115.43765321280114,Eminem,Ken Kaniff,hip hop,109.75664191783419,Mayday Parade,I'd Hate To Be You When People Find Out What This Song Is About (Album),rock,0.26534814800531176,Lucie Silvas,Already Gone,pop,0.26455727104769916,Modern Life Is War,Destination: Death or Better Days,metal,0.2559565249283265,Lucie Silvas,Already Gone,pop,0.3271537994611443,Modern Life Is War,Destination: Death or Better Days,metal,0.31931117485255656,Mayday Parade,I'd Hate To Be You When People Find Out What This Song Is About (Album),rock,0.31739900158326395
TRVOTRF128F148AE44,SOYCTSV12A6D4FB43C,ARMKNC21187FB4696B,Dashboard Confessional,Again I Go Unnoticed,punk,Lauryn Hill,Interlude 5,r&b/soul,2719.0,Beastie Boys,B-Boy Bouillabaisse: A.W.O.L. (2009 Digital Remaster),hip hop,2153.0,Eminem,My Darling,hip hop,1924.0,Lauryn Hill,Interlude 5,r&b/soul,2.9502500000000005,Beastie Boys,B-Boy Bouillabaisse: A.W.O.L. (2009 Digital Remaster),hip hop,2.316179687499999,Life Without Buildings,New Town,rock,2.142585937500001,Dawn of Relic,The Awakening,metal,0.5739599552329896,Bebo Norman,Other Side of Day,rock,0.5711380002276907,Assemblage 23,MAPS OF REALITY,pop,0.5653855607305304,Bebo Norman,Other Side of Day,rock,0.5939071978394765,Dawn of Relic,The Awakening,metal,0.5927209844460312,Majesty,Lord Of The Damned,metal,0.5881893376910972,Beastie Boys,B-Boy Bouillabaisse: A.W.O.L. (2009 Digital Remaster),hip hop,194.96353205050494,Recoil,Curse,electronic,169.6586838163302,Lauryn Hill,Interlude 5,r&b/soul,165.69033836032773,Alicia Keys,Tell You Something (Nana's Reprise),r&b/soul,118.12421142294303,Toni Braxton,Breathe Again,r&b/soul,114.74686065242369,Jodeci,I'm Still Waiting,r&b/soul,108.53572334643106,The Ponys,Another Wound,rock,0.2814306510488279,Left Alone,Lonely Starts & Broken Hearts (Album Version),reggae,0.2699161738287285,Toni Braxton,Breathe Again,r&b/soul,0.25546947864235503,The Ponys,Another Wound,rock,0.3248885917964122,Jodeci,I'm Still Waiting,r&b/soul,0.30567251536617496,Capdown,MV4,reggae,0.30287756178462094
TRRERUT128F1477144,SOWSXYV12A58A7CCC3,ARMKNC21187FB4696B,Dashboard Confessional,Carry This Picture,punk,Lauryn Hill,Interlude 5,r&b/soul,2326.0,Beastie Boys,B-Boy Bouillabaisse: A.W.O.L. (2009 Digital Remaster),hip hop,2230.0,Eminem,8 Mile,hip hop,1875.0,Lauryn Hill,Interlude 5,r&b/soul,2.5671,Beastie Boys,B-Boy Bouillabaisse: A.W.O.L. (2009 Digital Remaster),hip hop,2.50283125,Eminem,8 Mile,hip hop,2.1289187500000004,Andrea Bocelli,I Believe,classical,0.669958103475575,The Cat Empire,The Car Song,reggae,0.6568762642321883,Lacuna Coil,Soul Into Hades,metal,0.6565024415424643,Andrea Bocelli,I Believe,classical,0.6850096942744679,The Cat Empire,The Car Song,reggae,0.6729162091835548,Lacuna Coil,Soul Into Hades,metal,0.6728451985810541,Binary Star,Honest Expression,hip hop,145.87346592503204,Kanye West,Diamonds From Sierra Leone,hip hop,141.65722887248455,DJ Quik,Safe + Sound,hip hop,130.26060186110556,Kanye West,Diamonds From Sierra Leone,hip hop,83.46199186176526,Peter Hammill,Accidents,folk,80.88129234462399,Lyfe Jennings,Stingy,r&b/soul,80.24014780593136,Peter Hammill,Accidents,folk,0.250504141359761,Joy Electric,The Cobbler,electronic,0.2233799676057586,Lyfe Jennings,Stingy,r&b/soul,0.22050756547356995,Peter Hammill,Accidents,folk,0.28735274564732816,Lyfe Jennings,Stingy,r&b/soul,0.2689805797028809,Joy Electric,The Cobbler,electronic,0.26087615623313803
TRHGTHE128F428B4C3,SOVJEHL12A8C13B495,ARPDVPJ1187B9ADBE9,Usher,U R The One,r&b/soul,Lauryn Hill,Interlude 5,r&b/soul,6934.0,Twista,I'm A Winner (Amended Album Version),hip hop,6320.0,Beastie Boys,B-Boy Bouillabaisse: A.W.O.L. (2009 Digital Remaster),hip hop,5203.0,Lauryn Hill,Interlude 5,r&b/soul,7.821099999999999,Twista,I'm A Winner (Amended Album Version),hip hop,7.346850000000004,Erykah Badu,I Want You,r&b/soul,5.966425000000007,Kat DeLuna,Run The Show,r&b/soul,0.6052950963422954,Good Old War,Tell Me (Acoustic),folk,0.5888600530125543,Avant,Y.O.U.,blues,0.5831234773691122,Kat DeLuna,Run The Show,r&b/soul,0.623282822521767,Good Old War,Tell Me (Acoustic),folk,0.6084699092018043,Jonny Lang,Breakin Me,blues,0.6025935206912072,Prince,I Love U In Me ( LP Version),r&b/soul,428.6113834291055,N-Dubz,Feva Las Vegas,reggae,334.3356113384068,Prince,Jack U Off (LP Version),r&b/soul,332.1013834105331,Prince,I Love U In Me ( LP Version),r&b/soul,313.8970057922057,Prince,Jack U Off (LP Version),r&b/soul,297.5045622138428,Aztec Camera,Valium Summer,electronic,290.7297105536165,Prince,Jack U Off (LP Version),r&b/soul,0.44396486123790874,Jewel,Leave The Lights On (Album Version),pop,0.37743532562259113,Serge Gainsbourg,New York USA,folk,0.3657637346582136,Prince,Jack U Off (LP Version),r&b/soul,0.4710016428569977,Jewel,Leave The Lights On (Album Version),pop,0.40210055303300407,Janet Jackson,Never Letchu Go,r&b/soul,0.3959011202367519
TREIEOO128F42B0099,SOJPTRM12A8C14003B,ARXOTQH1187FB57084,Chris Brown,Ain't No Way (You Won't Love Me),r&b/soul,Lauryn Hill,Interlude 5,r&b/soul,13073.0,Twista,I'm A Winner (Amended Album Version),hip hop,11783.0,Danity Kane,Hold Me Down (Album Version),r&b/soul,10158.0,Lauryn Hill,Interlude 5,r&b/soul,15.278649999999995,Twista,I'm A Winner (Amended Album Version),hip hop,14.03430625,Danity Kane,Hold Me Down (Album Version),r&b/soul,12.205181249999995,Natasha Bedingfield,Stumble,pop,0.8264005546707683,Michael McDonald,You Don't Know Me,r&b/soul,0.8226916249738001,Hilary Duff,Play With Fire,pop,0.8166435280352642,Natasha Bedingfield,Stumble,pop,0.8328130724606821,Michael McDonald,You Don't Know Me,r&b/soul,0.8288904529638831,Hilary Duff,Play With Fire,pop,0.8237734472214339,Lauryn Hill,Interlude 5,r&b/soul,369.9654714472183,Beastie Boys,B-Boy Bouillabaisse: A.W.O.L. (2009 Digital Remaster),hip hop,317.0044167405293,Binary Star,Honest Expression,hip hop,316.79731043705425,Binary Star,Honest Expression,hip hop,182.38349192742407,Lauryn Hill,Interlude 5,r&b/soul,174.62946777593888,Marques Houston,Naked,r&b/soul,152.18655617163628,Sean Kingston,Magical,hip hop,0.30671344467603945,Toni Braxton,Love Affair,r&b/soul,0.30525819361006284,Akon,Be With You,hip hop,0.29477585376520893,Toni Braxton,Love Affair,r&b/soul,0.37494109559012667,Sean Kingston,Magical,hip hop,0.3721631162915229,Binary Star,Honest Expression,hip hop,0.36916705307643544
TRRZSBO128F428BE44,SOGEKBX12A8C13ACE1,ARPDVPJ1187B9ADBE9,Usher,Nice & Slow,r&b/soul,Lauryn Hill,Interlude 5,r&b/soul,9962.0,Twista,I'm A Winner (Amended Album Version),hip hop,7977.0,Erykah Badu,I Want You,r&b/soul,7691.0,Lauryn Hill,Interlude 5,r&b/soul,11.481899999999998,Twista,I'm A Winner (Amended Album Version),hip hop,9.33693125,Erykah Badu,I Want You,r&b/soul,9.25702812499999,Avant,I Wanna Know,blues,0.7956996874142246,Al Jarreau,Look What You've Done For Me,r&b/soul,0.7849504603391724,Hawthorne Heights,Rescue Me,punk,0.783227527851742,Avant,I Wanna Know,blues,0.8016240024738276,Al Jarreau,Look What You've Done For Me,r&b/soul,0.7946939530907705,Ginuwine,Only When ur Lonely,r&b/soul,0.7928351906125909,Beastie Boys,B-Boy Bouillabaisse: A.W.O.L. (2009 Digital Remaster),hip hop,340.3842602982798,Eminem,8 Mile,hip hop,338.1072693217499,Lauryn Hill,Interlude 5,r&b/soul,327.9129932878327,Chrisette Michele,All I Ever Think About,r&b/soul,181.1131819652974,Marques Houston,Naked,r&b/soul,174.96976431121283,Digital Underground,Sex Packets (LP Version),hip hop,174.14725550477522,Digital Underground,Sex Packets (LP Version),hip hop,0.32751981366062466,Shai,Waiting For The Day,r&b/soul,0.3236310569804447,Simon Webbe,Star,hip hop,0.3228847529457855,Shai,Waiting For The Day,r&b/soul,0.39689496545125147,Digital Underground,Sex Packets (LP Version),hip hop,0.3967760504789643,Simon Webbe,Star,hip hop,0.389160303750252
TRMZSRG128F428BE3F,SOPEKWP12A8C138692,ARPDVPJ1187B9ADBE9,Usher,Roni,r&b/soul,Lauryn Hill,Interlude 5,r&b/soul,7646.0,Twista,I'm A Winner (Amended Album Version),hip hop,6034.0,Beastie Boys,B-Boy Bouillabaisse: A.W.O.L. (2009 Digital Remaster),hip hop,5794.0,Lauryn Hill,Interlude 5,r&b/soul,8.499499999999998,Twista,I'm A Winner (Amended Album Version),hip hop,6.8510625,Beastie Boys,B-Boy Bouillabaisse: A.W.O.L. (2009 Digital Remaster),hip hop,6.357718750000001,Nick Cave & The Bad Seeds,She Passed By My Window,rock,0.6444843344644129,Rickie Lee Jones,My One And Only Love,jazz,0.6414283628336326,Mark Wills,She's In Love,country,0.6069380712848191,Nick Cave & The Bad Seeds,She Passed By My Window,rock,0.6558389928781108,Rickie Lee Jones,My One And Only Love,jazz,0.6554045250103253,Mark Wills,She's In Love,country,0.6211093005385305,Lauryn Hill,Interlude 5,r&b/soul,274.5163899716475,Atmosphere,Hair,hip hop,254.27395602604327,Eminem,8 Mile,hip hop,248.84815040231157,Backstreet Boys,She's A Dream,pop,162.3999517428344,Jack Ingram,Inna From Mexico,country,157.13196655662384,Natalie Cole,I'm Catching Hell (Living Here Alone) (Digitally Remastered 02),jazz,150.42602076672932,Leadbelly,Keep Your Hands Off Her,blues,0.3774648941613885,The Jeff Healey Band,My Little Girl,blues,0.2954395674755359,Little Richard,Lucille,rock,0.27830666264339154,Leadbelly,Keep Your Hands Off Her,blues,0.3977052352216641,The Jeff Healey Band,My Little Girl,blues,0.34183610190639185,Rufus Wainwright,Baby,folk,0.32427125421529573
TRENECR128F92DAC48,SOOPTMD12A8AE46BFE,ARXOTQH1187FB57084,Chris Brown,Damage,r&b/soul,Lauryn Hill,Interlude 5,r&b/soul,9634.0,Twista,I'm A Winner (Amended Album Version),hip hop,7770.0,Beastie Boys,B-Boy Bouillabaisse: A.W.O.L. (2009 Digital Remaster),hip hop,7549.0,Lauryn Hill,Interlude 5,r&b/soul,11.0857,Twista,I'm A Winner (Amended Album Version),hip hop,9.087200000000005,Beastie Boys,B-Boy Bouillabaisse: A.W.O.L. (2009 Digital Remaster),hip hop,8.6361,R. Kelly,Kickin' It With Your Girlfriend,r&b/soul,0.76191363817201,Mario Vazquez,Everytime I...,r&b/soul,0.7608741205530719,Less Than Jake,I Think I Love You,reggae,0.7561268850931016,R. Kelly,Kickin' It With Your Girlfriend,r&b/soul,0.7726274757426965,The Puppini Sisters,I Will Survive,jazz,0.7655448766595113,Mario Vazquez,Everytime I...,r&b/soul,0.764487062958129,Lauryn Hill,Interlude 5,r&b/soul,385.98151813682347,Beastie Boys,B-Boy Bouillabaisse: A.W.O.L. (2009 Digital Remaster),hip hop,350.01880973331157,Eminem,My Darling,hip hop,319.36440666156005,Michael Jackson,Man In The Mirror,pop,184.56665700159178,Keith Sweat,Caught Up,r&b/soul,181.36410710155215,Petey Pablo,Fool For Love,hip hop,169.21470413513578,Britney Spears,Girl In The Mirror,pop,0.2701837762088972,The Damned,New Rose,punk,0.26330442358827344,Melanie Thornton,I Apologize,pop,0.2623278600183978,The Pharcyde,Passin' Me By,hip hop,0.3352522186527724,Keith Sweat,Caught Up,r&b/soul,0.33506974400073847,Amerie,Higher,r&b/soul,0.33207913278948387
TRIAONH128F9340E62,SOCTATF12A58A77508,ARXOTQH1187FB57084,Chris Brown,Gotta Be Ur Man,r&b/soul,Lauryn Hill,Interlude 5,r&b/soul,10876.0,Twista,I'm A Winner (Amended Album Version),hip hop,10688.0,Beastie Boys,B-Boy Bouillabaisse: A.W.O.L. (2009 Digital Remaster),hip hop,9690.0,Twista,I'm A Winner (Amended Album Version),hip hop,12.643009375000004,Lauryn Hill,Interlude 5,r&b/soul,12.497900000000003,Erykah Badu,I Want You,r&b/soul,11.488035937499994,Melanie Thornton,I Apologize,pop,0.6660116624346021,Blackstreet,Happy Song (Tonite),r&b/soul,0.6454507986660474,Esmée Denters,Getting Over You,r&b/soul,0.6318552647829337,Melanie Thornton,I Apologize,pop,0.6752818566292977,Blackstreet,Happy Song (Tonite),r&b/soul,0.6554619300357529,Esmée Denters,Getting Over You,r&b/soul,0.6420155128969275,Beastie Boys,B-Boy Bouillabaisse: A.W.O.L. (2009 Digital Remaster),hip hop,283.4737330478692,Lauryn Hill,Interlude 5,r&b/soul,281.74717759297437,Michael Jackson,Man In The Mirror,pop,262.59907838150434,Bow Wow,Sunshine,hip hop,186.07271783511501,Michael Jackson,Man In The Mirror,pop,182.22481460763112,Obie Trice,Hoodrats,hip hop,175.90101385066964,Jeff Buckley,Be Your Husband,blues,0.31901032164974974,Bow Wow,Sunshine,hip hop,0.30595979083025604,Beck,Diskobox,rock,0.30005421897300605,Bow Wow,Sunshine,hip hop,0.3700798839173148,Jeff Buckley,Be Your Husband,blues,0.3470743531137193,Marques Houston,Naked,r&b/soul,0.3373282491861591
TRFBNCQ128F9302AD9,SORWAEG12AB0181063,ARCGJ6U1187FB4D01F,Akon,Birthmark,r&b/soul,Lauryn Hill,Interlude 5,r&b/soul,6947.0,Eminem,My Darling,hip hop,6664.0,Marques Houston,Cancel (Album Version),r&b/soul,6474.0,Fatboy Slim,Acid 8000,electronic,7.7487578125,Marques Houston,Cancel (Album Version),r&b/soul,7.744148437500001,Eminem,My Darling,hip hop,7.7035234375,Rooney,When Did Your Heart Go Missing?,rock,0.6510524993666104,Jamie Cullum,Where Is Your Heart At?,jazz,0.6400030278996303,Eric Burdon,Heart Attack,rock,0.6261639036648725,Rooney,When Did Your Heart Go Missing?,rock,0.6631079631531586,Jamie Cullum,Where Is Your Heart At?,jazz,0.6512464047732749,Eric Burdon,Heart Attack,rock,0.6366280096464723,Lauryn Hill,Interlude 5,r&b/soul,397.5830233429394,Murs,The Dance,hip hop,306.1772474085768,Beastie Boys,B-Boy Bouillabaisse: A.W.O.L. (2009 Digital Remaster),hip hop,275.5936142788453,Lauryn Hill,Interlude 5,r&b/soul,186.50074161453213,The Pharcyde,Otha Fish,hip hop,156.0756887361911,Kenny Lattimore,Forgiveness,r&b/soul,154.21834660644495,Kenny Wayne Shepherd,Get It Together (Album Version),blues,0.29754058235627406,The Supremes,When The Lovelight Starts Shining Through His Eyes,r&b/soul,0.28719837659883535,Kenny Lattimore,Forgiveness,r&b/soul,0.2867976967635285,Kenny Lattimore,Forgiveness,r&b/soul,0.3516271994398018,Kenny Wayne Shepherd,Get It Together (Album Version),blues,0.35058449778470374,Jonny Lang,Breakin Me,blues,0.3325029526841824
TRPZAPZ128F9341D3E,SOUFNEL12D021B2AEB,ARLMXEA1187B9A7D04,R. Kelly,Don't You Say No,r&b/soul,Lauryn Hill,Interlude 5,r&b/soul,12606.0,Twista,I'm A Winner (Amended Album Version),hip hop,10587.0,Erykah Badu,I Want You,r&b/soul,10461.0,Lauryn Hill,Interlude 5,r&b/soul,14.628199999999998,Erykah Badu,I Want You,r&b/soul,12.661201562500004,Twista,I'm A Winner (Amended Album Version),hip hop,12.495715624999995,Kelly Price,Don't Say Goodbye,r&b/soul,0.7522952099272393,Nat King Cole,If You Can't Smile And Say Yes,jazz,0.7420650301266785,Bad Brains,Don't Bother Me (Bad Brains),punk,0.7378691753394993,Kelly Price,Don't Say Goodbye,r&b/soul,0.7586327631720818,Nat King Cole,If You Can't Smile And Say Yes,jazz,0.7486364422954158,Bad Brains,Don't Bother Me (Bad Brains),punk,0.7440107658085171,Lauryn Hill,Interlude 5,r&b/soul,306.41941598857085,Beastie Boys,B-Boy Bouillabaisse: A.W.O.L. (2009 Digital Remaster),hip hop,298.0774052084465,Ying Yang Twins,1st Booty On Duty,hip hop,288.69198307456554,Afroman,Let's All Get Drunk,hip hop,190.51436570898247,Ying Yang Twins,1st Booty On Duty,hip hop,179.87216853400278,Bob Marley & The Wailers,Baby We've Got A Date (Rock It Baby),reggae,170.98706873780094,The Adicts,Disco,punk,0.37192932776256676,Mutya Buena,Not Your Baby,pop,0.3285862786731345,Bob Marley & The Wailers,Baby We've Got A Date (Rock It Baby),reggae,0.311918099553443,The Adicts,Disco,punk,0.392354549946222,Mutya Buena,Not Your Baby,pop,0.38992366054128114,Marques Houston,Naked,r&b/soul,0.36130196645651413
TRGHYGG12903CAC100,SORLWRB12D02199388,ARLMXEA1187B9A7D04,R. Kelly,Kickin' It With Your Girlfriend,r&b/soul,Lauryn Hill,Interlude 5,r&b/soul,14094.0,Beastie Boys,B-Boy Bouillabaisse: A.W.O.L. (2009 Digital Remaster),hip hop,11069.0,Twista,I'm A Winner (Amended Album Version),hip hop,10183.0,Lauryn Hill,Interlude 5,r&b/soul,16.329500000000007,Beastie Boys,B-Boy Bouillabaisse: A.W.O.L. (2009 Digital Remaster),hip hop,12.759124999999992,Twista,I'm A Winner (Amended Album Version),hip hop,11.887,Lloyd Cole,I Didn't Know That You Cared,electronic,0.8054190582338904,King Tee,Guitar Playin',hip hop,0.8045662213919826,Blues Traveler,Hook,blues,0.8012645625876568,King Tee,Guitar Playin',hip hop,0.8145099116925839,Lloyd Cole,I Didn't Know That You Cared,electronic,0.812616247476163,Blues Traveler,Hook,blues,0.81056274154386,Lauryn Hill,Interlude 5,r&b/soul,558.7945561456544,Beastie Boys,B-Boy Bouillabaisse: A.W.O.L. (2009 Digital Remaster),hip hop,362.9961482926254,Eminem,8 Mile,hip hop,344.5694575077246,Lauryn Hill,Interlude 5,r&b/soul,298.6964807109795,R. Kelly,I Mean (I Don't Mean It),r&b/soul,219.52972312311638,Dean Martin,Kiss,jazz,205.9731278959651,Robert Palmer,I Didn't Mean To Turn You On,rock,0.2977048588112235,Dean Martin,Kiss,jazz,0.29370746908887013,R. Kelly,I Mean (I Don't Mean It),r&b/soul,0.2913259131965975,R. Kelly,I Mean (I Don't Mean It),r&b/soul,0.3814190543515246,Lauryn Hill,Interlude 5,r&b/soul,0.37956575112795027,Dean Martin,Kiss,jazz,0.3615699065059029
TRNEYNN128F92C21F7,SOZEFCO12D02193313,ARLMXEA1187B9A7D04,R. Kelly,Rise Up,r&b/soul,Lauryn Hill,Interlude 5,r&b/soul,10890.0,Twista,I'm A Winner (Amended Album Version),hip hop,7320.0,Eminem,My Darling,hip hop,6627.0,Lauryn Hill,Interlude 5,r&b/soul,12.4648,Twista,I'm A Winner (Amended Album Version),hip hop,8.399940625000001,Eminem,My Darling,hip hop,7.581251562500001,Flobots,Rise,hip hop,0.6339983306142607,Big Moe,S.U.C.,hip hop,0.591337959695673,The Pharcyde,Hey You,hip hop,0.5895153146253336,Flobots,Rise,hip hop,0.6433912692526554,Big Moe,S.U.C.,hip hop,0.6102263991013114,Hollywood Undead,Undead,hip hop,0.6080880249973781,Lauryn Hill,Interlude 5,r&b/soul,373.78033599012764,The Simpsons,Do The Bartman,hip hop,351.81601431440805,Flobots,Rise,hip hop,351.4945713257898,Flobots,Rise,hip hop,285.02598796258013,The Maine,You Left Me,electronic,213.9574570009341,The Simpsons,Do The Bartman,hip hop,213.5865257206099,Flobots,Rise,hip hop,0.35985952726674425,Dierks Bentley,You Hold Me Together,country,0.3098787860371042,John Waite,Sometimes,pop,0.29356731506334666,Flobots,Rise,hip hop,0.40904857264662137,Dierks Bentley,You Hold Me Together,country,0.36587520006317226,John Waite,Sometimes,pop,0.3468124025513812
TRRSRXG128E07888AF,SOTFWWF12A67020F44,ARKSZW81187B9B695D,Mariah Carey,Joy Ride,r&b/soul,Lauryn Hill,Interlude 5,r&b/soul,5978.0,Beastie Boys,B-Boy Bouillabaisse: A.W.O.L. (2009 Digital Remaster),hip hop,3913.0,Erykah Badu,I Want You,r&b/soul,3615.0,Lauryn Hill,Interlude 5,r&b/soul,6.621500000000001,Erykah Badu,I Want You,r&b/soul,4.205984375000001,Beastie Boys,B-Boy Bouillabaisse: A.W.O.L. (2009 Digital Remaster),hip hop,4.179578125000002,Sean Kingston,Magical,hip hop,0.6240508179681284,Leo Sayer,We've Got Ourselves In Love ,jazz,0.5720641754026765,Ima Robot,Lovers In Captivity,rock,0.564543296754429,Sean Kingston,Magical,hip hop,0.6387220652219261,Leo Sayer,We've Got Ourselves In Love ,jazz,0.5877012958842254,Ima Robot,Lovers In Captivity,rock,0.5866690473739425,Beastie Boys,B-Boy Bouillabaisse: A.W.O.L. (2009 Digital Remaster),hip hop,293.29429835599535,Lauryn Hill,Interlude 5,r&b/soul,290.527389939955,OutKast,Mainstream,hip hop,251.98770689435855,Kristine W,Strings,r&b/soul,188.2666241363153,Ledisi,Joy,r&b/soul,186.79371070173144,Ashanti,Rock Wit U (Awww Baby),r&b/soul,175.84382728704486,Ledisi,Joy,r&b/soul,0.2873485022571948,Kristine W,Strings,r&b/soul,0.26058977762626284,Bodyrockers,Round & Round,electronic,0.25923526134210395,Ledisi,Joy,r&b/soul,0.3288244131536544,Kristine W,Strings,r&b/soul,0.3181969447454819,Keith Sweat,Make You Sweat (LP Version),jazz,0.3051928277282076
TRONPIZ128F1454219,SOKLOOH12A6D4F6EED,ARKSZW81187B9B695D,Mariah Carey,Sprung,r&b/soul,Lauryn Hill,Interlude 5,r&b/soul,7470.0,Twista,I'm A Winner (Amended Album Version),hip hop,6233.0,Erykah Badu,I Want You,r&b/soul,5537.0,Lauryn Hill,Interlude 5,r&b/soul,8.7119,Twista,I'm A Winner (Amended Album Version),hip hop,7.382399999999995,Erykah Badu,I Want You,r&b/soul,6.691324999999997,Hawthorne Heights,Rescue Me,punk,0.760832450852295,Thalia,Alguien Real (Baby_ I'm In Love),latin,0.7333586244217453,Syleena Johnson,All Of Me,r&b/soul,0.7178373169875947,Hawthorne Heights,Rescue Me,punk,0.7695548776058522,Thalia,Alguien Real (Baby_ I'm In Love),latin,0.7429012771406109,Amos Lee,Supply & Demand,folk,0.7272235120130154,Big Brovaz,Find A Way,hip hop,439.2249573056319,Fats Domino,I'm Ready,rock,399.5421169610136,Twista,No Remorse (Album Version),hip hop,398.10440575691,Big Brovaz,Find A Way,hip hop,374.95192593891676,Fats Domino,I'm Ready,rock,372.8485578377738,Jill Scott,Brotha,r&b/soul,327.4227790021164,Fats Domino,I'm Ready,rock,0.585320410164188,Blink-182,GO,punk,0.5229843719898792,Chenoa,Why You Doing Like That,rock,0.5211361091949243,Fats Domino,I'm Ready,rock,0.601758523742586,Blink-182,GO,punk,0.5440927610524088,Chenoa,Why You Doing Like That,rock,0.5435719665128824
TRJKYAO128F427420D,SOSEWHU12A8AE484E5,ARKSZW81187B9B695D,Luther Vandross,Never Too Much,r&b/soul,Lauryn Hill,Interlude 5,r&b/soul,5725.0,Beastie Boys,B-Boy Bouillabaisse: A.W.O.L. (2009 Digital Remaster),hip hop,4898.0,Twista,I'm A Winner (Amended Album Version),hip hop,4695.0,Lauryn Hill,Interlude 5,r&b/soul,6.463949999999998,Beastie Boys,B-Boy Bouillabaisse: A.W.O.L. (2009 Digital Remaster),hip hop,5.5435453125,Twista,I'm A Winner (Amended Album Version),hip hop,5.416309375000001,Nat King Cole,She's Funny That Way,jazz,0.7032174376959985,Phyllis Hyman,Heavenly,r&b/soul,0.6563588954880673,Webb Pierce,I Ain't Never,country,0.6515009824513526,Nat King Cole,She's Funny That Way,jazz,0.7143768184647186,Phyllis Hyman,Heavenly,r&b/soul,0.670283038538176,Webb Pierce,I Ain't Never,country,0.6629547835554959,Beastie Boys,B-Boy Bouillabaisse: A.W.O.L. (2009 Digital Remaster),hip hop,234.6848109752633,Lauryn Hill,Interlude 5,r&b/soul,230.0291001739928,Eminem,8 Mile,hip hop,202.9769293836364,Eternal,Oh Baby I,r&b/soul,131.24136163589327,Michelle Williams,Stop This Car,r&b/soul,129.30370581083136,Hayseed Dixie,Touch Too Much,country,125.45738670603544,The Selecter,Too Much Pressure,reggae,0.32339386429482464,Eternal,Oh Baby I,r&b/soul,0.2998957668975859,Nat King Cole,She's Funny That Way,jazz,0.29446422611235457,The Selecter,Too Much Pressure,reggae,0.35984513512950134,Eternal,Oh Baby I,r&b/soul,0.35673421238042013,Nat King Cole,She's Funny That Way,jazz,0.3447390790416459
TRYGRKO128F9343244,SOMBFBA12A8C13D236,ARLMXEA1187B9A7D04,R. Kelly,Chocolate Factory,r&b/soul,Lauryn Hill,Interlude 5,r&b/soul,3809.0,Beastie Boys,B-Boy Bouillabaisse: A.W.O.L. (2009 Digital Remaster),hip hop,3532.0,Eminem,My Darling,hip hop,2817.0,Lauryn Hill,Interlude 5,r&b/soul,4.103449999999998,Beastie Boys,B-Boy Bouillabaisse: A.W.O.L. (2009 Digital Remaster),hip hop,3.8648968750000017,Eminem,My Darling,hip hop,3.1186156249999994,Clifford T Ward,A Day To Myself,folk,0.6204585287408612,Clannad,Second Nature,folk,0.5890147315015483,Joan Baez,The Lily Of The West,folk,0.5793977069078244,Clifford T Ward,A Day To Myself,folk,0.6412161312134071,Clannad,Second Nature,folk,0.6090663306209653,Toby Keith,Sweet,country,0.6026763524231216,Prince,I Love U In Me ( LP Version),r&b/soul,403.3703576307844,N-Dubz,Feva Las Vegas,reggae,329.4854651611472,Lauryn Hill,Interlude 5,r&b/soul,300.9584320893575,Prince,I Love U In Me ( LP Version),r&b/soul,268.89331331340867,Prince,Jack U Off (LP Version),r&b/soul,241.352871305785,N-Dubz,Feva Las Vegas,reggae,219.8399948173313,Prince,Jack U Off (LP Version),r&b/soul,0.4159070472440543,Long Beach Dub Allstars,It Ain't Easy,reggae,0.36143604824579034,Jewel,Leave The Lights On (Album Version),pop,0.352482814377723,Prince,Jack U Off (LP Version),r&b/soul,0.45114678323486274,Long Beach Dub Allstars,It Ain't Easy,reggae,0.4018349891278673,Pulp,Space,pop,0.386229220973003
TROIJDA128F9341E70,SOCUXGX12A8C13B78C,ARLMXEA1187B9A7D04,R. Kelly,I Mean (I Don't Mean It),r&b/soul,Erykah Badu,I Want You,r&b/soul,15433.0,Lauryn Hill,Interlude 5,r&b/soul,15352.0,Twista,I'm A Winner (Amended Album Version),hip hop,14738.0,Erykah Badu,I Want You,r&b/soul,18.7646203125,Lauryn Hill,Interlude 5,r&b/soul,17.757099999999998,Twista,I'm A Winner (Amended Album Version),hip hop,17.486053124999994,Millencolin,Random I Am (Album Version),punk,0.8111011647829028,G-Unit,I Don't Want To Talk About It,hip hop,0.8013249120972711,Macy Gray,Shoo Be Doo,r&b/soul,0.7968875277543405,Millencolin,Random I Am (Album Version),punk,0.8159029279039322,G-Unit,I Don't Want To Talk About It,hip hop,0.8070928945766809,Macy Gray,Shoo Be Doo,r&b/soul,0.8027817649452463,Lauryn Hill,Interlude 5,r&b/soul,500.7263201223468,Beastie Boys,B-Boy Bouillabaisse: A.W.O.L. (2009 Digital Remaster),hip hop,411.46451208290966,The Isley Brothers,Touch Me,blues,363.7618134269622,R. Kelly,Kickin' It With Your Girlfriend,r&b/soul,219.52972312311638,Lauryn Hill,Interlude 5,r&b/soul,219.07855601024477,The Isley Brothers,Touch Me,blues,205.2479003777919,Robert Palmer,I Didn't Mean To Turn You On,rock,0.3655850620736269,Maxi Priest,Are You Ready For Me,reggae,0.31249941929228436,Sharon Jones & The Dap-Kings,Tell Me,r&b/soul,0.30947908457482043,Robert Palmer,I Didn't Mean To Turn You On,rock,0.41028684912976165,R. Kelly,Kickin' It With Your Girlfriend,r&b/soul,0.3814190543515246,Jon B.,Do It All Again,r&b/soul,0.38017233235622944
TRXTJGV12903CAC0F8,SOJYYAN12A58A790B1,ARLMXEA1187B9A7D04,R. Kelly,In The Kitchen,r&b/soul,Lauryn Hill,Interlude 5,r&b/soul,6246.0,Twista,I'm A Winner (Amended Album Version),hip hop,5069.0,Beastie Boys,B-Boy Bouillabaisse: A.W.O.L. (2009 Digital Remaster),hip hop,4548.0,Lauryn Hill,Interlude 5,r&b/soul,7.149699999999998,Twista,I'm A Winner (Amended Album Version),hip hop,5.906356250000001,Beastie Boys,B-Boy Bouillabaisse: A.W.O.L. (2009 Digital Remaster),hip hop,5.134896874999999,Honeycut,Crowded Avenue,electronic,0.7004818479809723,Grandmaster Flash,Them Jeans,hip hop,0.662508587209184,Scooter,Time And Space,electronic,0.6615650972414121,Honeycut,Crowded Avenue,electronic,0.7127793183019134,Grandmaster Flash,Them Jeans,hip hop,0.6798007357955193,Scooter,Time And Space,electronic,0.676231874450324,Twista,Overdose (Album Version),hip hop,262.89755294928625,Beastie Boys,B-Boy Bouillabaisse: A.W.O.L. (2009 Digital Remaster),hip hop,245.18908576572403,Lauryn Hill,Interlude 5,r&b/soul,228.35856732999017,Twista,Overdose (Album Version),hip hop,155.49024717322237,Black Eyed Peas,Sexy,hip hop,147.62463855726028,DMX,Keep Your Shit The Hardest,hip hop,142.79620548879257,Black Eyed Peas,Sexy,hip hop,0.3065441757656849,Ohio Players,It's All Over,jazz,0.29768217015943427,John Fogerty,Rock And Roll Girls,rock,0.2821729657335981,Black Eyed Peas,Sexy,hip hop,0.3650841423926582,Ohio Players,It's All Over,jazz,0.3392506144532915,John Fogerty,Rock And Roll Girls,rock,0.3242510068745289
TRTWRQD12903CA9E3B,SOCDGAR12AB018CE44,AR52EZT1187B9900BF,Alicia Keys,Distance And Time,r&b/soul,Lauryn Hill,Interlude 5,r&b/soul,7585.0,Twista,I'm A Winner (Amended Album Version),hip hop,6058.0,Erykah Badu,I Want You,r&b/soul,5574.0,Lauryn Hill,Interlude 5,r&b/soul,8.78435,Twista,I'm A Winner (Amended Album Version),hip hop,7.117053125000002,Erykah Badu,I Want You,r&b/soul,6.711370312499998,Beverley Craven,Promise Me,pop,0.7490276349915052,Burden Of A Day,My Forfeit,metal,0.7466283244194526,Hello Saferide,Get Sick Soon,folk,0.7359497950074497,Beverley Craven,Promise Me,pop,0.7570662057946991,Burden Of A Day,My Forfeit,metal,0.7529463437055041,Hello Saferide,Get Sick Soon,folk,0.7442999089215008,Eminem,8 Mile,hip hop,221.79335720548386,Lauryn Hill,Interlude 5,r&b/soul,214.84260961132424,Beastie Boys,B-Boy Bouillabaisse: A.W.O.L. (2009 Digital Remaster),hip hop,180.9461900536881,Eternal,Oh Baby I,r&b/soul,130.40637998312,Curve,Coming Up Roses,rock,125.59313900090372,Enrique Iglesias,Miss You,latin,112.08847152045945,Alphaville,20th Century,pop,0.28918233764563045,Eternal,Oh Baby I,r&b/soul,0.28614503297688637,Curve,Coming Up Roses,rock,0.27687334721366025,Eternal,Oh Baby I,r&b/soul,0.3359006378188237,Burt Bacharach,The Look Of Love,jazz,0.33467816886538443,Alphaville,20th Century,pop,0.3304828551159952
TRWPMRK12903CCDA98,SOWGUXF12AB0185700,AR52EZT1187B9900BF,Alicia Keys,Lover Man,r&b/soul,Lauryn Hill,Interlude 5,r&b/soul,3217.0,Beastie Boys,B-Boy Bouillabaisse: A.W.O.L. (2009 Digital Remaster),hip hop,2711.0,Michael Jackson,Man In The Mirror,pop,2666.0,Lauryn Hill,Interlude 5,r&b/soul,3.5175500000000013,Beastie Boys,B-Boy Bouillabaisse: A.W.O.L. (2009 Digital Remaster),hip hop,2.9675171874999995,Michael Jackson,Man In The Mirror,pop,2.9006593750000014,Diana King,Can't Do Without You,r&b/soul,0.6017517605220215,Cree Summer,Miss Moon,reggae,0.5719131442477137,Atmosphere,Hair,hip hop,0.5710016377612562,Diana King,Can't Do Without You,r&b/soul,0.6243711147554825,Atmosphere,Hair,hip hop,0.6008355745387922,The Jazz Butcher,She's On Drugs,rock,0.5942881807609091,Lauryn Hill,Interlude 5,r&b/soul,244.73448057198615,Beastie Boys,B-Boy Bouillabaisse: A.W.O.L. (2009 Digital Remaster),hip hop,223.55577664649053,Savatage,The Hourglass,metal,219.9165761865232,Michael Jackson,Man In The Mirror,pop,140.34999590547392,Esmée Denters,Getting Over You,r&b/soul,126.45346104014553,Talib Kweli,Eat To Live (Album Version),hip hop,124.30755389425431,Bo Diddley,You Can't Judge A Book By It's Cover,blues,0.32011698155298923,Kurt Elling,Moonlight Serenade,jazz,0.27983756611067107,Ray Charles,I Got a Woman,blues,0.27499377704369526,Bo Diddley,You Can't Judge A Book By It's Cover,blues,0.35660441019103556,Kurt Elling,Moonlight Serenade,jazz,0.3412742845034766,Ray Charles,I Got a Woman,blues,0.32585379652674473
TRMTTBA128F429A7EC,SOSYUFF12A8C13C104,AR52EZT1187B9900BF,Alicia Keys,Nobody Not Really (Interlude),r&b/soul,Beastie Boys,B-Boy Bouillabaisse: A.W.O.L. (2009 Digital Remaster),hip hop,1334.0,Eminem,8 Mile,hip hop,1294.0,Nelly,Splurge,hip hop,1197.0,Beastie Boys,B-Boy Bouillabaisse: A.W.O.L. (2009 Digital Remaster),hip hop,1.4924671875000002,Eminem,8 Mile,hip hop,1.4854078125,Nelly,Splurge,hip hop,1.3920265625,Charley Patton,Down The Dirt Road Blues,blues,0.6312766868257763,Raine Maida,Confessional,rock,0.6208224040895401,The Distillers,I Understand,punk,0.6159081682266514,Charley Patton,Down The Dirt Road Blues,blues,0.6474070486194551,Raine Maida,Confessional,rock,0.6363525156940442,Z-RO,Pain,hip hop,0.6339575874126033,Lauryn Hill,Interlude 5,r&b/soul,123.95858571012674,Eminem,If I Had,hip hop,103.59041313123254,Nelly,Splurge,hip hop,102.41435990082972,Blind Willie McTell,Come On Around To My House Mama,blues,76.28033756420248,John Legend,Everybody Knows,r&b/soul,71.33545355052826,Lou Reed,So Alone,rock,71.18987647643951,Eels,Jeannie's Diary,rock,0.3491598529617976,Irma Thomas,Anyone Who Knows What Love Is (Will Understand),r&b/soul,0.3223764409568978,Roxy Music,A Really Good Time (1999 Digital Remaster),punk,0.30719681968662405,Eels,Jeannie's Diary,rock,0.3806325400023502,Roxy Music,A Really Good Time (1999 Digital Remaster),punk,0.3523018819448431,Irma Thomas,Anyone Who Knows What Love Is (Will Understand),r&b/soul,0.34868303902965203
TRWCVWH128F4284EE5,SOIYWLQ12AF729E318,AR52EZT1187B9900BF,Alicia Keys,Piano & I,r&b/soul,Lauryn Hill,Interlude 5,r&b/soul,2512.0,Erykah Badu,I Want You,r&b/soul,1823.0,Twista,I'm A Winner (Amended Album Version),hip hop,1817.0,Lauryn Hill,Interlude 5,r&b/soul,2.8755,Erykah Badu,I Want You,r&b/soul,2.181539062499999,Twista,I'm A Winner (Amended Album Version),hip hop,2.098390625,Frankie J,Without You,r&b/soul,0.700425079264079,Permanent Me,Heartattack,punk,0.6862140417806574,Big Star,I Am The Cosmos,pop,0.6823445677126566,Frankie J,Without You,r&b/soul,0.7143777594370054,Permanent Me,Heartattack,punk,0.7003016797456236,Binary Star,Honest Expression,hip hop,0.6938942827239063,Lauryn Hill,Interlude 5,r&b/soul,175.66382368032964,KMD,Plumskinzz (Loose Hoe_ God & Cupid),hip hop,172.26309915696,Onyx,Slam Harder,hip hop,169.4720424126083,Onyx,Slam Harder,hip hop,131.2778274327253,Onyx,Slam,hip hop,131.2778274327253,KMD,Plumskinzz (Loose Hoe_ God & Cupid),hip hop,128.50424784970414,Korn,Lowrider,metal,0.365260892708613,Grand Puba,Alamo,hip hop,0.3292449130612295,Le Tigre,Fake French,electronic,0.32919508586238844,Korn,Lowrider,metal,0.3789991092870976,KMD,Plumskinzz (Loose Hoe_ God & Cupid),hip hop,0.36883124766022013,Frankie J,Without You,r&b/soul,0.3653888920650079
TRQQLZD128F425E9BC,SOYSABZ12A58A7CAE3,AR52EZT1187B9900BF,Alicia Keys,Tell You Something (Nana's Reprise),r&b/soul,R. Kelly,I Mean (I Don't Mean It),r&b/soul,10886.0,Lauryn Hill,Interlude 5,r&b/soul,10599.0,Twista,I'm A Winner (Amended Album Version),hip hop,10137.0,R. Kelly,I Mean (I Don't Mean It),r&b/soul,13.048746875000004,Erykah Badu,I Want You,r&b/soul,11.996040624999996,Lauryn Hill,Interlude 5,r&b/soul,11.928550000000005,Joe Bonamassa,Ball Peen Hammer,blues,0.7507985656833613,Kristin Hersh,Tuesday Night,folk,0.7474520358606185,Toni Braxton,Love Affair,r&b/soul,0.718280246031699,Joe Bonamassa,Ball Peen Hammer,blues,0.7577329900309941,Kristin Hersh,Tuesday Night,folk,0.7529684585909909,Toni Braxton,Love Affair,r&b/soul,0.728642464567285,Lauryn Hill,Interlude 5,r&b/soul,423.3556570381262,Anastacia,Club Megamix,rock,359.4098923965321,Beastie Boys,B-Boy Bouillabaisse: A.W.O.L. (2009 Digital Remaster),hip hop,312.7498767959153,Anastacia,Club Megamix,rock,243.9437944935339,Kanye West,Can't Tell Me Nothing,hip hop,214.755939536458,Kandi,I Wanna Know,r&b/soul,199.289771461105,Chromeo,Destination: Overdrive,electronic,0.3299483719108994,Vetiver,Everyday,folk,0.31393665421241507,Blink-182,Adam's Song,punk,0.30068780070485446,Anastacia,Club Megamix,rock,0.3771013154360699,Chromeo,Destination: Overdrive,electronic,0.36766484939776306,Vetiver,Everyday,folk,0.36233870562283593
TREAJBV12903CCDA96,SOVRMZU12AB017FE90,AR52EZT1187B9900BF,Alicia Keys,Try Sleeping With A Broken Heart,r&b/soul,Lauryn Hill,Interlude 5,r&b/soul,6576.0,Twista,I'm A Winner (Amended Album Version),hip hop,6558.0,Danity Kane,Hold Me Down (Album Version),r&b/soul,5179.0,Twista,I'm A Winner (Amended Album Version),hip hop,7.757084374999998,Lauryn Hill,Interlude 5,r&b/soul,7.546099999999999,Danity Kane,Hold Me Down (Album Version),r&b/soul,6.1615218749999965,Barry White,Never Gonna Give You Up,r&b/soul,0.7361024823542599,Erin McKeown,Fast As I Can,folk,0.7283450461951201,Liz Phair,Go On Ahead,rock,0.7230047045140288,Barry White,Never Gonna Give You Up,r&b/soul,0.7471438392071987,Erin McKeown,Fast As I Can,folk,0.7386625116069997,Liz Phair,Go On Ahead,rock,0.7337378235957301,Lauryn Hill,Interlude 5,r&b/soul,220.2971473042937,Eminem,My Darling,hip hop,211.27397498499354,Dar Williams,Mortal City,folk,197.9127996865906,Erin McKeown,Fast As I Can,folk,147.5669126423187,Kenny Lattimore,Forgiveness,r&b/soul,119.92195023806595,Status Quo,Going Down Town Tonight,blues,119.31655586050168,Erin McKeown,Fast As I Can,folk,0.3890720163539182,Bob Marley,Soul Shakedown,reggae,0.2986693599471944,Doris Day,(Why Did I Tell You I Was Going To) Shanghai,jazz,0.28976077057342603,Erin McKeown,Fast As I Can,folk,0.42931324511907,Kenny Lattimore,Forgiveness,r&b/soul,0.33566782559352204,Ashton Shepherd,Lost In You,country,0.33534470393367416
TRDFWVZ128F4284EF0,SODFKEG12AF72A4E66,AR52EZT1187B9900BF,Alicia Keys,Why Do I Feel So Sad,r&b/soul,Lauryn Hill,Interlude 5,r&b/soul,4790.0,Beastie Boys,B-Boy Bouillabaisse: A.W.O.L. (2009 Digital Remaster),hip hop,3914.0,R. Kelly,I Mean (I Don't Mean It),r&b/soul,3563.0,Lauryn Hill,Interlude 5,r&b/soul,5.378000000000002,Beastie Boys,B-Boy Bouillabaisse: A.W.O.L. (2009 Digital Remaster),hip hop,4.382789062499999,Erykah Badu,I Want You,r&b/soul,4.224742187500001,Brian McKnight,Try Our Love Again,r&b/soul,0.6298417705784747,Classified,Freezin In The Cold,hip hop,0.6269207802431402,Todd Rundgren,Lost Horizon,pop,0.6231852304928328,Brian McKnight,Try Our Love Again,r&b/soul,0.6445239751840335,Classified,Freezin In The Cold,hip hop,0.6420790364874662,Todd Rundgren,Lost Horizon,pop,0.6381369851541883,Lauryn Hill,Interlude 5,r&b/soul,265.29150599877363,Eminem,8 Mile,hip hop,220.8462657357814,Natalie Cole,I'm Catching Hell (Living Here Alone) (Digitally Remastered 02),jazz,187.82277193517362,Lauryn Hill,Interlude 5,r&b/soul,136.32772150945164,Cibelle,Hate,electronic,135.29075330501902,Natalie Cole,I'm Catching Hell (Living Here Alone) (Digitally Remastered 02),jazz,133.25475355417933,Cibelle,Hate,electronic,0.31357481650545316,Good Old War,Tell Me (Acoustic),folk,0.30157392556716445,The Ataris,You Need A Hug,punk,0.2973178630421142,Good Old War,Tell Me (Acoustic),folk,0.35275443040353904,Cibelle,Hate,electronic,0.3446396153680151,The Ataris,You Need A Hug,punk,0.3374500313281787
TRFRUCJ128F4284EF2,SOKILIB12D021B411C,AR52EZT1187B9900BF,Alicia Keys,Lovin U,r&b/soul,Lauryn Hill,Interlude 5,r&b/soul,5212.0,Twista,I'm A Winner (Amended Album Version),hip hop,4441.0,Erykah Badu,I Want You,r&b/soul,3631.0,Lauryn Hill,Interlude 5,r&b/soul,6.091799999999999,Twista,I'm A Winner (Amended Album Version),hip hop,5.274674999999999,Erykah Badu,I Want You,r&b/soul,4.383212500000002,Keziah Jones,Rhythm Is Love,r&b/soul,0.7179394169433777,Commodores,Easy,r&b/soul,0.6976826480524541,The Charlatans,Dead Love,rock,0.6973701640573707,Keziah Jones,Rhythm Is Love,r&b/soul,0.7254014990236552,Commodores,Easy,r&b/soul,0.705784941127987,The Charlatans,Dead Love,rock,0.7042652437384412,Commodores,Easy,r&b/soul,133.52164498261845,Lauryn Hill,Interlude 5,r&b/soul,130.0620847146248,Aretha Franklin,A Deeper Love,r&b/soul,125.36776713074077,Commodores,Easy,r&b/soul,112.02270762025624,Aretha Franklin,A Deeper Love,r&b/soul,108.33557184728468,Boyz II Men,Easy,r&b/soul,107.28770955783432,Boyz II Men,Easy,r&b/soul,0.4107191666147858,RJD2,Work It Out,electronic,0.39392373102682254,Harry Connick_ Jr.,Easy To Love,jazz,0.3696530440051226,Boyz II Men,Easy,r&b/soul,0.43413465345933105,RJD2,Work It Out,electronic,0.40641978618796076,Harry Connick_ Jr.,Easy To Love,jazz,0.3920374063285143
TRXONIT128F9355F39,SOMSIJG12AF72AD5CE,ARQFENL121318C58A6,Jeremih,My Ride,r&b/soul,Beastie Boys,B-Boy Bouillabaisse: A.W.O.L. (2009 Digital Remaster),hip hop,9603.0,Lauryn Hill,Interlude 5,r&b/soul,8911.0,The Roots,Mellow My Man,hip hop,8571.0,Beastie Boys,B-Boy Bouillabaisse: A.W.O.L. (2009 Digital Remaster),hip hop,10.980481249999997,The Roots,Mellow My Man,hip hop,10.167618750000006,Britney Spears,Radar,pop,10.078881250000006,2Pac,Strictly 4 My N.I.G.G.A.Z.,hip hop,0.7341236733773961,Anita Baker,In My Heart,jazz,0.7277660288484668,Kottonmouth Kings,Bump,hip hop,0.7001852146215013,2Pac,Strictly 4 My N.I.G.G.A.Z.,hip hop,0.7439650839750799,Anita Baker,In My Heart,jazz,0.7329966718162472,Kottonmouth Kings,Bump,hip hop,0.71157910341231,Beastie Boys,B-Boy Bouillabaisse: A.W.O.L. (2009 Digital Remaster),hip hop,472.2573754395757,Kurupt,Who Ride Wit Us,hip hop,376.2428814003425,Twista,No Remorse (Album Version),hip hop,338.21693781388177,Kurupt,Who Ride Wit Us,hip hop,310.90793581620466,Beastie Boys,B-Boy Bouillabaisse: A.W.O.L. (2009 Digital Remaster),hip hop,242.7482023184093,Jay-Z,So Ghetto,hip hop,218.4707334644205,Kurupt,Who Ride Wit Us,hip hop,0.42117977955582314,Ruben Studdard,To Da Crib,r&b/soul,0.33235240110985154,Rose Royce,Is It Love You're After,r&b/soul,0.29501549087662243,Kurupt,Who Ride Wit Us,hip hop,0.4671549938674788,Ruben Studdard,To Da Crib,r&b/soul,0.3936849326971028,Michelle Williams,Stop This Car,r&b/soul,0.36733049845837273
TRURHNH128F9355F33,SONEKBK12AB017C335,ARQFENL121318C58A6,Jeremih,Starting All Over,r&b/soul,Lauryn Hill,Interlude 5,r&b/soul,4309.0,Eminem,8 Mile,hip hop,3490.0,Beastie Boys,B-Boy Bouillabaisse: A.W.O.L. (2009 Digital Remaster),hip hop,3463.0,Lauryn Hill,Interlude 5,r&b/soul,4.746849999999999,Eminem,8 Mile,hip hop,3.958965625,Beastie Boys,B-Boy Bouillabaisse: A.W.O.L. (2009 Digital Remaster),hip hop,3.794034375000003,Eminem,8 Mile,hip hop,0.6271918266894302,Ashley MacIsaac,I Don't Need This,electronic,0.592642030261735,Blues Traveler,Hook,blues,0.5885484971867396,Eminem,8 Mile,hip hop,0.6495884013992241,Ashley MacIsaac,I Don't Need This,electronic,0.611775290321498,Blues Traveler,Hook,blues,0.6103125256089723,Lauryn Hill,Interlude 5,r&b/soul,344.3650297567397,KMD,Plumskinzz (Loose Hoe_ God & Cupid),hip hop,297.9443199207326,Onyx,Slam,hip hop,279.4620077077541,KMD,Plumskinzz (Loose Hoe_ God & Cupid),hip hop,206.0735169059759,Onyx,Slam Harder,hip hop,199.27404353835928,Onyx,Slam,hip hop,199.27404353835928,Shania Twain,I'm Not In The Mood (To Say No)!,country,0.325079682293638,Grand Puba,Alamo,hip hop,0.3205484259085104,Pat Travers,I La La La Love You,blues,0.3110931941557248,Shania Twain,I'm Not In The Mood (To Say No)!,country,0.3659891186315041,KMD,Plumskinzz (Loose Hoe_ God & Cupid),hip hop,0.3574568943792732,Afroman,Life of Tha Party,hip hop,0.3551622039684088
TRBVOUE128F92F4B3E,SOLYDSR12D021902F1,ARIL5841187FB5C061,Duffy,Oh Boy,r&b/soul,Beastie Boys,B-Boy Bouillabaisse: A.W.O.L. (2009 Digital Remaster),hip hop,2633.0,Lauryn Hill,Interlude 5,r&b/soul,2569.0,Twista,I'm A Winner (Amended Album Version),hip hop,2391.0,Beastie Boys,B-Boy Bouillabaisse: A.W.O.L. (2009 Digital Remaster),hip hop,3.006581250000001,Lauryn Hill,Interlude 5,r&b/soul,2.870849999999999,Twista,I'm A Winner (Amended Album Version),hip hop,2.7662875000000007,Ledisi,Best Friend,r&b/soul,0.6963203494162432,Hank Thompson,Drivin' Nails In My Coffin,country,0.637539351488773,Canned Heat,Dust My Broom,blues,0.6366238587498829,Ledisi,Best Friend,r&b/soul,0.7071243832816302,Canned Heat,Dust My Broom,blues,0.6477884457189971,Elmore James,Dust My Broom,blues,0.6477884457189971,Lauryn Hill,Interlude 5,r&b/soul,180.0666004576095,Beastie Boys,B-Boy Bouillabaisse: A.W.O.L. (2009 Digital Remaster),hip hop,152.9758198656222,Aceyalone,Mr. Outsider,hip hop,146.6178929971062,Lisa Loeb,Jake,folk,104.93718326780153,Judy Collins,Cat's In The Cradle,folk,104.50297692587114,Suzi Quatro,Mama's Boy,rock,99.67270730945076,Iggy Pop,Home,rock,0.3048802420717713,Lisa Loeb,Jake,folk,0.29921932995363043,Extreme,Li'l Jack Horny,rock,0.2858430021204715,Lisa Loeb,Jake,folk,0.34321169164313536,Iggy Pop,Home,rock,0.34036205468217556,Extreme,Li'l Jack Horny,rock,0.3171266674670007
TRTAKII128F92E4449,SOKHIOI12A8C141E73,AR9B7FG1187B9A5C96,Jay Sean,Maybe,r&b/soul,Lauryn Hill,Interlude 5,r&b/soul,6853.0,Twista,I'm A Winner (Amended Album Version),hip hop,5753.0,Beastie Boys,B-Boy Bouillabaisse: A.W.O.L. (2009 Digital Remaster),hip hop,5463.0,Lauryn Hill,Interlude 5,r&b/soul,7.862449999999999,Twista,I'm A Winner (Amended Album Version),hip hop,6.731293749999999,Beastie Boys,B-Boy Bouillabaisse: A.W.O.L. (2009 Digital Remaster),hip hop,6.240178125000003,Beastie Boys,So What'Cha Want (Butt Naked Version) (Explicit) (2009 Digital Remaster),hip hop,0.7100214544337948,Tony Sly,On the Outside,folk,0.7039429337813322,Billie Holiday,Guilty,jazz,0.7029649713313035,Beastie Boys,So What'Cha Want (Butt Naked Version) (Explicit) (2009 Digital Remaster),hip hop,0.7227825087115289,Tony Sly,On the Outside,folk,0.7184094559523317,Anastacia,Club Megamix,rock,0.716773835196622,Beastie Boys,B-Boy Bouillabaisse: A.W.O.L. (2009 Digital Remaster),hip hop,261.33115732740237,Lauryn Hill,Interlude 5,r&b/soul,242.29758877133136,K-OS,FlyPaper,hip hop,226.3508593037454,K-OS,FlyPaper,hip hop,147.98085795602466,Keith Sweat,Caught Up,r&b/soul,146.42611570771817,Samantha Mumba,Feelin Is Right,r&b/soul,139.04709325902522,Rebelution,Safe and Sound,reggae,0.25943337200902855,Poverty's no Crime,Left to chance,rock,0.2547754599016344,Billie Holiday,Guilty,jazz,0.2408973448038006,Rebelution,Safe and Sound,reggae,0.3101815648363682,K-OS,FlyPaper,hip hop,0.2997822604024765,Michael Penn,Evenfall,rock,0.2922305359939758
TRSHMDQ128F422C1D6,SOZBCSN12A8AE46F93,AR9B7FG1187B9A5C96,Jay Sean,Stuck In the Middle,r&b/soul,Lauryn Hill,Interlude 5,r&b/soul,12543.0,Twista,I'm A Winner (Amended Album Version),hip hop,9064.0,Beastie Boys,B-Boy Bouillabaisse: A.W.O.L. (2009 Digital Remaster),hip hop,7895.0,Lauryn Hill,Interlude 5,r&b/soul,14.611549999999998,Twista,I'm A Winner (Amended Album Version),hip hop,10.632550000000002,Beastie Boys,B-Boy Bouillabaisse: A.W.O.L. (2009 Digital Remaster),hip hop,8.976275000000003,Kevon Edmonds,Never Love You,r&b/soul,0.784742605464517,Lauryn Hill,Interlude 5,r&b/soul,0.7693226301741963,Alice Smith,Dream,r&b/soul,0.7458603994855599,Kevon Edmonds,Never Love You,r&b/soul,0.7918194852832479,Lauryn Hill,Interlude 5,r&b/soul,0.7813905814818588,Blood_ Sweat & Tears,So Much Love/Underture,jazz,0.7586963367206558,Lauryn Hill,Interlude 5,r&b/soul,400.5723634903157,Beastie Boys,B-Boy Bouillabaisse: A.W.O.L. (2009 Digital Remaster),hip hop,399.5316928725319,Eminem,8 Mile,hip hop,341.32159801364116,Lauryn Hill,Interlude 5,r&b/soul,185.71233211338932,Beastie Boys,B-Boy Bouillabaisse: A.W.O.L. (2009 Digital Remaster),hip hop,180.53292760706233,Omarion,I'm Gon' Change,r&b/soul,176.8508481989306,Saint Etienne,Stop & Think It Over,pop,0.31561676842635955,David Ball,Loser Friendly,country,0.3091788646679147,Sammie,I Like It (Remix),hip hop,0.28515808163334155,Saint Etienne,Stop & Think It Over,pop,0.3695105278815795,David Ball,Loser Friendly,country,0.3667132418788477,Sammie,I Like It (Remix),hip hop,0.3518508660536345
TRENMSO128F42AF485,SOUXXLG12A8C13EB34,AR8DTD41187FB51ED9,Fantasia,Bump What Your Friends Say,r&b/soul,Lauryn Hill,Interlude 5,r&b/soul,6506.0,Twista,I'm A Winner (Amended Album Version),hip hop,5421.0,Eminem,My Darling,hip hop,4687.0,Lauryn Hill,Interlude 5,r&b/soul,7.493100000000003,Twista,I'm A Winner (Amended Album Version),hip hop,6.358381249999997,Eminem,My Darling,hip hop,5.467378125,KeKe Wyatt,If Only You Knew,r&b/soul,0.7909399977424434,Samantha Mumba,Never Meant To Be,r&b/soul,0.7895894412033134,Eminem,My Darling,hip hop,0.7851881946889966,KeKe Wyatt,If Only You Knew,r&b/soul,0.8008762357886852,Samantha Mumba,Never Meant To Be,r&b/soul,0.7985221585138622,Eminem,My Darling,hip hop,0.7966009691032254,Lauryn Hill,Interlude 5,r&b/soul,284.8549163243094,Beastie Boys,B-Boy Bouillabaisse: A.W.O.L. (2009 Digital Remaster),hip hop,261.3754754637549,Eminem,My Darling,hip hop,245.79634135830685,Eminem,My Darling,hip hop,135.43479003979792,Kurupt,Ho's A Housewife,hip hop,130.81810050347656,Bette Midler,Friends/Oh My My (LIve),folk,129.14419347133656,Samantha Mumba,Never Meant To Be,r&b/soul,0.28873369453067016,Backstreet Boys,Don't Want You Back,pop,0.28102723122506834,Gretchen Wilson,One Of The Boys,country,0.2744191985716967,Samantha Mumba,Never Meant To Be,r&b/soul,0.3436257293412151,Bette Midler,Friends/Oh My My (LIve),folk,0.3370640538938301,Backstreet Boys,Don't Want You Back,pop,0.33499008904590066
TRTSASI12903CC26E8,SOUSVDG12AB018B099,AR20CFC1187B98A25D,Ray Charles,Smack Dab In The Middle,r&b/soul,Lauryn Hill,Interlude 5,r&b/soul,2713.0,Beastie Boys,B-Boy Bouillabaisse: A.W.O.L. (2009 Digital Remaster),hip hop,2404.0,Twista,I'm A Winner (Amended Album Version),hip hop,1728.0,Lauryn Hill,Interlude 5,r&b/soul,3.0393500000000007,Beastie Boys,B-Boy Bouillabaisse: A.W.O.L. (2009 Digital Remaster),hip hop,2.710714062500001,The Pharcyde,Otha Fish,hip hop,1.9608671875000008,Johnny Cash,Man In White,country,0.6453548413846797,RKL,Heavily Sedated,metal,0.6233725214676972,DJ Quik,Safe + Sound,hip hop,0.6226368219733805,Johnny Cash,Man In White,country,0.6620915663576615,DJ Quik,Safe + Sound,hip hop,0.6414018459548891,RKL,Heavily Sedated,metal,0.6401788058649073,Beastie Boys,B-Boy Bouillabaisse: A.W.O.L. (2009 Digital Remaster),hip hop,191.0755890727922,Lauryn Hill,Interlude 5,r&b/soul,167.88169343180374,T-Bone,Throw Ya Handz Up,hip hop,159.41118256334101,T-Bone,Throw Ya Handz Up,hip hop,113.48919541514925,Fergie,Get Your Hands Up,hip hop,106.46457799834725,Pat Travers,Is This Love,reggae,100.95014098057872,Pat Travers,Is This Love,reggae,0.28325200965558867,Ike & Tina Turner,Rock Me Baby,r&b/soul,0.2819916900445033,T. Rex,20th Century Boy,rock,0.27769494427429553,Pat Travers,Is This Love,reggae,0.3159483169485602,Ike & Tina Turner,Rock Me Baby,r&b/soul,0.3083068117381085,T. Rex,20th Century Boy,rock,0.30748071404327393
TRNZNSR128F429F04B,SOIFMOR12A8C13C0CD,AR20CFC1187B98A25D,Ray Charles,Don't You Know,r&b/soul,Lauryn Hill,Interlude 5,r&b/soul,3485.0,Twista,I'm A Winner (Amended Album Version),hip hop,3029.0,Vanilla Ice,It's A Party,hip hop,2829.0,Lauryn Hill,Interlude 5,r&b/soul,3.896250000000001,Twista,I'm A Winner (Amended Album Version),hip hop,3.485625,Vanilla Ice,It's A Party,hip hop,3.3256249999999987,Marques Houston,Naked,r&b/soul,0.6655444221016603,Usher,Love Was Here,hip hop,0.6529901625776058,K-Ci & JoJo,Baby Come Back,blues,0.6356607600794257,Marques Houston,Naked,r&b/soul,0.6809337442010978,Usher,Love Was Here,hip hop,0.667025812177734,K-Ci & JoJo,Baby Come Back,blues,0.6464082644947164,Beastie Boys,B-Boy Bouillabaisse: A.W.O.L. (2009 Digital Remaster),hip hop,175.5753098419033,Snoop Dogg,Snoopafella (Edited),hip hop,161.83312301908305,Lauryn Hill,Interlude 5,r&b/soul,160.4161078739365,Sugarland,Baby Girl,country,100.03900550715873,Usher,Love Was Here,hip hop,98.26532343879866,Atmosphere,Breathing,hip hop,96.6807978574075,Gregory Isaac,Soon Forward,reggae,0.4127289727054445,Ray Charles,Kiss me baby,jazz,0.3378022026287672,Ike & Tina Turner,Rock Me Baby,r&b/soul,0.30040647137843585,Gregory Isaac,Soon Forward,reggae,0.439648187509295,Ray Charles,Kiss me baby,jazz,0.37040570583983995,The Temptations,Ain't Too Proud To Beg,r&b/soul,0.32885064567251365
TRWFFHM128F92F99C4,SOJVLDB12AB017ACC4,ARZCS0M1187FB52EAB,Chrisette Michele,All I Ever Think About,r&b/soul,Lauryn Hill,Interlude 5,r&b/soul,11542.0,Twista,I'm A Winner (Amended Album Version),hip hop,9801.0,Erykah Badu,I Want You,r&b/soul,8584.0,Lauryn Hill,Interlude 5,r&b/soul,13.3764,Twista,I'm A Winner (Amended Album Version),hip hop,11.564321875,Erykah Badu,I Want You,r&b/soul,10.343692187500006,Clawfinger,Revenge,metal,0.8072168604545495,Less Than Jake,I Think I Love You,reggae,0.7867425057098518,Anastacia,Club Megamix,rock,0.7782621352796931,Clawfinger,Revenge,metal,0.8142825507596168,Less Than Jake,I Think I Love You,reggae,0.7932896443459375,Anastacia,Club Megamix,rock,0.7887256894352089,Lauryn Hill,Interlude 5,r&b/soul,364.4309352430656,Binary Star,Honest Expression,hip hop,304.9952529575443,Nelly,Splurge,hip hop,287.3879026933968,Nelly,Splurge,hip hop,186.50958419846404,Usher,Nice & Slow,r&b/soul,181.1131819652974,Anastacia,Club Megamix,rock,163.5026916379964,Usher,Nice & Slow,r&b/soul,0.3096531760863595,Stevie Wonder,If You Really Love Me,r&b/soul,0.2793177406274758,Descendents,Talking,punk,0.271551623136147,Usher,Nice & Slow,r&b/soul,0.37980143836002334,N-Dubz,Sex,hip hop,0.34350825189128814,Shai,Waiting For The Day,r&b/soul,0.337434805334469
TRDIOJU128F931BF15,SOPGSCU12D0219384E,ARRZUPG11F43A69EF7,Jackson 5,(You Were Made) Especially For Me,r&b/soul,Lauryn Hill,Interlude 5,r&b/soul,4829.0,Twista,I'm A Winner (Amended Album Version),hip hop,4158.0,Danity Kane,Hold Me Down (Album Version),r&b/soul,4154.0,Lauryn Hill,Interlude 5,r&b/soul,5.52795,Danity Kane,Hold Me Down (Album Version),r&b/soul,4.956996875,Twista,I'm A Winner (Amended Album Version),hip hop,4.865309375000001,Mutya Buena,Not Your Baby,pop,0.7087265340880128,Bad Brains,Don't Bother Me (Bad Brains),punk,0.6912720310629554,Keith Sweat,Give Me What I Want (LP Version),r&b/soul,0.6864304361861895,Mutya Buena,Not Your Baby,pop,0.7181279436425172,Bad Brains,Don't Bother Me (Bad Brains),punk,0.6992731139591825,Keith Sweat,Give Me What I Want (LP Version),r&b/soul,0.6950701136452101,The Puppini Sisters,Don't Sit Under The Apple Tree,jazz,201.39091191071603,Newton Faulkner,Dream Catch Me,folk,196.1197568278907,Eminem,My Darling,hip hop,180.26704869351974,The Puppini Sisters,Don't Sit Under The Apple Tree,jazz,185.43212234708875,Newton Faulkner,Dream Catch Me,folk,176.70306438950453,Danity Kane,Hold Me Down (Album Version),r&b/soul,136.23687262630204,Irma Thomas,Anyone Who Knows What Love Is (Will Understand),r&b/soul,0.4087507758473522,The Puppini Sisters,Don't Sit Under The Apple Tree,jazz,0.40096835341193365,Newton Faulkner,Dream Catch Me,folk,0.38216113322197853,Irma Thomas,Anyone Who Knows What Love Is (Will Understand),r&b/soul,0.4281212897783685,The Puppini Sisters,Don't Sit Under The Apple Tree,jazz,0.4209489384911443,Newton Faulkner,Dream Catch Me,folk,0.40670860935890657
TRGYQBU128F9342C87,SONQNNF12D021B4C46,ARRZUPG11F43A69EF7,Jackson 5,I Was Made To Love Her,r&b/soul,Lauryn Hill,Interlude 5,r&b/soul,4024.0,Beastie Boys,B-Boy Bouillabaisse: A.W.O.L. (2009 Digital Remaster),hip hop,3548.0,Eminem,8 Mile,hip hop,3165.0,Lauryn Hill,Interlude 5,r&b/soul,4.500999999999999,Beastie Boys,B-Boy Bouillabaisse: A.W.O.L. (2009 Digital Remaster),hip hop,3.9926093749999993,Eminem,8 Mile,hip hop,3.622390624999998,Con Funk Shun,Electric Lady,r&b/soul,0.6717570958821723,Doyle Bramhall,Cryin',blues,0.6656897044213878,The Knack,Heartbeat,rock,0.6438404970303326,Con Funk Shun,Electric Lady,r&b/soul,0.6857146191861955,Doyle Bramhall,Cryin',blues,0.676659820504948,The Knack,Heartbeat,rock,0.6536816666540793,Lauryn Hill,Interlude 5,r&b/soul,264.89032443208606,Beastie Boys,B-Boy Bouillabaisse: A.W.O.L. (2009 Digital Remaster),hip hop,194.81095633296025,Hayseed Dixie,Black Dog,country,181.34135382552188,Hayseed Dixie,Black Dog,country,147.21559623861512,Lauryn Hill,Interlude 5,r&b/soul,130.52807704873177,James Taylor,It's Growing,folk,126.74448303952151,Busted,Build Me Up Buttercup,pop,0.3257142501954523,Hayseed Dixie,Black Dog,country,0.32097994318405754,Simian Mobile Disco,I BELIEVE,electronic,0.3055003062304044,Busted,Build Me Up Buttercup,pop,0.368666603920696,Hayseed Dixie,Black Dog,country,0.36799774609352626,Simian Mobile Disco,I BELIEVE,electronic,0.3501061772410168
TRVBSAC128F42B6438,SOAPRQO12AF72A2410,ARRZUPG11F43A69EF7,Jackson 5,Bridge Over Troubled Water,r&b/soul,Twista,I'm A Winner (Amended Album Version),hip hop,2693.0,Lauryn Hill,Interlude 5,r&b/soul,2692.0,Beastie Boys,B-Boy Bouillabaisse: A.W.O.L. (2009 Digital Remaster),hip hop,2554.0,Twista,I'm A Winner (Amended Album Version),hip hop,3.1122218750000004,Lauryn Hill,Interlude 5,r&b/soul,2.9763000000000006,Beastie Boys,B-Boy Bouillabaisse: A.W.O.L. (2009 Digital Remaster),hip hop,2.8674390625,Boyz II Men,To The Limit,r&b/soul,0.6467640477207864,The Dells,It's All Up To You,r&b/soul,0.6311256320471421,Annihilator,Hunter killer,metal,0.6301345510454475,Boyz II Men,To The Limit,r&b/soul,0.6548276156745451,The Dells,It's All Up To You,r&b/soul,0.6423193478847731,Annihilator,Hunter killer,metal,0.6392556245833328,OutKast,Mainstream,hip hop,157.7449753530563,Warren G,Keepin' It Strong,hip hop,153.8842371736918,Beastie Boys,B-Boy Bouillabaisse: A.W.O.L. (2009 Digital Remaster),hip hop,153.37040427794682,Johnny Winter,Lay Down Your Sorrows,blues,107.61246389329293,Mississippi Fred McDowell,When I Lay My Burden Down,blues,106.54211054384213,Tanya Tucker,Some Kind Of Trouble,country,104.00651214346247,Mississippi Fred McDowell,When I Lay My Burden Down,blues,0.4521305373219107,Johnny Winter,Lay Down Your Sorrows,blues,0.3088641251019573,Stellastarr*,Sweet Troubled Soul,rock,0.2584132627603361,Mississippi Fred McDowell,When I Lay My Burden Down,blues,0.4659248481216732,Johnny Winter,Lay Down Your Sorrows,blues,0.34483084005813497,Stellastarr*,Sweet Troubled Soul,rock,0.2908616006446357
TRHTGXF128F931BEE7,SOVJMLE12AB01848BF,ARRZUPG11F43A69EF7,Jackson 5,Goin' Back To Indiana,r&b/soul,Eminem,8 Mile,hip hop,4576.0,Beastie Boys,B-Boy Bouillabaisse: A.W.O.L. (2009 Digital Remaster),hip hop,4515.0,Mario Vazquez,Everytime I...,r&b/soul,4045.0,Eminem,8 Mile,hip hop,5.409365625,Beastie Boys,B-Boy Bouillabaisse: A.W.O.L. (2009 Digital Remaster),hip hop,5.232134375,Mario Vazquez,Everytime I...,r&b/soul,4.905781250000005,Mc Chris,hoodie ninja,hip hop,0.7750243661098074,Jessica Andrews,Who I Am,country,0.765625289076669,Midnite,Bushman,reggae,0.7575449250550087,Mc Chris,hoodie ninja,hip hop,0.7810025785788369,Jessica Andrews,Who I Am,country,0.7713903629431287,Eminem,8 Mile,hip hop,0.7644326134807478,The Simpsons,Do The Bartman,hip hop,202.89698328984431,The Isley Brothers,Touch Me,blues,182.60241826627856,The Isley Brothers,Contagious,r&b/soul,174.40244920840604,The Simpsons,Do The Bartman,hip hop,135.54663601907004,Avant,Heaven,r&b/soul,130.96113231090777,Us3,I Got It Goin' On,jazz,127.88263899774213,Avant,Heaven,r&b/soul,0.34110615166549074,Jimmy Reed,Going To New York,blues,0.3020737387363831,Us3,I Got It Goin' On,jazz,0.3003592108683936,Avant,Heaven,r&b/soul,0.3786225921469644,Us3,I Got It Goin' On,jazz,0.35270228919396907,Nina Simone,He Ain't Comin' Home No More,classical,0.33722557114994595
TRULIIL128F4228AC8,SOHQSLE12A6D4FD852,ARRZUPG11F43A69EF7,Jackson 5,Lookin' Through The Windows,r&b/soul,Lauryn Hill,Interlude 5,r&b/soul,2486.0,Life Without Buildings,New Town,rock,2307.0,Twista,I'm A Winner (Amended Album Version),hip hop,2080.0,Life Without Buildings,New Town,rock,2.698540625,Lauryn Hill,Interlude 5,r&b/soul,2.6613000000000007,Twista,I'm A Winner (Amended Album Version),hip hop,2.30839375,Crystal Castles,Insectica,punk,0.4430588243465721,Echobelly,Dark Therapy,pop,0.4145360073717978,Chiasm,Enemy,electronic,0.3956536702155449,Crystal Castles,Insectica,punk,0.4603640936819273,Echobelly,Dark Therapy,pop,0.4331556450481653,Gravediggaz,Unexplained,hip hop,0.4190117482969396,Houston,Twizala,r&b/soul,212.85900717322562,Willie Nelson,Remember Me,country,195.8130417132927,Javier,Slow Motion,r&b/soul,186.04267738563837,Houston,Twizala,r&b/soul,183.83381175498883,Javier,Slow Motion,r&b/soul,148.16978784729872,Willie Nelson,Remember Me,country,129.89318852682902,Houston,Twizala,r&b/soul,0.3251924545528239,Waldeck,Morning Light,reggae,0.3083408292636994,The Mick Fleetwood Blues Band,Looking for Somebody,blues,0.26987253623954616,Houston,Twizala,r&b/soul,0.3576912716638052,Waldeck,Morning Light,reggae,0.3373578996234496,The Mick Fleetwood Blues Band,Looking for Somebody,blues,0.29357917350732315
TRTKNDU128EF3517DF,SOHAESY12A6D223C62,ARRZUPG11F43A69EF7,Jackson 5,You've Changed,r&b/soul,Lauryn Hill,Interlude 5,r&b/soul,5733.0,Twista,I'm A Winner (Amended Album Version),hip hop,4991.0,Michael Jackson,Man In The Mirror,pop,4910.0,Lauryn Hill,Interlude 5,r&b/soul,6.59815,Twista,I'm A Winner (Amended Album Version),hip hop,5.867478124999999,Michael Jackson,Man In The Mirror,pop,5.650446874999997,Adina Howard,Nasty Grind,r&b/soul,0.7301559332730103,The Specials,Skinhead Moonstomp,reggae,0.7278682674772853,Creed,Wrong Way,rock,0.7254857758062392,Adina Howard,Nasty Grind,r&b/soul,0.735168118198182,The Specials,Skinhead Moonstomp,reggae,0.7321400374526812,Creed,Wrong Way,rock,0.7284752318023344,Michael Jackson,Man In The Mirror,pop,217.13569869154782,Lauryn Hill,Interlude 5,r&b/soul,211.21227272536484,Eminem,My Darling,hip hop,180.90487865236187,Michael Jackson,Man In The Mirror,pop,162.89416500121106,Moby,Yeah,electronic,157.48332640813098,Aretha Franklin,Jump To It,r&b/soul,140.86576904475095,Luther Vandross,Here And Now,r&b/soul,0.32686720369816014,Moby,Yeah,electronic,0.3204527249756569,Cat Stevens,Rubylove,folk,0.3168886801212519,Luther Vandross,Here And Now,r&b/soul,0.3616247379099295,Moby,Yeah,electronic,0.3513194300274958,Bonnie Raitt,Something To Talk About,blues,0.3389280986772509
TRQBNNZ128F92D4F35,SONSXHN12A58A7B790,ARNQKXK1187B99EFDA,Jazmine Sullivan,Switch!,r&b/soul,Lauryn Hill,Interlude 5,r&b/soul,7500.0,Beastie Boys,B-Boy Bouillabaisse: A.W.O.L. (2009 Digital Remaster),hip hop,6752.0,Twista,I'm A Winner (Amended Album Version),hip hop,6002.0,Lauryn Hill,Interlude 5,r&b/soul,8.528599999999997,Beastie Boys,B-Boy Bouillabaisse: A.W.O.L. (2009 Digital Remaster),hip hop,7.732175000000002,Mario Vazquez,Everytime I...,r&b/soul,7.063749999999986,Bouncing Souls_ The,Pervert,electronic,0.7445085400426232,Mario Vazquez,Everytime I...,r&b/soul,0.7288863583045775,Common,Book Of Life,hip hop,0.7280807051064322,Bouncing Souls_ The,Pervert,electronic,0.7533107702265562,Common,Book Of Life,hip hop,0.739390136438965,Mario Vazquez,Everytime I...,r&b/soul,0.7336267272708022,Lauryn Hill,Interlude 5,r&b/soul,417.69009455444126,The Simpsons,Do The Bartman,hip hop,312.26730118108475,Beastie Boys,B-Boy Bouillabaisse: A.W.O.L. (2009 Digital Remaster),hip hop,289.9459171628702,Lauryn Hill,Interlude 5,r&b/soul,227.31151404644277,The Simpsons,Do The Bartman,hip hop,202.4499385318961,DMX,Bring Your Whole Crew,hip hop,169.5465730261766,Wisdom In Chains,I Don't Care,metal,0.316229551155096,Nickel Creek,Best Of Luck,country,0.2998887351025618,Paul Westerberg,Best Thing That Never Happened,rock,0.28632333329600557,Nickel Creek,Best Of Luck,country,0.35722131221600206,Wisdom In Chains,I Don't Care,metal,0.35401940422671757,Judge Dread,The Winkle Man,reggae,0.34222485594357394
TRTYGWW128E0794FA2,SOXJKGU12A67ADA1C9,ARIPLUN1187B99B9F9,The Police,One World (Not Three),reggae,Ja Rule,One of Us,hip hop,4884.0,Black Eyed Peas,One Tribe,hip hop,4671.0,Lauryn Hill,Interlude 5,r&b/soul,2866.0,Ja Rule,One of Us,hip hop,5.740656249999997,Black Eyed Peas,One Tribe,hip hop,5.604587500000001,Lauryn Hill,Interlude 5,r&b/soul,2.9799,The Derek Trucks Band,Revolution,blues,0.6108044472547096,Tracie Spencer,Imagine,r&b/soul,0.5741600916846835,Black Eyed Peas,One Tribe,hip hop,0.5372311211566747,The Derek Trucks Band,Revolution,blues,0.6192408513348493,Tracie Spencer,Imagine,r&b/soul,0.5850610981640372,Black Eyed Peas,One Tribe,hip hop,0.5472927257242414,Eminem,8 Mile,hip hop,206.93492858913154,Lauryn Hill,Interlude 5,r&b/soul,186.08398876296104,Recoil,Curse,electronic,161.32144221629338,Eminem,8 Mile,hip hop,115.19748372304512,Jonathan Coulton,Mandlebrot Set,rock,105.0362568232827,Eminem,If I Had,hip hop,103.8410219412311,Shamen,Lightspan,electronic,0.33355674503030075,Dwarves,Throw That World Away,punk,0.252345157348661,Tracie Spencer,Imagine,r&b/soul,0.25134783984476744,Shamen,Lightspan,electronic,0.34217233499052213,Tracie Spencer,Imagine,r&b/soul,0.2893138055733178,The Flatliners,This Respirator,reggae,0.2874282450582722
TRKHTKI128F92EA339,SOSDIHQ12A8C13C23F,AR6J3X81187FB59A7B,Matisyahu,Close My Eyes,reggae,Lauryn Hill,Interlude 5,r&b/soul,12297.0,Beastie Boys,B-Boy Bouillabaisse: A.W.O.L. (2009 Digital Remaster),hip hop,9562.0,Twista,I'm A Winner (Amended Album Version),hip hop,8267.0,Lauryn Hill,Interlude 5,r&b/soul,13.92915,Beastie Boys,B-Boy Bouillabaisse: A.W.O.L. (2009 Digital Remaster),hip hop,10.7465046875,Twista,I'm A Winner (Amended Album Version),hip hop,9.391290624999998,Blackalicious,Just What Can Happen,hip hop,0.7626606216695317,The Cat Empire,Days Like These,reggae,0.7462697315610117,Swollen Members,Switchblade,hip hop,0.7442695498665791,Blackalicious,Just What Can Happen,hip hop,0.7743506735143175,The Cat Empire,Days Like These,reggae,0.7647720683248902,Swollen Members,Switchblade,hip hop,0.7573573764806034,Beastie Boys,B-Boy Bouillabaisse: A.W.O.L. (2009 Digital Remaster),hip hop,697.3150897477748,Lauryn Hill,Interlude 5,r&b/soul,565.0741513090491,Eminem,8 Mile,hip hop,508.15944173308407,Beastie Boys,B-Boy Bouillabaisse: A.W.O.L. (2009 Digital Remaster),hip hop,314.30186242977385,The Cat Empire,Days Like These,reggae,216.33784611484057,Organized Konfusion,Walk Into The Sun,hip hop,211.01070691041605,Freedom Call,Flying high,metal,0.31042840732368004,R.I.O.,After The Love,electronic,0.267472859214136,The Cat Empire,Days Like These,reggae,0.26577489023406214,Beastie Boys,B-Boy Bouillabaisse: A.W.O.L. (2009 Digital Remaster),hip hop,0.4305291722303034,The Cat Empire,Days Like These,reggae,0.3969411931313876,Kool Moe Dee,Bad Mutha,hip hop,0.3845358708627218
TRACTLX128F42A51F6,SOWXKLQ12A8C13C221,AR6J3X81187FB59A7B,Matisyahu,Exaltation,reggae,Lauryn Hill,Interlude 5,r&b/soul,2779.0,Beastie Boys,B-Boy Bouillabaisse: A.W.O.L. (2009 Digital Remaster),hip hop,2489.0,The Pharcyde,Otha Fish,hip hop,1976.0,Lauryn Hill,Interlude 5,r&b/soul,3.011449999999999,Beastie Boys,B-Boy Bouillabaisse: A.W.O.L. (2009 Digital Remaster),hip hop,2.724639062500001,The Pharcyde,Otha Fish,hip hop,2.2297421875,Opera IX,Immortal Chant,metal,0.6344707093133293,Lizzy Borden,There Will Be Blood Tonight,metal,0.616560699677297,Frank Sinatra,The Girl That I Marry,jazz,0.6165599882306922,Opera IX,Immortal Chant,metal,0.6482811147271351,Lizzy Borden,There Will Be Blood Tonight,metal,0.6315517213772517,Frank Sinatra,The Girl That I Marry,jazz,0.6257602441707965,Savatage,The Hourglass,metal,210.19308060058032,Ja Rule,One of Us,hip hop,179.21674968871764,Recoil,Curse,electronic,177.95426624491907,Tree63,All Over The World,rock,133.18243579993197,Savatage,The Hourglass,metal,117.94985016438626,Paul Potts,O Holy Night,classical,117.63173852872848,Andrew Peterson,Holy Is The Lord,folk,0.32437021068912125,Enigma,Prism Of Life,electronic,0.3194923012711806,Paul Potts,O Holy Night,classical,0.31620712066451684,Enigma,Prism Of Life,electronic,0.36635024154259943,Paul Potts,O Holy Night,classical,0.36362592209774763,Tree63,All Over The World,rock,0.35297145243405176
TRHQAPS128F42A51F4,SOSWVVV12A8C13C21C,AR6J3X81187FB59A7B,Matisyahu,Fire and Heights,reggae,Lauryn Hill,Interlude 5,r&b/soul,11299.0,Beastie Boys,B-Boy Bouillabaisse: A.W.O.L. (2009 Digital Remaster),hip hop,8616.0,Twista,I'm A Winner (Amended Album Version),hip hop,8327.0,Lauryn Hill,Interlude 5,r&b/soul,13.03355,Beastie Boys,B-Boy Bouillabaisse: A.W.O.L. (2009 Digital Remaster),hip hop,9.858290625,Twista,I'm A Winner (Amended Album Version),hip hop,9.696268750000002,Sage Francis,Clickety Clack,hip hop,0.825282465909543,Fat Joe,Preacher On A Sunday Morning,hip hop,0.8109619509442363,Snoop Dogg,Snoopafella (Edited),hip hop,0.7942584617718051,Sage Francis,Clickety Clack,hip hop,0.8349061150317288,Fat Joe,Preacher On A Sunday Morning,hip hop,0.8211194488995367,Snoop Dogg,Snoopafella (Edited),hip hop,0.8061986240280945,Lauryn Hill,Interlude 5,r&b/soul,379.33831093617954,Beastie Boys,B-Boy Bouillabaisse: A.W.O.L. (2009 Digital Remaster),hip hop,370.36505959932543,Savatage,The Hourglass,metal,331.32956998318014,Matisyahu,Close My Eyes,reggae,165.46476896041972,Michael Jackson,Man In The Mirror,pop,162.95554369455135,Ja Rule,One of Us,hip hop,162.69152304809217,Dominici,So Help Me God,electronic,0.32431967374333925,Shania Twain,All Fired Up_ No Place To Go,country,0.29286629261454933,Taproot,Poem (Precision Version),metal,0.2888155535949078,Dominici,So Help Me God,electronic,0.38216454627973406,Common,Book Of Life,hip hop,0.37524339311872656,Shania Twain,All Fired Up_ No Place To Go,country,0.3523219407112027
TRWMHCZ128F42AE295,SOPJZCC12A8C13FF7B,AR6J3X81187FB59A7B,Matisyahu,Jerusalem,reggae,Lauryn Hill,Interlude 5,r&b/soul,7300.0,Twista,I'm A Winner (Amended Album Version),hip hop,6014.0,Beastie Boys,B-Boy Bouillabaisse: A.W.O.L. (2009 Digital Remaster),hip hop,5989.0,Lauryn Hill,Interlude 5,r&b/soul,8.2763,Twista,I'm A Winner (Amended Album Version),hip hop,6.962846875,Beastie Boys,B-Boy Bouillabaisse: A.W.O.L. (2009 Digital Remaster),hip hop,6.776501562499998,Freshman 15,When Cheating Had Feeling,punk,0.662953350926521,A Tribe Called Quest,Rap Promoter,hip hop,0.640285939658662,Mutya Buena,Not Your Baby,pop,0.6341342472398693,Freshman 15,When Cheating Had Feeling,punk,0.6779036498379287,A Tribe Called Quest,Rap Promoter,hip hop,0.6582037292552875,Mutya Buena,Not Your Baby,pop,0.6498772107150411,Beastie Boys,B-Boy Bouillabaisse: A.W.O.L. (2009 Digital Remaster),hip hop,308.2866958581811,Lauryn Hill,Interlude 5,r&b/soul,307.9103696272669,Black Eyed Peas,One Tribe,hip hop,233.16501136430196,Black Eyed Peas,One Tribe,hip hop,171.0325730732616,Lauryn Hill,Interlude 5,r&b/soul,131.41249212555095,Javine,Touch My Fire,pop,129.91856700096577,Matthew Ryan,Autopilot,folk,0.2928996070661031,Black Eyed Peas,One Tribe,hip hop,0.28891593213631855,Sara Gazarek,Yours (Live),jazz,0.28568579587698667,Black Eyed Peas,One Tribe,hip hop,0.3562236896909971,Matthew Ryan,Autopilot,folk,0.3453996945592241,Sara Gazarek,Yours (Live),jazz,0.3377883808890825
TRMMTKA128F42A51E7,SOSCMSY12A8C13C1E9,AR6J3X81187FB59A7B,Matisyahu,Warrior,reggae,Lauryn Hill,Interlude 5,r&b/soul,3969.0,Beastie Boys,B-Boy Bouillabaisse: A.W.O.L. (2009 Digital Remaster),hip hop,2558.0,Twista,I'm A Winner (Amended Album Version),hip hop,2487.0,Lauryn Hill,Interlude 5,r&b/soul,4.4460500000000005,Twista,I'm A Winner (Amended Album Version),hip hop,2.7720499999999992,Beastie Boys,B-Boy Bouillabaisse: A.W.O.L. (2009 Digital Remaster),hip hop,2.7666500000000007,Damien Dempsey,Colony,folk,0.6579159037940159,Sage Francis,Clickety Clack,hip hop,0.657037069104979,Buffy Sainte-Marie,Now That the Buffalo's Gone,folk,0.6500575147393519,Damien Dempsey,Colony,folk,0.6788518822081462,Sage Francis,Clickety Clack,hip hop,0.6777147490239745,Buffy Sainte-Marie,Now That the Buffalo's Gone,folk,0.6705528630030871,Beastie Boys,B-Boy Bouillabaisse: A.W.O.L. (2009 Digital Remaster),hip hop,280.2944647522853,Savatage,The Hourglass,metal,202.40216680895023,Lauryn Hill,Interlude 5,r&b/soul,197.2361857820006,Matisyahu,Fire and Heights,reggae,115.92703263950894,Beastie Boys,B-Boy Bouillabaisse: A.W.O.L. (2009 Digital Remaster),hip hop,102.27364323056491,Matisyahu,Jerusalem,reggae,100.85307991670399,Matisyahu,Fire and Heights,reggae,0.2346916253925456,Dean Martin,Memories Are Made Of This,jazz,0.23338741748771233,Matisyahu,Jerusalem,reggae,0.22845389115565257,Matisyahu,Fire and Heights,reggae,0.328860925085809,Matisyahu,Jerusalem,reggae,0.3016826545406076,Lauryn Hill,Adam Lives In Theory,r&b/soul,0.2925357342559462
TRPPHPV128F92F0750,SOMITIJ12AB017CAFA,ARW8F4B1187FB45EB4,Sublime,Don't Push,reggae,Lauryn Hill,Interlude 5,r&b/soul,8052.0,Beastie Boys,B-Boy Bouillabaisse: A.W.O.L. (2009 Digital Remaster),hip hop,6833.0,Twista,I'm A Winner (Amended Album Version),hip hop,6016.0,Lauryn Hill,Interlude 5,r&b/soul,9.0208,Beastie Boys,B-Boy Bouillabaisse: A.W.O.L. (2009 Digital Remaster),hip hop,7.668009375,Twista,I'm A Winner (Amended Album Version),hip hop,6.83758125,King Tee,Guitar Playin',hip hop,0.7786121901172196,St. Lunatics,Time,hip hop,0.77494854801521,Kool Moe Dee,Bad Mutha,hip hop,0.7744176451430603,King Tee,Guitar Playin',hip hop,0.7944454779654736,St. Lunatics,Time,hip hop,0.7896355095968679,Kool Moe Dee,Bad Mutha,hip hop,0.7892664591418733,Beastie Boys,B-Boy Bouillabaisse: A.W.O.L. (2009 Digital Remaster),hip hop,570.8619740817198,Lauryn Hill,Interlude 5,r&b/soul,466.90423704708763,Twista,Overdose (Album Version),hip hop,427.5130046147928,Beastie Boys,B-Boy Bouillabaisse: A.W.O.L. (2009 Digital Remaster),hip hop,256.65470592591936,Biz Markie,Make the Music With Your Mouth_ Biz,hip hop,233.41537329270082,Wu-Tang Clan,Da Mystery Of Chessboxin',hip hop,198.74396139864078,Biz Markie,Make the Music With Your Mouth_ Biz,hip hop,0.27591501900196463,Beastie Boys,Oh Word?,hip hop,0.2602030345588169,Brooks & Dunn,Boot Scootin' Boogie,country,0.24876539296611838,Beastie Boys,B-Boy Bouillabaisse: A.W.O.L. (2009 Digital Remaster),hip hop,0.4031814022870201,Biz Markie,Make the Music With Your Mouth_ Biz,hip hop,0.38028007270007197,Murs,The Dance,hip hop,0.361598810433663
TRZDKCU128F1456899,SOVEQJB12D0219AE54,ARW8F4B1187FB45EB4,Sublime,Pawn Shop,reggae,Lauryn Hill,Interlude 5,r&b/soul,2012.0,Vanilla Ice,Ice Is Workin' It,hip hop,1897.0,Beastie Boys,B-Boy Bouillabaisse: A.W.O.L. (2009 Digital Remaster),hip hop,1739.0,Vanilla Ice,Ice Is Workin' It,hip hop,2.2016000000000004,Lauryn Hill,Interlude 5,r&b/soul,2.156200000000001,UGK (Underground Kingz),She Luv It,hip hop,2.0020999999999987,Atom And His Package,Upside Down From Here,electronic,0.5448581044379144,Architecture In Helsinki,Underwater,pop,0.5327972569360901,ANJA GARBAREK,Something Written,jazz,0.4611179525350107,Atom And His Package,Upside Down From Here,electronic,0.5581581428906076,Architecture In Helsinki,Underwater,pop,0.5420594861518362,ANJA GARBAREK,Something Written,jazz,0.4747024126725687,G-Unit,Beg For Mercy,hip hop,158.30565009285039,Ginuwine,Do You Remember,r&b/soul,142.1657707256545,EPMD,Knick Knack Patty Wack,hip hop,113.79051884872715,G-Unit,Beg For Mercy,hip hop,125.30384600594398,Ginuwine,Do You Remember,r&b/soul,124.22995915786919,Alisha's Attic,The House That We Built,electronic,93.40783143940156,Ginuwine,Do You Remember,r&b/soul,0.3364365057216689,Jimmy Barnes,Stone Cold,r&b/soul,0.2950925327484737,General Surgery,Viva ! blunt force trauma,metal,0.28485165248369254,Ginuwine,Do You Remember,r&b/soul,0.36541325760170534,Jimmy Barnes,Stone Cold,r&b/soul,0.3216034222671164,Alisha's Attic,The House That We Built,electronic,0.30928778938706464
TRQCFKA128F148A0D5,SOUEAIV12A6D4F9FC2,ARRYZN01187FB45757,Michael Franti & Spearhead,See you in the Light,reggae,Lauryn Hill,Interlude 5,r&b/soul,6730.0,Beastie Boys,B-Boy Bouillabaisse: A.W.O.L. (2009 Digital Remaster),hip hop,6249.0,Twista,I'm A Winner (Amended Album Version),hip hop,6026.0,Lauryn Hill,Interlude 5,r&b/soul,7.7984,Beastie Boys,B-Boy Bouillabaisse: A.W.O.L. (2009 Digital Remaster),hip hop,7.297692187500001,Twista,I'm A Winner (Amended Album Version),hip hop,7.131165624999995,Thomas Dolby,I Live In A Suitcase,electronic,0.7066446569657645,RKL,Heavily Sedated,metal,0.6877195336002017,The Streets,The Irony Of It All (Album Version),electronic,0.687678919372489,Thomas Dolby,I Live In A Suitcase,electronic,0.7136166981196651,RKL,Heavily Sedated,metal,0.6973063563915288,The Streets,The Irony Of It All (Album Version),electronic,0.6966218494342558,Lauryn Hill,Interlude 5,r&b/soul,208.53269221888684,Beastie Boys,B-Boy Bouillabaisse: A.W.O.L. (2009 Digital Remaster),hip hop,198.0735220372882,Technicolour,At The Spot,r&b/soul,195.32529972768612,Technicolour,At The Spot,r&b/soul,164.37873975056533,Classified,All About U,hip hop,134.1646407741531,Tyrese,Morning After,r&b/soul,131.28893945403098,Technicolour,At The Spot,r&b/soul,0.3631335787329652,Lisa Stansfield,You Know How to Love Me,r&b/soul,0.3356458869199654,Björk,Hyper-Ballad,electronic,0.30127390939421894,Technicolour,At The Spot,r&b/soul,0.40388595441449027,Lisa Stansfield,You Know How to Love Me,r&b/soul,0.3760844800013029,Björk,Hyper-Ballad,electronic,0.34603348510078
TRPPATZ128F428BA6E,SOFOGTV12A6D4F9FBE,ARRYZN01187FB45757,Michael Franti & Spearhead,Sweet Little Lies,reggae,Lauryn Hill,Interlude 5,r&b/soul,4315.0,Danity Kane,Hold Me Down (Album Version),r&b/soul,4271.0,Five,That's What You Told Me,pop,4170.0,Danity Kane,Hold Me Down (Album Version),r&b/soul,5.024390624999998,Five,That's What You Told Me,pop,4.952531249999998,Lauryn Hill,Interlude 5,r&b/soul,4.71525,Faithless,Salva Mea,electronic,0.5974283205833099,Sharon Jones & The Dap-Kings,Tell Me,r&b/soul,0.5777759084486067,Albert King,I Get Evil,blues,0.5724062318758442,Faithless,Salva Mea,electronic,0.6077593606066267,Sharon Jones & The Dap-Kings,Tell Me,r&b/soul,0.5887365300446227,Albert King,I Get Evil,blues,0.5846867866317716,Lauryn Hill,Interlude 5,r&b/soul,234.78142139857232,Beastie Boys,B-Boy Bouillabaisse: A.W.O.L. (2009 Digital Remaster),hip hop,204.31752489691434,Michael Jackson,Man In The Mirror,pop,201.66798861366797,Suicidal Tendencies,Where's The Truth,metal,148.03929284921153,Michael Jackson,Man In The Mirror,pop,127.68139479172267,UB40,Red Red Wine (Edit),reggae,123.9696085821056,Suicidal Tendencies,Where's The Truth,metal,0.28518018600143435,Funker Vogt,Blind Rage,electronic,0.2715539551064349,Berlin,Masquerade,pop,0.26980933508984406,Suicidal Tendencies,Where's The Truth,metal,0.33087616402443265,Berlin,Masquerade,pop,0.31630048059522925,Funker Vogt,Blind Rage,electronic,0.3152855685053166
TRMVVWQ128F422BB64,SOLMWNS12A81C209CB,AR9NG3Y1187B9895EE,McFly,The Way You Make Me Feel,reggae,Lauryn Hill,Interlude 5,r&b/soul,4823.0,Twista,I'm A Winner (Amended Album Version),hip hop,4702.0,Erykah Badu,I Want You,r&b/soul,4143.0,Twista,I'm A Winner (Amended Album Version),hip hop,5.531781249999998,Lauryn Hill,Interlude 5,r&b/soul,5.4997500000000015,Erykah Badu,I Want You,r&b/soul,4.984328124999999,Sunscreem,Pressure,electronic,0.8132971981695676,Anastacia,Club Megamix,rock,0.7343102368987238,Lemar,Time To Grow,r&b/soul,0.7302767990995617,Sunscreem,Pressure,electronic,0.8196535539325371,Anastacia,Club Megamix,rock,0.7463166783175269,Lemar,Time To Grow,r&b/soul,0.7413644709285913,Lauryn Hill,Interlude 5,r&b/soul,250.42308551171016,Beastie Boys,B-Boy Bouillabaisse: A.W.O.L. (2009 Digital Remaster),hip hop,243.33227125639854,Young Jeezy,By The Way,hip hop,189.269580786871,Young Jeezy,By The Way,hip hop,127.05160782162638,KMD,Plumskinzz (Loose Hoe_ God & Cupid),hip hop,112.17428456691287,Lauryn Hill,Interlude 5,r&b/soul,111.94144652122051,The Partridge Family,There'll Come A Time,pop,0.27326262892296344,Charlie Wilson,What You Do To Me,r&b/soul,0.271073253337306,Alicia Keys,Piano & I,r&b/soul,0.2684340447442584,Charlie Wilson,What You Do To Me,r&b/soul,0.3378210690399688,Young Jeezy,By The Way,hip hop,0.33026485756559454,The Partridge Family,There'll Come A Time,pop,0.3292063830517608
TRRATGY12903D138DB,SOQQEZD12AC468BFC3,ARBNXYA1187FB51C50,Daddy Yankee,Grito Mundial,reggae,Abba,Move On,pop,2498.0,Horace Andy,Horse With No Name,reggae,2336.0,Violadores del Verso,Dale tiempo al rumor,hip hop,2324.0,Abba,Move On,pop,3.0081078125000023,Horace Andy,Horse With No Name,reggae,2.817075000000003,Violadores del Verso,Dale tiempo al rumor,hip hop,2.763198437500002,Inti Illimani,El Arado,latin,0.6668025105626889,Atahualpa Yupanqui,Milonga Del Solitario,folk,0.655881006020194,Sebastien Tellier,League Chicanos,latin,0.6351815693431996,Inti Illimani,El Arado,latin,0.6730167366088002,Atahualpa Yupanqui,Milonga Del Solitario,folk,0.6647227490770447,Sebastien Tellier,League Chicanos,latin,0.6418097705432854,Violadores del Verso,Dale tiempo al rumor,hip hop,710.783992748154,Violadores del Verso,La ciudad nunca duerme,hip hop,631.1325066138191,Cartel De Santa,La Ranfla Del Cartel,hip hop,615.2864577530161,Violadores del Verso,Dale tiempo al rumor,hip hop,643.0801823462056,Violadores del Verso,La ciudad nunca duerme,hip hop,573.8349717757086,Cartel De Santa,La Ranfla Del Cartel,hip hop,573.3416921232042,Thievery Corporation,Exilio,latin,0.583413579674109,El sueño de Morfeo,Ven,pop,0.5661654311704498,Cartel De Santa,La Ranfla Del Cartel,hip hop,0.5509564075735978,Thievery Corporation,Exilio,latin,0.5879265904436154,El sueño de Morfeo,Ven,pop,0.5787407149741132,Cartel De Santa,La Ranfla Del Cartel,hip hop,0.5680084526879466
TRPSKLI128F425E42C,SOAUWMK12A8C136F49,ARD66TF1187B9A1670,tobyMac,Get This Party Started: Ghost Remix,reggae,Vanilla Ice,It's A Party,hip hop,3509.0,Lauryn Hill,Interlude 5,r&b/soul,3469.0,Beastie Boys,B-Boy Bouillabaisse: A.W.O.L. (2009 Digital Remaster),hip hop,3403.0,Vanilla Ice,It's A Party,hip hop,4.084003125000001,Beastie Boys,B-Boy Bouillabaisse: A.W.O.L. (2009 Digital Remaster),hip hop,3.701723437500001,Lauryn Hill,Interlude 5,r&b/soul,3.676149999999999,Four Year Strong,Catastrophe,punk,0.570770782859861,Vanilla Ice,It's A Party,hip hop,0.5053555342991657,Nick Cave & The Bad Seeds,Midnight Man,rock,0.5032551920224074,Four Year Strong,Catastrophe,punk,0.5902008669866663,Nick Cave & The Bad Seeds,Midnight Man,rock,0.5266624795541381,Vanilla Ice,It's A Party,hip hop,0.5227263087660752,Lauryn Hill,Interlude 5,r&b/soul,251.8737698028596,George Clinton,Flashlight,r&b/soul,229.912386166599,Beastie Boys,B-Boy Bouillabaisse: A.W.O.L. (2009 Digital Remaster),hip hop,226.28864742540082,Black Box,Everybody Everybody,electronic,173.6464655037381,George Clinton,Flashlight,r&b/soul,165.32167057078024,Nina Hagen,Where's The Party,punk,150.62702500716838,Black Box,Everybody Everybody,electronic,0.3379723633872762,The Planet Smashers,Life Of The Party,reggae,0.2903048611810433,Hooverphonic,Everytime We Live Together We Die A Bit More,electronic,0.2775871309236438,Black Box,Everybody Everybody,electronic,0.3698695283579805,The Planet Smashers,Life Of The Party,reggae,0.32188494202834766,Nina Hagen,Where's The Party,punk,0.3168095702973002
TRWQMVZ128E078F1F7,SOBPURX12D021B0F0F,ARAZCWP129462A97F1,Bob Marley & The Wailers,Africa Unite,reggae,Lauryn Hill,Interlude 5,r&b/soul,2306.0,Daft Punk,Touch It / Technologic,electronic,1770.0,Vanilla Ice,Ice Is Workin' It,hip hop,1766.0,Lauryn Hill,Interlude 5,r&b/soul,2.574299999999999,Daft Punk,Touch It / Technologic,electronic,2.090853125,Vanilla Ice,Ice Is Workin' It,hip hop,2.0617749999999986,Gamma Ray,Heavy Metal Universe (live),metal,0.6541634586902647,Zeigeist,Black Milk,electronic,0.6384617200199074,Buck-O-Nine,New Generation,reggae,0.6175824533439516,Gamma Ray,Heavy Metal Universe (live),metal,0.6664420183371625,Zeigeist,Black Milk,electronic,0.6506219199675038,Immortal Technique,The 4th Branch,hip hop,0.6322380497843354,Lauryn Hill,Interlude 5,r&b/soul,160.8816668024107,Jah Cure,Sticky,reggae,153.4155103828522,Michael Jackson,Man In The Mirror,pop,151.38924698794975,Jah Cure,Sticky,reggae,135.72128151066,Michael Jackson,Man In The Mirror,pop,110.16171003966632,Damien Dempsey,Colony,folk,89.96703195970419,Jah Cure,Sticky,reggae,0.3469209950932832,Pedro The Lion,Progress,rock,0.3004959601142013,Faithless,To All New Arrivals,electronic,0.2964776994607366,Jah Cure,Sticky,reggae,0.3751790296813949,Pedro The Lion,Progress,rock,0.3360891677520377,Faithless,To All New Arrivals,electronic,0.3284868440777364
TRHDTPQ128F147733A,SOLWOXW12D021B2450,ARAZCWP129462A97F1,Bob Marley & The Wailers,Could You Be Loved,reggae,Lauryn Hill,Interlude 5,r&b/soul,8724.0,Twista,I'm A Winner (Amended Album Version),hip hop,6834.0,Michael Jackson,Man In The Mirror,pop,5406.0,Lauryn Hill,Interlude 5,r&b/soul,10.042500000000002,Twista,I'm A Winner (Amended Album Version),hip hop,7.978828124999999,Michael Jackson,Man In The Mirror,pop,6.018046875000002,Boyz II Men,Could It Be I'm Falling In Love,r&b/soul,0.6264738571268593,The Enemy,It's Not OK [Live From London],rock,0.609560505239276,Lisa Stansfield,I Will Be Waiting,pop,0.5767967262086692,Boyz II Men,Could It Be I'm Falling In Love,r&b/soul,0.6356417799374943,The Enemy,It's Not OK [Live From London],rock,0.6203436981239911,Lisa Stansfield,I Will Be Waiting,pop,0.5877594595436703,Lauryn Hill,Interlude 5,r&b/soul,323.8895028883473,Eminem,8 Mile,hip hop,243.74532903413373,Beastie Boys,B-Boy Bouillabaisse: A.W.O.L. (2009 Digital Remaster),hip hop,241.41217681299997,Lauryn Hill,Interlude 5,r&b/soul,172.1082259263546,Michael Jackson,Man In The Mirror,pop,129.5490644295813,Alicia Keys,Tell You Something (Nana's Reprise),r&b/soul,126.51815471997578,João Gilberto,You Do Something To Me,latin,0.30861846036389584,Dope,I Am Nothing,metal,0.28542082582799794,Missing Persons,Destination Unknown,pop,0.28253949495225794,Missing Persons,Destination Unknown,pop,0.33302193515165074,João Gilberto,You Do Something To Me,latin,0.33236356021762914,Mc Chris,Rollercoaster,hip hop,0.3283405243660707
TRUVZTN128F424B846,SOLIWAK12D021B0CFA,ARAZCWP129462A97F1,Bob Marley,No Water,reggae,Lauryn Hill,Interlude 5,r&b/soul,1905.0,Twista,I'm A Winner (Amended Album Version),hip hop,1729.0,Beastie Boys,B-Boy Bouillabaisse: A.W.O.L. (2009 Digital Remaster),hip hop,1711.0,Lauryn Hill,Interlude 5,r&b/soul,2.1259500000000005,Twista,I'm A Winner (Amended Album Version),hip hop,1.994403125000001,Beastie Boys,B-Boy Bouillabaisse: A.W.O.L. (2009 Digital Remaster),hip hop,1.9252484375000003,Bob Marley,Rebels Hop,reggae,0.9932317150001168,Phil Collins,A Groovy Kind Of Love (Live),pop,0.7034400136386253,Amel Larrieux,Sweet Misery,r&b/soul,0.6857268786540109,Bob Marley,Rebels Hop,reggae,0.9935022053948106,Phil Collins,A Groovy Kind Of Love (Live),pop,0.7150501294849967,Amel Larrieux,Sweet Misery,r&b/soul,0.6979503950069523,Bob Marley,Rebels Hop,reggae,204.7993059559812,R. Kelly,I Mean (I Don't Mean It),r&b/soul,124.85090340581345,LL Cool J,Lollipop,hip hop,111.3145014491798,Bob Marley,Rebels Hop,reggae,195.40189240970574,R. Kelly,I Mean (I Don't Mean It),r&b/soul,92.49488462589562,Duran Duran,All Along The Water,pop,88.17042718212006,Bob Marley,Rebels Hop,reggae,0.9490421284375952,Cat Stevens,Rubylove,folk,0.2922108091645612,Duran Duran,All Along The Water,pop,0.28270757442766636,Bob Marley,Rebels Hop,reggae,0.9512575878871904,Duran Duran,All Along The Water,pop,0.31019944369671565,Gabriella Cilmi,Don't Wanna Go To Bed Now,jazz,0.3099104181220975
TRGPDHJ128F14527D5,SOVKUMU12D0219A271,ARAZCWP129462A97F1,Bob Marley & The Wailers,One Love / People Get Ready,reggae,Black Eyed Peas,One Tribe,hip hop,2810.0,Lauryn Hill,Interlude 5,r&b/soul,2710.0,Ja Rule,One of Us,hip hop,2318.0,Black Eyed Peas,One Tribe,hip hop,3.339112499999999,Lauryn Hill,Interlude 5,r&b/soul,2.9413000000000005,Ja Rule,One of Us,hip hop,2.62771875,Black Eyed Peas,One Tribe,hip hop,0.5869638593102421,Tanya Tucker,One Love At A Time,jazz,0.5233580834215669,Roxette,From One Heart To Another,pop,0.4814921438892506,Black Eyed Peas,One Tribe,hip hop,0.598910012511148,Tanya Tucker,One Love At A Time,jazz,0.5414275967664436,Dr. Alban,One Love,pop,0.5001897006171544,Lauryn Hill,Interlude 5,r&b/soul,236.13157905086564,Yellowcard,Believe,punk,203.34718203514348,OutKast,Hey Ya!,hip hop,175.59438241774845,Yellowcard,Believe,punk,170.16332607184125,OutKast,Hey Ya!,hip hop,136.16346441646257,Anouk,Alright,rock,121.98304528969553,Yellowcard,Believe,punk,0.3530916491302149,Anouk,Alright,rock,0.30952911596162463,Andrew Peterson,Holy Is The Lord,folk,0.3015251576523697,Yellowcard,Believe,punk,0.3941847799267136,Anouk,Alright,rock,0.3522070584096983,Useless I.D.,It's Alright,punk,0.31993777893319014
TRHKHHL128F4251E2A,SOFLXLZ12D021B24CD,ARAZCWP129462A97F1,Bob Marley,Try Me,reggae,Danity Kane,Hold Me Down (Album Version),r&b/soul,4652.0,Five,That's What You Told Me,pop,4357.0,Lauryn Hill,Interlude 5,r&b/soul,3318.0,Danity Kane,Hold Me Down (Album Version),r&b/soul,5.644499999999998,Five,That's What You Told Me,pop,5.305250000000002,Lauryn Hill,Interlude 5,r&b/soul,3.7794999999999983,Trisha Yearwood,Try Me Again,country,0.8052579057935676,Bizzy Bone,I Need You,hip hop,0.7318707881167816,Diana Krall,Peel Me A Grape,jazz,0.6892733119960319,Trisha Yearwood,Try Me Again,country,0.8066094439377955,Bizzy Bone,I Need You,hip hop,0.7314952430700974,Diana Krall,Peel Me A Grape,jazz,0.6925061394834546,Lauryn Hill,Interlude 5,r&b/soul,140.26324963166087,Beastie Boys,B-Boy Bouillabaisse: A.W.O.L. (2009 Digital Remaster),hip hop,107.14404090675943,Frankie J,Without You,r&b/soul,95.85017999688586,Lauryn Hill,Interlude 5,r&b/soul,78.99755983298391,Frankie J,Without You,r&b/soul,76.43626513502672,Slightly Stoopid,Everything You Need,reggae,73.54112062014035,Twenty 4 Seven,Take Me Away,electronic,0.3048020071645477,Trisha Yearwood,Try Me Again,country,0.28359523165862804,Venus Hum,Go To Sleep,electronic,0.27137073243791465,Twenty 4 Seven,Take Me Away,electronic,0.3282600950330591,Trisha Yearwood,Try Me Again,country,0.3162854872069006,Frankie J,Without You,r&b/soul,0.30149665245041163
TRAMTEH128F930D496,SOKVEKX12CF530D5AF,ARAZCWP129462A97F1,Bob Marley & The Wailers,Baby We've Got A Date (Rock It Baby),reggae,Daft Punk,Touch It / Technologic,electronic,4353.0,Vanilla Ice,Ice Is Workin' It,hip hop,3983.0,The Prodigy,We Gonna Rock,electronic,3978.0,Daft Punk,Touch It / Technologic,electronic,5.173445312499998,The Prodigy,We Gonna Rock,electronic,4.832375000000002,Vanilla Ice,Ice Is Workin' It,hip hop,4.6579375,Ringo Starr,Where Did Our Love Go,rock,0.5602901125027528,Floetry,Getting Late,r&b/soul,0.5549814745364121,Sarah Connor,French Kissing,r&b/soul,0.5124384069273435,Ringo Starr,Where Did Our Love Go,rock,0.5667986375091559,Floetry,Getting Late,r&b/soul,0.5657115574628778,Sarah Connor,French Kissing,r&b/soul,0.5241286365579738,Ashanti,Rock Wit U (Awww Baby),r&b/soul,271.21514746916256,Ryan Leslie,Just Right,r&b/soul,216.49234802777045,Afroman,Let's All Get Drunk,hip hop,211.81252238866648,Ashanti,Rock Wit U (Awww Baby),r&b/soul,245.04813526333925,Ryan Leslie,Just Right,r&b/soul,180.64274254610115,The Prodigy,We Gonna Rock,electronic,173.46903155139023,The Prodigy,We Gonna Rock,electronic,0.4041936867704393,Ashanti,Rock Wit U (Awww Baby),r&b/soul,0.397064559010479,T.Rex,The Street And Babe Shadow,rock,0.36580348487480785,Ashanti,Rock Wit U (Awww Baby),r&b/soul,0.42113011343706475,The Prodigy,We Gonna Rock,electronic,0.41114532763898065,T.Rex,The Street And Babe Shadow,rock,0.3829843158360519
TRCGRJV128F1477322,SOJPUXZ12CF5F8899E,ARAZCWP129462A97F1,Bob Marley & The Wailers,Johnny Was,reggae,Lauryn Hill,Interlude 5,r&b/soul,2088.0,Beastie Boys,B-Boy Bouillabaisse: A.W.O.L. (2009 Digital Remaster),hip hop,1679.0,Michael Jackson,Man In The Mirror,pop,1600.0,Lauryn Hill,Interlude 5,r&b/soul,2.1822000000000017,Beastie Boys,B-Boy Bouillabaisse: A.W.O.L. (2009 Digital Remaster),hip hop,1.740990625000001,Michael Jackson,Man In The Mirror,pop,1.6332312500000012,Etta James,W.O.M.A.N.,blues,0.5880641689006172,Little Anthony & The Imperials,Shimmy_ Shimmy_ Ko-Ko-Bop (Single Version),latin,0.5161077045587933,John Legend,Stereo,r&b/soul,0.5003414974449227,Etta James,W.O.M.A.N.,blues,0.5981221005231611,Little Anthony & The Imperials,Shimmy_ Shimmy_ Ko-Ko-Bop (Single Version),latin,0.5365117497382341,John Legend,Stereo,r&b/soul,0.5195669820234049,Gyptian,Take My Money,reggae,227.25056339870568,Lauryn Hill,Interlude 5,r&b/soul,221.70829361037167,Beastie Boys,B-Boy Bouillabaisse: A.W.O.L. (2009 Digital Remaster),hip hop,211.46937749168285,Gyptian,Take My Money,reggae,171.263081088597,Janie Fricke,She's Single Again,country,134.62457664884164,Shaggy,Luv Me Up,reggae,125.66376513629825,Janie Fricke,She's Single Again,country,0.329197916242659,Etta James,W.O.M.A.N.,blues,0.31991768898952266,Ronnie Milsap,A Woman In Love,country,0.2955713640753921,Janie Fricke,She's Single Again,country,0.3818882739160466,Etta James,W.O.M.A.N.,blues,0.3542420019472972,Gyptian,Take My Money,reggae,0.3404321633460105
TRRVJJF128F9309F02,SOECMGI12CF530E4F3,ARAZCWP129462A97F1,Bob Marley,Riding High,reggae,Lauryn Hill,Interlude 5,r&b/soul,4582.0,Twista,I'm A Winner (Amended Album Version),hip hop,4519.0,Beastie Boys,B-Boy Bouillabaisse: A.W.O.L. (2009 Digital Remaster),hip hop,3630.0,Twista,I'm A Winner (Amended Album Version),hip hop,5.298521874999999,Lauryn Hill,Interlude 5,r&b/soul,5.191599999999998,Britney Spears,Radar,pop,4.2189390625,Belleruche,Northern Girls,jazz,0.6418841917752084,Brian McKnight,Holdin' On [Missin' U] (Album Version),r&b/soul,0.6359842377758672,Johnny Winter,Prodigal Son,blues,0.6352888378914163,Belleruche,Northern Girls,jazz,0.6519932272217385,Johnny Winter,Prodigal Son,blues,0.6470601251896345,Brian McKnight,Holdin' On [Missin' U] (Album Version),r&b/soul,0.6454026287529029,Beastie Boys,B-Boy Bouillabaisse: A.W.O.L. (2009 Digital Remaster),hip hop,227.97489741978652,Lauryn Hill,Interlude 5,r&b/soul,183.75208308936624,Kurupt,It Ain't About You,hip hop,182.55047309240695,The Roots,Quills,hip hop,128.99336149843583,Kid Sister,Get Fresh,hip hop,126.1309846987434,Jeremih,My Ride,r&b/soul,125.62721054192062,Kid Sister,Get Fresh,hip hop,0.30018162370396967,Skip James,Cherry Ball Blues,blues,0.24841220870932154,Dropkick Murphys,Sunshine Highway (Album Version),rock,0.24086451149365906,Kid Sister,Get Fresh,hip hop,0.3457950103981956,The Roots,Quills,hip hop,0.2955135078894481,Jeremih,My Ride,r&b/soul,0.2931126284424412
TRDXHIR128F930E030,SOZKMVA12CF5F87636,ARAZCWP129462A97F1,Bob Marley,Soul Shakedown,reggae,Lauryn Hill,Interlude 5,r&b/soul,2678.0,Danity Kane,Hold Me Down (Album Version),r&b/soul,2272.0,Eminem,My Darling,hip hop,2077.0,Lauryn Hill,Interlude 5,r&b/soul,3.0094000000000007,Danity Kane,Hold Me Down (Album Version),r&b/soul,2.683353124999999,Eminem,My Darling,hip hop,2.3893015625,Banaroo,Ringa Ding Ding,electronic,0.6006225375280059,Mutya Buena,Not Your Baby,pop,0.5461881056890134,Muse,Pink Ego Box,rock,0.5448261418018913,Banaroo,Ringa Ding Ding,electronic,0.6164113028235356,Mutya Buena,Not Your Baby,pop,0.5643912701866034,Muse,Pink Ego Box,rock,0.5601927958235988,Vanilla Ice,It's A Party,hip hop,169.40927107823222,The Cool Kids,Bassment Party,hip hop,149.3940411872558,Afroman,Let's All Get Drunk,hip hop,148.29129770345028,Vanilla Ice,It's A Party,hip hop,135.8295333849679,Doris Day,(Why Did I Tell You I Was Going To) Shanghai,jazz,119.3360949445615,Andrew W.K.,Long Live The Party,rock,115.21057763209178,Banaroo,Ringa Ding Ding,electronic,0.3876551015337273,Doris Day,(Why Did I Tell You I Was Going To) Shanghai,jazz,0.36665407750772455,Andrew W.K.,Long Live The Party,rock,0.3461031197832795,Banaroo,Ringa Ding Ding,electronic,0.4108169323864264,Doris Day,(Why Did I Tell You I Was Going To) Shanghai,jazz,0.3908204509939402,Andrew W.K.,Long Live The Party,rock,0.3655766971019383
TRDTEUX12903CB4AD7,SOQJCXI12CF5F883FC,ARAZCWP129462A97F1,Bob Marley & The Wailers,Trenchtown Rock,reggae,Lauryn Hill,Interlude 5,r&b/soul,6045.0,Twista,I'm A Winner (Amended Album Version),hip hop,4927.0,Erykah Badu,I Want You,r&b/soul,4284.0,Lauryn Hill,Interlude 5,r&b/soul,6.909949999999999,Twista,I'm A Winner (Amended Album Version),hip hop,5.736371874999999,Erykah Badu,I Want You,r&b/soul,5.117467187499996,Natalie Cole,I'm Catching Hell (Living Here Alone) (Digitally Remastered 02),jazz,0.6509760172104435,Mississippi Fred McDowell,Bull Dog Blues,blues,0.646038029934093,Murs,You & I,hip hop,0.6247655997466822,Natalie Cole,I'm Catching Hell (Living Here Alone) (Digitally Remastered 02),jazz,0.6683205443231683,Mississippi Fred McDowell,Bull Dog Blues,blues,0.6594102908830897,Murs,You & I,hip hop,0.6436963108871904,Lauryn Hill,Interlude 5,r&b/soul,294.1314851172764,Twista,Overdose (Album Version),hip hop,244.71088255861133,Onyx,Slam,hip hop,234.46818083661915,Steel Pulse,Sound Check,reggae,195.62745989796707,Onyx,Slam Harder,hip hop,169.53600425004132,Onyx,Slam,hip hop,169.53600425004132,Steel Pulse,Sound Check,reggae,0.381303001971136,The Prodigy,We Gonna Rock,electronic,0.3784128293760468,Sammy Hagar,Turn Up The Music,rock,0.37169702005294497,Steel Pulse,Sound Check,reggae,0.4038489305633368,Sammy Hagar,Turn Up The Music,rock,0.4035438065265971,The Prodigy,We Gonna Rock,electronic,0.3859321936042091
TRVTZTY128E0781E22,SOQUOKX12A6310D863,ARNF13I1187FB562A5,Massive Attack,Eternal Feedback (Sly),reggae,Lauryn Hill,Interlude 5,r&b/soul,2040.0,Eminem,8 Mile,hip hop,1918.0,Beastie Boys,B-Boy Bouillabaisse: A.W.O.L. (2009 Digital Remaster),hip hop,1910.0,Lauryn Hill,Interlude 5,r&b/soul,2.267100000000001,Eminem,8 Mile,hip hop,2.2189578125000007,Beastie Boys,B-Boy Bouillabaisse: A.W.O.L. (2009 Digital Remaster),hip hop,2.1509171875000006,Scooter,She's The Sun,electronic,0.689016503762443,Plan B,Stay Too Long,r&b/soul,0.684527232678529,Ben Folds Five,Don't Change Your Plans,rock,0.6842322746480496,Scooter,She's The Sun,electronic,0.7032499873591423,Plan B,Stay Too Long,r&b/soul,0.6988777445436104,Ben Folds Five,Don't Change Your Plans,rock,0.6971662373840478,Lauryn Hill,Interlude 5,r&b/soul,200.66566736412275,Beastie Boys,B-Boy Bouillabaisse: A.W.O.L. (2009 Digital Remaster),hip hop,129.02316153644162,Prince,I Love U In Me ( LP Version),r&b/soul,123.07752568804298,Lauryn Hill,Interlude 5,r&b/soul,102.65875078488997,Keyshia Cole,Heaven Sent,r&b/soul,75.8470643344157,Lyrics Born,L-I-F-E,hip hop,70.28433988716907,Dead Kennedys,Your Emotions,punk,0.2980817763443775,Billy Dean,Down To Your Last One More,country,0.24483292454286154,Project 86,From December,rock,0.22711759200531959,Dead Kennedys,Your Emotions,punk,0.33220962388631964,Billy Dean,Down To Your Last One More,country,0.2881603621703783,Project 86,From December,rock,0.27751446975062044
TRORKSH128F9320C21,SOOLUCH12A6310E8B5,ARAZCWP129462A97F1,Bob Marley & The Wailers,Black Progress,reggae,Lauryn Hill,Interlude 5,r&b/soul,2085.0,Beastie Boys,B-Boy Bouillabaisse: A.W.O.L. (2009 Digital Remaster),hip hop,1651.0,Twista,I'm A Winner (Amended Album Version),hip hop,1446.0,Lauryn Hill,Interlude 5,r&b/soul,2.2911499999999982,Beastie Boys,B-Boy Bouillabaisse: A.W.O.L. (2009 Digital Remaster),hip hop,1.800239062499999,Erykah Badu,I Want You,r&b/soul,1.6329421874999992,Public Image Ltd,Bags,punk,0.614078410165641,Digable Planets,Slowes' Comb/The May 4th Movement starring Doodlebug,reggae,0.5185035338156877,Lightnin' Hopkins,Big Black Cadillac Blues,blues,0.5171071863486332,Public Image Ltd,Bags,punk,0.619534727222212,Digable Planets,Slowes' Comb/The May 4th Movement starring Doodlebug,reggae,0.5395077534562611,Lightnin' Hopkins,Big Black Cadillac Blues,blues,0.5385160672422936,Public Enemy,Fight The Power,hip hop,204.00611192833878,Big Brovaz,Find A Way,hip hop,196.68361238846862,Twista,No Remorse (Album Version),hip hop,177.05885340478144,Public Enemy,Fight The Power,hip hop,169.967817568467,Big Brovaz,Find A Way,hip hop,148.9235636466132,Fats Domino,I'm Ready,rock,142.96235338208308,Steel Pulse,Handsworth Revolution,reggae,0.3651607125318601,Public Enemy,Fight The Power,hip hop,0.3353902294083087,Fats Domino,I'm Ready,rock,0.3110748410825248,Steel Pulse,Handsworth Revolution,reggae,0.40293647824880596,Public Enemy,Fight The Power,hip hop,0.3764126612563825,Fats Domino,I'm Ready,rock,0.3393765183895585
TRGEMSN128E07944A8,SOKCEXR12A6701C3EB,ARAZCWP129462A97F1,Bob Marley & The Wailers,Reggae On Broadway,reggae,Vanilla Ice,It's A Party,hip hop,5402.0,Beastie Boys,B-Boy Bouillabaisse: A.W.O.L. (2009 Digital Remaster),hip hop,4712.0,Lauryn Hill,Interlude 5,r&b/soul,4479.0,Vanilla Ice,It's A Party,hip hop,6.508175000000005,Beastie Boys,B-Boy Bouillabaisse: A.W.O.L. (2009 Digital Remaster),hip hop,5.443762500000003,Britney Spears,Radar,pop,5.243412500000004,Scandinavian Music Group,Näin minä vihellän matkallani,pop,0.651322104054422,Groove Armada,Groove Is On,electronic,0.6454777638179509,The Replacements,Love You Till Friday,punk,0.608497711016437,Groove Armada,Groove Is On,electronic,0.6518492981410509,Scandinavian Music Group,Näin minä vihellän matkallani,pop,0.651080807036413,Judee Sill,There's A Rugged Road,folk,0.6160108581287157,The Isley Brothers,Touch Me,blues,173.94010080727455,Marques Houston,Naked,r&b/soul,154.3780537963232,Lauryn Hill,Interlude 5,r&b/soul,153.65533759957665,The Isley Brothers,Touch Me,blues,129.57842821435645,Marques Houston,Naked,r&b/soul,125.9952099802814,The Simpsons,Do The Bartman,hip hop,107.14949364674187,Keith Sweat,Give Me What I Want (LP Version),r&b/soul,0.3594884015866438,Grand Puba,Alamo,hip hop,0.3519511865160883,Corona,Baby I Need Your Love,electronic,0.34676715086791426,Keith Sweat,Give Me What I Want (LP Version),r&b/soul,0.392216007168031,Corona,Baby I Need Your Love,electronic,0.37567331660444575,Marques Houston,Naked,r&b/soul,0.37040927319320394
TRQMVYN128F4250E38,SOPYZTH12A8C135090,ARAZCWP129462A97F1,Bob Marley,Rebels Hop,reggae,Lauryn Hill,Interlude 5,r&b/soul,1908.0,Twista,I'm A Winner (Amended Album Version),hip hop,1729.0,Beastie Boys,B-Boy Bouillabaisse: A.W.O.L. (2009 Digital Remaster),hip hop,1718.0,Lauryn Hill,Interlude 5,r&b/soul,2.1228,Twista,I'm A Winner (Amended Album Version),hip hop,1.989893750000001,Beastie Boys,B-Boy Bouillabaisse: A.W.O.L. (2009 Digital Remaster),hip hop,1.928228125,Bob Marley,No Water,reggae,0.9932317150001168,Phil Collins,A Groovy Kind Of Love (Live),pop,0.6983789577727423,Amel Larrieux,Sweet Misery,r&b/soul,0.6807726398067844,Bob Marley,No Water,reggae,0.9935022053948106,Phil Collins,A Groovy Kind Of Love (Live),pop,0.7104038806111893,Amel Larrieux,Sweet Misery,r&b/soul,0.6934152566955865,Bob Marley,No Water,reggae,204.7993059559812,R. Kelly,I Mean (I Don't Mean It),r&b/soul,124.85090340581345,Lauryn Hill,Interlude 5,r&b/soul,122.59489261422603,Bob Marley,No Water,reggae,195.40189240970574,R. Kelly,I Mean (I Don't Mean It),r&b/soul,90.14361045002572,Duran Duran,All Along The Water,pop,87.2647148285181,Bob Marley,No Water,reggae,0.9490421284375952,Cat Stevens,Rubylove,folk,0.27671723262132225,Duran Duran,All Along The Water,pop,0.26641049655907784,Bob Marley,No Water,reggae,0.9512575878871904,Buck-O-Nine,Silence,reggae,0.29737428186643305,Vonda Shepard,Sweet Inspiration,pop,0.29626094352800536
TRDJCNG128F9339544,SOKMGXA12A8C1447B6,ARAZCWP129462A97F1,Bob Marley,Stop The Train,reggae,Rufio,Over It (Acoustic),punk,3033.0,Eminem,8 Mile,hip hop,3023.0,Beastie Boys,B-Boy Bouillabaisse: A.W.O.L. (2009 Digital Remaster),hip hop,2830.0,Rufio,Over It (Acoustic),punk,3.662601562499996,Eminem,8 Mile,hip hop,3.539242187500001,Beastie Boys,B-Boy Bouillabaisse: A.W.O.L. (2009 Digital Remaster),hip hop,3.2201328125,Björk,Hunter,electronic,0.7001736511253633,Lucky Dube,Slave,reggae,0.6830995939417713,Little Walter,Key To The Highway,blues,0.6826631077539432,Björk,Hunter,electronic,0.7053637150042182,Little Walter,Key To The Highway,blues,0.6918250411879877,Lucky Dube,Slave,reggae,0.6886253612165252,Beastie Boys,B-Boy Bouillabaisse: A.W.O.L. (2009 Digital Remaster),hip hop,188.44046802813463,Lauryn Hill,Interlude 5,r&b/soul,160.11688836106578,Mobb Deep,Trife Life,hip hop,157.00893694521457,Pete Droge,Northern Bound Train,folk,121.33651914014153,Cat Stevens,Peace Train,folk,114.47545366563789,Pepper,Tradewinds (LP Version),reggae,110.02853132508122,Bob Marley & The Wailers,This Train,reggae,0.34442519956995105,Pete Droge,Northern Bound Train,folk,0.32186662248984416,J.J. Cale,Ridin Home,blues,0.3137193935672741,Bob Marley & The Wailers,This Train,reggae,0.35881670080846323,Pete Droge,Northern Bound Train,folk,0.3529736780045486,J.J. Cale,Ridin Home,blues,0.33140632010307824
TRVSWGN12903CB4A44,SOIVBAC12AB0186BFF,ARAZCWP129462A97F1,Bob Marley & The Wailers,This Train,reggae,The Roots,Mellow My Man,hip hop,922.0,C-Block,My Life,hip hop,772.0,Lauryn Hill,Interlude 5,r&b/soul,704.0,The Roots,Mellow My Man,hip hop,1.0816671875000012,C-Block,My Life,hip hop,0.919071875,2Pac,Strictly 4 My N.I.G.G.A.Z.,hip hop,0.7318593750000002,bathory,Psychopath,metal,0.4786697239572012,Agonoize,C.O.A.,electronic,0.4661937234718092,J.J. Cale,Ridin Home,blues,0.4647927350523464,bathory,Psychopath,metal,0.4854652363496997,J.J. Cale,Ridin Home,blues,0.4729423261260961,Agonoize,C.O.A.,electronic,0.4724215712163083,Gerry Rafferty,City To City,folk,143.0849020035077,Beastie Boys,B-Boy Bouillabaisse: A.W.O.L. (2009 Digital Remaster),hip hop,125.507418239983,Cat Stevens,Peace Train,folk,123.67312763516769,Gerry Rafferty,City To City,folk,131.29413509437265,Cat Stevens,Peace Train,folk,111.9786583594598,Bob Marley,Stop The Train,reggae,101.74246739010427,J.J. Cale,Ridin Home,blues,0.41159621206814395,Gerry Rafferty,City To City,folk,0.3814231935410505,Bukka White,Black Train Blues,blues,0.3474820505164897,J.J. Cale,Ridin Home,blues,0.42136681416990734,Gerry Rafferty,City To City,folk,0.3972889854386289,Bukka White,Black Train Blues,blues,0.36221012892136917
TRNJPBY128F92F621A,SOZQGAL12AB01856DB,ARLSC551187B99C55C,N-Dubz,Defeat You,reggae,Twista,I'm A Winner (Amended Album Version),hip hop,6490.0,Beastie Boys,B-Boy Bouillabaisse: A.W.O.L. (2009 Digital Remaster),hip hop,5913.0,Erykah Badu,I Want You,r&b/soul,5877.0,Twista,I'm A Winner (Amended Album Version),hip hop,7.629996875,Erykah Badu,I Want You,r&b/soul,7.0749046875,Mario Vazquez,Everytime I...,r&b/soul,6.856796875000002,Mario Vazquez,Everytime I...,r&b/soul,0.7242473250487041,Habakuk,Mury,reggae,0.7181540570444126,Wild Strawberries,Heroine,folk,0.705103047773142,Mario Vazquez,Everytime I...,r&b/soul,0.729452448407703,Habakuk,Mury,reggae,0.7167654147531861,Wild Strawberries,Heroine,folk,0.7140989729480632,N-Dubz,Feva Las Vegas,reggae,554.8428955098119,Young Jeezy,Still On It,hip hop,480.68599269587577,Fabrizio De Andrè,Sinan Capudan Pascià,folk,414.7114869803204,N-Dubz,Feva Las Vegas,reggae,435.15923002003325,Young Jeezy,Still On It,hip hop,374.2784190422386,Fabrizio De Andrè,Sinan Capudan Pascià,folk,355.9335877503033,N-Dubz,Feva Las Vegas,reggae,0.3745155608676019,Habakuk,Mury,reggae,0.35051078273826236,Tanya Stephens,Saturday Morning,reggae,0.3348987903609614,N-Dubz,Feva Las Vegas,reggae,0.43203569264213815,Young Jeezy,Still On It,hip hop,0.3901524138204099,Tanya Stephens,Saturday Morning,reggae,0.3898514864181078
TRINMBD128F92F6211,SOBUZCT12AB0181786,ARLSC551187B99C55C,N-Dubz,Don't Get Nine,reggae,Lauryn Hill,Interlude 5,r&b/soul,13592.0,Twista,I'm A Winner (Amended Album Version),hip hop,12944.0,Beastie Boys,B-Boy Bouillabaisse: A.W.O.L. (2009 Digital Remaster),hip hop,10955.0,Lauryn Hill,Interlude 5,r&b/soul,15.580099999999998,Twista,I'm A Winner (Amended Album Version),hip hop,15.258584375,Erykah Badu,I Want You,r&b/soul,12.873073437499997,Jane Child,Don't Let It Get To You (Album Version),pop,0.7496244722214044,Edith Piaf,Dont Cry,punk,0.7258242354494246,Kanye West,Graduation Day,hip hop,0.7124664958601594,Jane Child,Don't Let It Get To You (Album Version),pop,0.7561976194626711,Edith Piaf,Dont Cry,punk,0.7335861472286953,Kanye West,Graduation Day,hip hop,0.724341901952453,Lauryn Hill,Interlude 5,r&b/soul,477.21476325487953,Beastie Boys,B-Boy Bouillabaisse: A.W.O.L. (2009 Digital Remaster),hip hop,397.08733537402134,Eminem,8 Mile,hip hop,345.64453859174694,Lauryn Hill,Interlude 5,r&b/soul,225.27481818478356,Gang Starr,The Illest Brother,hip hop,189.99575081990764,Esmée Denters,Getting Over You,r&b/soul,186.1220049437291,Esmée Denters,Getting Over You,r&b/soul,0.2956709728057348,Sammie,I Like It (Remix),hip hop,0.2787510257530766,JayMay,You Are The Only One I Love,folk,0.2756251269925981,Esmée Denters,Getting Over You,r&b/soul,0.37441843970668115,Gang Starr,The Illest Brother,hip hop,0.35936387596721575,Anastacia,Club Megamix,rock,0.35219194774444884
TRRKBRB128EF35E2DA,SOPZQDB12A6D4F5D62,ARLSC551187B99C55C,N-Dubz,Feva Las Vegas,reggae,Lauryn Hill,Interlude 5,r&b/soul,7573.0,Beastie Boys,B-Boy Bouillabaisse: A.W.O.L. (2009 Digital Remaster),hip hop,6842.0,Eminem,8 Mile,hip hop,6239.0,Lauryn Hill,Interlude 5,r&b/soul,8.19665,Beastie Boys,B-Boy Bouillabaisse: A.W.O.L. (2009 Digital Remaster),hip hop,7.490762499999999,Eminem,8 Mile,hip hop,6.997487499999997,Swollen Members,Concerto,hip hop,0.6261593382475541,Redman,Soopaman Luva 3,hip hop,0.6206495616083004,OutKast,Claimin' True,hip hop,0.6157933721988832,Swollen Members,Concerto,hip hop,0.6515055361527528,Redman,Soopaman Luva 3,hip hop,0.6456009807566715,OutKast,Claimin' True,hip hop,0.6397067808543373,Lauryn Hill,Interlude 5,r&b/soul,559.1009899444845,N-Dubz,Defeat You,reggae,554.8428955098119,Young Jeezy,Still On It,hip hop,513.7354972171232,N-Dubz,Defeat You,reggae,435.15923002003325,Young Jeezy,Still On It,hip hop,364.31035268661833,Fabrizio De Andrè,Sinan Capudan Pascià,folk,320.07227812479005,Oxide And Neutrino,N Digga Dee,hip hop,0.37950421314847765,N-Dubz,Defeat You,reggae,0.3745155608676019,Jewel,Leave The Lights On (Album Version),pop,0.29420575545672667,N-Dubz,Defeat You,reggae,0.43203569264213815,Oxide And Neutrino,N Digga Dee,hip hop,0.37216977034265536,Young Jeezy,Still On It,hip hop,0.3625632986678345
TRYPJXU128F92F621C,SOQPAPP12AB01856E3,ARLSC551187B99C55C,N-Dubz,Secrets,reggae,Lauryn Hill,Interlude 5,r&b/soul,6656.0,Beastie Boys,B-Boy Bouillabaisse: A.W.O.L. (2009 Digital Remaster),hip hop,6212.0,Twista,I'm A Winner (Amended Album Version),hip hop,5848.0,Lauryn Hill,Interlude 5,r&b/soul,7.347099999999998,Beastie Boys,B-Boy Bouillabaisse: A.W.O.L. (2009 Digital Remaster),hip hop,6.951385937500003,Twista,I'm A Winner (Amended Album Version),hip hop,6.6741781249999965,Anastacia,Club Megamix,rock,0.7971921479900729,Classified,Freezin In The Cold,hip hop,0.7869389038693219,Common,Book Of Life,hip hop,0.7840532615903824,Anastacia,Club Megamix,rock,0.8103825781285219,Classified,Freezin In The Cold,hip hop,0.7988456064628982,Sage Francis,Keep Moving,hip hop,0.7965843346099727,Lauryn Hill,Interlude 5,r&b/soul,502.14811593229825,Beastie Boys,B-Boy Bouillabaisse: A.W.O.L. (2009 Digital Remaster),hip hop,443.99629098028447,Eminem,8 Mile,hip hop,364.0258319866217,Lauryn Hill,Interlude 5,r&b/soul,191.9659411857696,Big Brovaz,Find A Way,hip hop,171.92989099147107,N-Dubz,Work Work,reggae,164.22855046861045,Heidi Montag,Blackout,pop,0.24405679737768507,No Use For A Name,Why Doesn't Anybody Like Me?,punk,0.23730992615782023,Faithless,The Man In You,electronic,0.23139937569819138,Lauryn Hill,Interlude 5,r&b/soul,0.3511943615445118,Faithless,The Man In You,electronic,0.3511378514500279,No Use For A Name,Why Doesn't Anybody Like Me?,punk,0.34131478752378197
TRGNBCC128F92F6218,SOYFJUA12AB01856D2,ARLSC551187B99C55C,N-Dubz,Work Work,reggae,Lauryn Hill,Interlude 5,r&b/soul,11505.0,Twista,I'm A Winner (Amended Album Version),hip hop,10897.0,Beastie Boys,B-Boy Bouillabaisse: A.W.O.L. (2009 Digital Remaster),hip hop,9802.0,Lauryn Hill,Interlude 5,r&b/soul,12.946049999999998,Twista,I'm A Winner (Amended Album Version),hip hop,12.683299999999996,Erykah Badu,I Want You,r&b/soul,11.336275,Jonny Lang,Breakin Me,blues,0.7502120823191647,Babyface,Seven Seas,r&b/soul,0.7500306017156652,Blues Traveler,Hook,blues,0.7474030462516706,Jonny Lang,Breakin Me,blues,0.7639274271923284,Blues Traveler,Hook,blues,0.7608740278481594,Michael Jackson,Call On Me,blues,0.7571903437041304,Lauryn Hill,Interlude 5,r&b/soul,545.1998300722197,Vanilla Ice,Ice Is Workin' It,hip hop,403.69634040817886,Beastie Boys,B-Boy Bouillabaisse: A.W.O.L. (2009 Digital Remaster),hip hop,397.5035457812678,Vanilla Ice,Ice Is Workin' It,hip hop,257.97653596820186,Lauryn Hill,Interlude 5,r&b/soul,250.79936963935748,The Pharcyde,Passin' Me By,hip hop,194.27126218332327,Ricky Van Shelton,Don't We All Have the Right,country,0.28130039548007474,Vanilla Ice,Ice Is Workin' It,hip hop,0.27904652822470083,The Seahorses,I Want You To Know,rock,0.2667666466145055,Vanilla Ice,Ice Is Workin' It,hip hop,0.37708325050362324,The Pharcyde,Passin' Me By,hip hop,0.3518716790406188,Lauryn Hill,Interlude 5,r&b/soul,0.3480155375737012
TRDNAVT128F428A246,SOSCPLZ12A8C1394B1,ARD2NDU1187B99B615,Dropkick Murphys,Good Rats (Live),reggae,Lauryn Hill,Interlude 5,r&b/soul,2195.0,Michael Jackson,Man In The Mirror,pop,1431.0,Beastie Boys,B-Boy Bouillabaisse: A.W.O.L. (2009 Digital Remaster),hip hop,1338.0,Lauryn Hill,Interlude 5,r&b/soul,2.4263500000000007,Michael Jackson,Man In The Mirror,pop,1.5166312500000003,Beastie Boys,B-Boy Bouillabaisse: A.W.O.L. (2009 Digital Remaster),hip hop,1.4070656249999995,Billy Currington,That's How Country Boys Roll,country,0.6411415645622979,The Dubliners,The Molly Maguires,folk,0.627448118910916,Fiddler's Green,Sporting Day,folk,0.6110769113532827,Billy Currington,That's How Country Boys Roll,country,0.657535505639407,The Dubliners,The Molly Maguires,folk,0.6432944513954494,Fad Gadget,Plain Clothes,electronic,0.6290135716103537,Beastie Boys,B-Boy Bouillabaisse: A.W.O.L. (2009 Digital Remaster),hip hop,217.80725127478644,Lauryn Hill,Interlude 5,r&b/soul,205.2427306223572,Snoop Dogg,Snoopafella (Edited),hip hop,196.97786630111406,Snoop Dogg,Snoopafella (Edited),hip hop,114.47209861261439,Bellamy Brothers,Old Hippie,country,107.44279854437671,Moe Bandy,The Strawberry Roan,country,93.84368648761814,Rosanne Cash,Tennessee Flat Top Box,country,0.27371942679594874,Tony Joe White,Roosevelt And Ira Lee,blues,0.2728336759878241,Bellamy Brothers,Old Hippie,country,0.26897242269141275,Bellamy Brothers,Old Hippie,country,0.3386424327653139,Tony Joe White,Roosevelt And Ira Lee,blues,0.3345311825754183,Snoop Dogg,Snoopafella (Edited),hip hop,0.3310972995691689
TRRHCOS128F4248193,SOCUAWC12A8C1310A4,ARPK4HR1187B9A289D,Tito El Bambino,Sol_ Playa Y Arena,reggae,Violadores del Verso,Dale tiempo al rumor,hip hop,2235.0,Abba,Move On,pop,2188.0,Horace Andy,Horse With No Name,reggae,2053.0,Violadores del Verso,Dale tiempo al rumor,hip hop,2.6939343749999995,Abba,Move On,pop,2.6544781249999985,Horace Andy,Horse With No Name,reggae,2.4938,Joan Manuel Serrat,La Aristocracia del Barrio,latin,0.8407372078535323,Inti Illimani,El Arado,latin,0.8081005909476545,Panteón Rococó,La Carencia,reggae,0.800706991468872,Joan Manuel Serrat,La Aristocracia del Barrio,latin,0.8433432581377369,Inti Illimani,El Arado,latin,0.8110985297468967,Panteón Rococó,La Carencia,reggae,0.8038636516652001,Violadores del Verso,Dale tiempo al rumor,hip hop,527.3817911252643,Violadores del Verso,Cantando,hip hop,491.052816446029,Violadores del Verso,La ciudad nunca duerme,hip hop,474.0229956910573,Violadores del Verso,Dale tiempo al rumor,hip hop,483.0308951752711,Violadores del Verso,Cantando,hip hop,447.8436520054395,Violadores del Verso,La ciudad nunca duerme,hip hop,436.488963400861,Panteón Rococó,La Carencia,reggae,0.684370361242524,Ricardo Arjona,Ayudame Freud,latin,0.6820312283660284,Inti Illimani,El Arado,latin,0.67423858426311,Panteón Rococó,La Carencia,reggae,0.6944424179063705,Ricardo Arjona,Ayudame Freud,latin,0.69269064190268,Inti Illimani,El Arado,latin,0.6827259859107789
TRFGOUF128F9348838,SONUORR12AB018724D,AR1WWVL1187B9B0306,UB40,I Don't Want To See You Cry,reggae,Lauryn Hill,Interlude 5,r&b/soul,3817.0,Eminem,My Darling,hip hop,3186.0,Beastie Boys,B-Boy Bouillabaisse: A.W.O.L. (2009 Digital Remaster),hip hop,3168.0,Lauryn Hill,Interlude 5,r&b/soul,4.329649999999998,Eminem,My Darling,hip hop,3.712199999999998,Twista,I'm A Winner (Amended Album Version),hip hop,3.658900000000001,Edith Piaf,Dont Cry,punk,0.7844586000403343,Magic Affair,Give Me All Your Love,electronic,0.7559253904201861,Mutya Buena,Not Your Baby,pop,0.755925137455186,Edith Piaf,Dont Cry,punk,0.790234069658965,Magic Affair,Give Me All Your Love,electronic,0.7687326152611303,Mutya Buena,Not Your Baby,pop,0.7672056400262521,Tech N9ne,One Good Time,hip hop,200.1361094886025,Beastie Boys,B-Boy Bouillabaisse: A.W.O.L. (2009 Digital Remaster),hip hop,198.1219735716517,Lauryn Hill,Interlude 5,r&b/soul,167.90663789754277,Tech N9ne,One Good Time,hip hop,135.40511003630237,Miami Sound Machine,Words Get In The Way,pop,124.55495474623724,Lionel Richie,Just For You,r&b/soul,97.47113784885454,Lionel Richie,Just For You,r&b/soul,0.32947821856910825,Miami Sound Machine,Words Get In The Way,pop,0.316300200321113,Nina Simone,After You've Gone (live),jazz,0.2970340034838552,Lionel Richie,Just For You,r&b/soul,0.3769886539969388,Miami Sound Machine,Words Get In The Way,pop,0.36943077757185455,Tech N9ne,One Good Time,hip hop,0.36171538701517797
TRQLICG12903CBFAFD,SOGXHTF12A58A7C7E8,AR1WWVL1187B9B0306,UB40,Come Back Darling,reggae,Lauryn Hill,Interlude 5,r&b/soul,2963.0,Twista,I'm A Winner (Amended Album Version),hip hop,2877.0,Eminem,My Darling,hip hop,2360.0,Lauryn Hill,Interlude 5,r&b/soul,3.3955500000000005,Twista,I'm A Winner (Amended Album Version),hip hop,3.3948312499999984,Danity Kane,Hold Me Down (Album Version),r&b/soul,2.7672062500000014,Gerry Rafferty,Waiting For The Day,folk,0.6630457035563454,Bizzy Bone,I Need You,hip hop,0.6400796051958851,Tift Merritt,Your Love Made A U Turn,rock,0.6002708588769892,Gerry Rafferty,Waiting For The Day,folk,0.6728692587949101,Bizzy Bone,I Need You,hip hop,0.6513328013771283,Tift Merritt,Your Love Made A U Turn,rock,0.612880444924604,Eminem,My Darling,hip hop,182.22274598018188,Keri Noble,Piece Of My Heart,jazz,136.2821836614182,Dionne Warwick,This Empty Place,r&b/soul,126.01988637725532,Eminem,My Darling,hip hop,136.1759164975259,Dionne Warwick,This Empty Place,r&b/soul,112.1940819040591,Keri Noble,Piece Of My Heart,jazz,110.16673486609182,Percy Sledge,My Special Prayer,r&b/soul,0.3966996560243039,Etta James,My Dearest Darling,blues,0.3882496388518624,Johnny Nash,Stir It Up,reggae,0.3845424109143861,Percy Sledge,My Special Prayer,r&b/soul,0.41675382079356826,Etta James,My Dearest Darling,blues,0.4076260866728643,Johnny Nash,Stir It Up,reggae,0.4049864397425946
TREKDZI128F146A972,SOLFMIZ12A6D4F8330,AR1WWVL1187B9B0306,UB40,Here I Am (Come And Take Me),reggae,Lauryn Hill,Interlude 5,r&b/soul,5488.0,Danity Kane,Hold Me Down (Album Version),r&b/soul,4568.0,Five,That's What You Told Me,pop,4255.0,Lauryn Hill,Interlude 5,r&b/soul,6.284999999999999,Danity Kane,Hold Me Down (Album Version),r&b/soul,5.443593749999996,Five,That's What You Told Me,pop,5.098437499999996,Death In Vegas,Girls,electronic,0.7749381286509387,Michael Penn,Comfort,rock,0.7547833925241764,Robbie Williams,Come Take Me Over,pop,0.7467897125708018,Death In Vegas,Girls,electronic,0.7854551562363201,Michael Penn,Comfort,rock,0.7626239386627091,Robbie Williams,Come Take Me Over,pop,0.7564987115415288,Lauryn Hill,Interlude 5,r&b/soul,194.72114862296738,Beastie Boys,B-Boy Bouillabaisse: A.W.O.L. (2009 Digital Remaster),hip hop,183.52688652886022,Danity Kane,Hold Me Down (Album Version),r&b/soul,170.5456537707462,Danity Kane,Hold Me Down (Album Version),r&b/soul,119.48470749914996,Will.I.Am,Fantastic,hip hop,110.81395894236766,Róisín Murphy,Checkin' On Me,pop,109.6477792373299,R. Kelly,Hump Bounce,blues,0.28110585371743096,Dr Feelgood,You Shouldn't Call The Doctor (If You Can't Afford The Bills),rock,0.2704577917938489,Ringo Starr,Where Did Our Love Go,rock,0.26946553714847815,R. Kelly,Hump Bounce,blues,0.33139706999048885,Dr Feelgood,You Shouldn't Call The Doctor (If You Can't Afford The Bills),rock,0.3263468247254336,Will.I.Am,Fantastic,hip hop,0.32185252509107937
TRJDXEG128E07820DB,SOZPNNF12A6310D8B1,AR1WWVL1187B9B0306,UB40,Light My Fire,reggae,Lauryn Hill,Interlude 5,r&b/soul,2535.0,Vanilla Ice,It's A Party,hip hop,2189.0,Britney Spears,Radar,pop,2163.0,Lauryn Hill,Interlude 5,r&b/soul,2.79385,Britney Spears,Radar,pop,2.585829687499999,Vanilla Ice,It's A Party,hip hop,2.5645906249999992,The Replacements,Love You Till Friday,punk,0.5781496230505508,Britney Spears,Radar,pop,0.5442338990806684,Ray Charles,Don't You Know,r&b/soul,0.5363306454262199,The Replacements,Love You Till Friday,punk,0.5880806944021267,Britney Spears,Radar,pop,0.554978867028928,Ray Charles,Don't You Know,r&b/soul,0.551834497937665,Beastie Boys,B-Boy Bouillabaisse: A.W.O.L. (2009 Digital Remaster),hip hop,140.2547619310361,Thousand Foot Krutch,Set It Off,hip hop,125.71378939664868,Anastacia,Club Megamix,rock,119.48027610319457,Thousand Foot Krutch,Set It Off,hip hop,100.16637711510471,Alphaville,Ariana,pop,97.68057834687208,Peter Tosh,Buk-In-Hamm Palace (2002 Digital Remaster),reggae,96.22120039962817,Bic Runga,Say After Me,pop,0.37050907287849894,Peter Tosh,Buk-In-Hamm Palace (2002 Digital Remaster),reggae,0.319950749109436,Alphaville,Ariana,pop,0.300579051842232,Bic Runga,Say After Me,pop,0.39843622535198664,Peter Tosh,Buk-In-Hamm Palace (2002 Digital Remaster),reggae,0.349443518783483,Alphaville,Ariana,pop,0.3240540740484016
TRKHYKB128E0789D42,SOHQEMS12A6701C57C,ARJ7KF01187B98D717,Coldplay,Til Kingdom Come,rock,Lauryn Hill,Interlude 5,r&b/soul,4973.0,Twista,I'm A Winner (Amended Album Version),hip hop,3977.0,Beastie Boys,B-Boy Bouillabaisse: A.W.O.L. (2009 Digital Remaster),hip hop,3941.0,Lauryn Hill,Interlude 5,r&b/soul,5.74015,Twista,I'm A Winner (Amended Album Version),hip hop,4.660103125000001,Beastie Boys,B-Boy Bouillabaisse: A.W.O.L. (2009 Digital Remaster),hip hop,4.528098437500002,Dusty Springfield,Meditation,jazz,0.7687885790695814,Vashti Bunyan,Hidden,folk,0.7633050817286184,Babyface,Seven Seas,r&b/soul,0.7476250590722817,Dusty Springfield,Meditation,jazz,0.7784636791500714,Vashti Bunyan,Hidden,folk,0.77258069039817,Babyface,Seven Seas,r&b/soul,0.754821056135441,Lauryn Hill,Interlude 5,r&b/soul,211.94465623097375,Beastie Boys,B-Boy Bouillabaisse: A.W.O.L. (2009 Digital Remaster),hip hop,153.7747806104696,Eric B. & Rakim,I Know You Got Soul,hip hop,151.9469941663279,Alicia Keys,Tell You Something (Nana's Reprise),r&b/soul,103.33942781733299,Suicidal Tendencies,Which Way To Free?,rock,101.98005855886738,RBD,Wanna Play,latin,100.40524111789362,Suicidal Tendencies,Which Way To Free?,rock,0.3176265616825422,Al Jarreau,Look What You've Done For Me,r&b/soul,0.28943022346177283,Jack Greene,Until My Dreams Come True,country,0.28636482727069923,Suicidal Tendencies,Which Way To Free?,rock,0.3484527872996233,Al Jarreau,Look What You've Done For Me,r&b/soul,0.33505775312550373,Jack Greene,Until My Dreams Come True,country,0.3132452574519866
TRDVELE128F932810A,SOIHOTW12A8C142198,AR91C8S1187B990901,Bruce Springsteen,Brothers Under The Bridges ('83),rock,Lauryn Hill,Interlude 5,r&b/soul,2450.0,Beastie Boys,B-Boy Bouillabaisse: A.W.O.L. (2009 Digital Remaster),hip hop,2066.0,The Pharcyde,Otha Fish,hip hop,1452.0,Lauryn Hill,Interlude 5,r&b/soul,2.623200000000001,Beastie Boys,B-Boy Bouillabaisse: A.W.O.L. (2009 Digital Remaster),hip hop,2.2151234375000017,The Pharcyde,Otha Fish,hip hop,1.5866953124999983,Johnny Cash,Daddy Sang Bass,country,0.5874314502412192,Opera IX,Immortal Chant,metal,0.5768284997622611,Johnny Horton,The Battle Of New Orleans,country,0.5696720469269081,Johnny Cash,Daddy Sang Bass,country,0.6116343519536278,Opera IX,Immortal Chant,metal,0.5962167831877467,Chris De Burgh,Last Night,rock,0.5930172769734592,Beastie Boys,B-Boy Bouillabaisse: A.W.O.L. (2009 Digital Remaster),hip hop,291.49915554773094,Snoop Dogg,Snoopafella (Edited),hip hop,253.5806504423578,Lauryn Hill,Interlude 5,r&b/soul,228.10960562346855,Snoop Dogg,Snoopafella (Edited),hip hop,146.60957916578127,Us3,Just Another Brother,jazz,131.43166258383178,Dar Williams,Mortal City,folk,129.93921853066294,Dave Alvin,Ashgrove,rock,0.24876203145537298,Savoy Brown,Savoy Brown Boogie,blues,0.24672887971755592,Snoop Dogg,Snoopafella (Edited),hip hop,0.24224492037976175,Snoop Dogg,Snoopafella (Edited),hip hop,0.35117143462214406,Dave Alvin,Ashgrove,rock,0.325374604617568,John Denver,El Paso,rock,0.32027673991826316
TRCONIY128F932A7DA,SOEFSBZ12A8C1359C4,AR91C8S1187B990901,Bruce Springsteen,The Big Payback,rock,Lauryn Hill,Interlude 5,r&b/soul,5271.0,Beastie Boys,B-Boy Bouillabaisse: A.W.O.L. (2009 Digital Remaster),hip hop,4785.0,Twista,I'm A Winner (Amended Album Version),hip hop,3872.0,Lauryn Hill,Interlude 5,r&b/soul,6.11035,Beastie Boys,B-Boy Bouillabaisse: A.W.O.L. (2009 Digital Remaster),hip hop,5.581175000000005,Eminem,8 Mile,hip hop,4.533075000000002,Beastie Boys,B-Boy Bouillabaisse: A.W.O.L. (2009 Digital Remaster),hip hop,0.7940886101353591,Big L,Lifestylez Ov Da Poor & Dangerous,hip hop,0.7930863502053417,Us3,It's Like That,jazz,0.7895522928983573,Beastie Boys,B-Boy Bouillabaisse: A.W.O.L. (2009 Digital Remaster),hip hop,0.8014098433669898,Big L,Lifestylez Ov Da Poor & Dangerous,hip hop,0.8009351075131131,Us3,It's Like That,jazz,0.7979321421748253,Beastie Boys,B-Boy Bouillabaisse: A.W.O.L. (2009 Digital Remaster),hip hop,211.23711852180932,Lauryn Hill,Interlude 5,r&b/soul,184.39767452744385,Twista,Overdose (Album Version),hip hop,174.4281830687893,Shaggy,Luv Me Up,reggae,115.76358323826912,Beastie Boys,B-Boy Bouillabaisse: A.W.O.L. (2009 Digital Remaster),hip hop,98.84364983526508,Vanilla Ice,Ice Is Workin' It,hip hop,98.7370209564083,The Brian Setzer Orchestra,Nosey Joe,jazz,0.312411015421917,The Replacements,God Damn Job,punk,0.2951377182887326,Bob Marley,Stop The Train,reggae,0.2643567589139565,The Brian Setzer Orchestra,Nosey Joe,jazz,0.35107376316135136,The Replacements,God Damn Job,punk,0.30743141189780065,Andrew Jackson Jihad,Survival Song,folk,0.2989050055709694
TRWULBB128F42670A3,SOFVHKR12A8C1325B4,AR91C8S1187B990901,Bruce Springsteen,The Ties That Bind,rock,Lauryn Hill,Interlude 5,r&b/soul,4341.0,Twista,I'm A Winner (Amended Album Version),hip hop,3105.0,Eminem,My Darling,hip hop,2922.0,Lauryn Hill,Interlude 5,r&b/soul,5.026050000000001,Twista,I'm A Winner (Amended Album Version),hip hop,3.61970625,Eminem,My Darling,hip hop,3.407540625,Harry Belafonte,Angelina,latin,0.7862940916696418,Kevin Devine,It's Only Your Life,folk,0.7722330839792196,Brand New Heavies_ The,"You Are The Universe (Roger's Universal 7"" Edit)",jazz,0.7555951466083995,Harry Belafonte,Angelina,latin,0.7944302817928415,Kevin Devine,It's Only Your Life,folk,0.7804209889691062,Lynyrd Skynyrd,That Smell,rock,0.7612256605901778,Beastie Boys,B-Boy Bouillabaisse: A.W.O.L. (2009 Digital Remaster),hip hop,171.67540431619997,Lauryn Hill,Interlude 5,r&b/soul,160.8110976532455,DMX,Keep Your Shit The Hardest,hip hop,146.74999385197484,Floetry,Getting Late,r&b/soul,109.69601442313913,Brownstone,5 Miles To Empty,r&b/soul,98.32543154395475,Paula Abdul,Crazy Cool,pop,86.03092358572525,Willie Dixon,That's My Baby,blues,0.30889574401891823,David Bisbal,Cry For Me,latin,0.26848182510259283,Joe Bonamassa,Walk In My Shadow,blues,0.26209604828016425,Willie Dixon,That's My Baby,blues,0.3502561814223952,David Bisbal,Cry For Me,latin,0.32143360307228513,Floetry,Getting Late,r&b/soul,0.316712921022019
TROQFYY128F429DBA0,SOBNUTR12A8C140BE8,ARVG4OK1187B9B6BD3,The Killers,Sam's Town,rock,Lauryn Hill,Interlude 5,r&b/soul,4587.0,Beastie Boys,B-Boy Bouillabaisse: A.W.O.L. (2009 Digital Remaster),hip hop,4306.0,Eminem,8 Mile,hip hop,3493.0,Lauryn Hill,Interlude 5,r&b/soul,5.19785,Beastie Boys,B-Boy Bouillabaisse: A.W.O.L. (2009 Digital Remaster),hip hop,4.934339062500001,Nelly,Splurge,hip hop,4.086892187499996,Beastie Boys,B-Boy Bouillabaisse: A.W.O.L. (2009 Digital Remaster),hip hop,0.8094806993473208,Common,Book Of Life,hip hop,0.7887055838920068,King Tee,Act A Fool,hip hop,0.7885233865746225,Beastie Boys,B-Boy Bouillabaisse: A.W.O.L. (2009 Digital Remaster),hip hop,0.8217607082764979,King Tee,Act A Fool,hip hop,0.8015094165955842,Common,Book Of Life,hip hop,0.7984623757492492,Beastie Boys,B-Boy Bouillabaisse: A.W.O.L. (2009 Digital Remaster),hip hop,346.99305117853686,Lauryn Hill,Interlude 5,r&b/soul,244.50318121265195,Eminem,My Darling,hip hop,218.37582505217594,Beastie Boys,B-Boy Bouillabaisse: A.W.O.L. (2009 Digital Remaster),hip hop,181.85288297856695,Willie Nelson,Remember Me,country,111.36659923041134,Michael Jackson,Man In The Mirror,pop,109.80477904238877,Joss Stone,You Had Me (Live),r&b/soul,0.2599529281322201,Beastie Boys,B-Boy Bouillabaisse: A.W.O.L. (2009 Digital Remaster),hip hop,0.24412122902269373,Rosanne Cash,This World,country,0.2234110624408468,Beastie Boys,B-Boy Bouillabaisse: A.W.O.L. (2009 Digital Remaster),hip hop,0.36709339286069864,Joss Stone,You Had Me (Live),r&b/soul,0.33016742719862846,Bobbie Gentry,Fancy,country,0.3118916902678038
TRHFADH128F92E2BE3,SOKCLGX12A67ADD6BF,ARR3ONV1187B9A2F59,Muse,Pink Ego Box,rock,Lauryn Hill,Interlude 5,r&b/soul,2509.0,Twista,I'm A Winner (Amended Album Version),hip hop,2423.0,Beastie Boys,B-Boy Bouillabaisse: A.W.O.L. (2009 Digital Remaster),hip hop,2104.0,Lauryn Hill,Interlude 5,r&b/soul,2.8855499999999994,Twista,I'm A Winner (Amended Album Version),hip hop,2.8649093750000008,Eminem,My Darling,hip hop,2.4227984375000005,Jonny Lang,Breakin Me,blues,0.7381130538805056,Scars Of Life,Descending,rock,0.7173080183330132,Fats Domino,Blue Monday,blues,0.7087874848982046,Jonny Lang,Breakin Me,blues,0.7476291582548186,Scars Of Life,Descending,rock,0.7271239409724597,Fats Domino,Blue Monday,blues,0.7173548088939216,Beastie Boys,B-Boy Bouillabaisse: A.W.O.L. (2009 Digital Remaster),hip hop,102.41011576851919,Aaron Carter,That's How I Beat Shaq,pop,94.54485739345974,Lauryn Hill,Interlude 5,r&b/soul,88.76150463766542,Aaron Carter,That's How I Beat Shaq,pop,65.62079838005157,The Chi-Lites,Have You Seen Her,r&b/soul,65.47813538682813,Jon B.,Inside,r&b/soul,62.81288578416142,Vangelis,Albedo 0.39,electronic,0.27715436582037367,Josh Groban,Un Giorno Per Noi (Album Version),classical,0.23469227016507105,Darude,Feel The Beat,electronic,0.2338023093305627,Vangelis,Albedo 0.39,electronic,0.2944773835006182,Jon B.,Inside,r&b/soul,0.2668552175775101,Incognito,Get Into My Groove,jazz,0.2631080160935279
TROAQBZ128F9326213,SONYKOW12AB01849C9,AR73S4G1187B9A03C2,OneRepublic,Secrets,rock,Beastie Boys,B-Boy Bouillabaisse: A.W.O.L. (2009 Digital Remaster),hip hop,4649.0,Lauryn Hill,Interlude 5,r&b/soul,4646.0,Eminem,8 Mile,hip hop,4144.0,Beastie Boys,B-Boy Bouillabaisse: A.W.O.L. (2009 Digital Remaster),hip hop,5.201520312500001,Lauryn Hill,Interlude 5,r&b/soul,5.078399999999999,Eminem,8 Mile,hip hop,4.7198546875,DUNCAN SHEIK,House Full Of Riches (LP Version),folk,0.643648467534783,Wayne Hancock,Johnson City,country,0.6433441104184406,A Tribe Called Quest,Hot Sex,hip hop,0.6415703323556052,A Tribe Called Quest,Hot Sex,hip hop,0.6615110333655913,Wayne Hancock,Johnson City,country,0.6610239550759045,DUNCAN SHEIK,House Full Of Riches (LP Version),folk,0.6587729878647447,Beastie Boys,B-Boy Bouillabaisse: A.W.O.L. (2009 Digital Remaster),hip hop,271.06536328733443,Lauryn Hill,Interlude 5,r&b/soul,254.6676783877678,Eminem,8 Mile,hip hop,230.83041311739836,N-Dubz,Shoulda Put Something On,hip hop,133.69237488787516,Anastacia,Club Megamix,rock,133.48380608209726,Set Your Goals,like you to me,punk,130.6616756645537,Harry Connick_ Jr.,I'm Gonna Be The First One,jazz,0.2686761503756965,Soft Cell,Secret Life,electronic,0.24668529923095292,Katie Melua,In My Secret Life,jazz,0.22111858606014798,Harry Connick_ Jr.,I'm Gonna Be The First One,jazz,0.3137378551613777,Soft Cell,Secret Life,electronic,0.304295401013469,Anastacia,Club Megamix,rock,0.2879553994000554
TRVZCTL128E078F0BE,SOMBDFC12A67FFB370,ARDVZTE1187FB5A0A1,Bon Jovi,Come Back,rock,Lauryn Hill,Interlude 5,r&b/soul,5431.0,The Simpsons,Do The Bartman,hip hop,4639.0,Eminem,My Darling,hip hop,4343.0,Lauryn Hill,Interlude 5,r&b/soul,6.073450000000003,The Simpsons,Do The Bartman,hip hop,5.412915624999998,K-Ci & JoJo,Baby Come Back,blues,5.120710937499999,Dionne Warwick,This Empty Place,r&b/soul,0.7078124941040267,Public Enemy,Hit The Road Jack,hip hop,0.6154120263827059,Gerry Rafferty,Waiting For The Day,folk,0.60817787304158,Dionne Warwick,This Empty Place,r&b/soul,0.7176919689742273,Public Enemy,Hit The Road Jack,hip hop,0.627924595508214,Gotye,Coming Back,rock,0.6207378400836331,Beastie Boys,B-Boy Bouillabaisse: A.W.O.L. (2009 Digital Remaster),hip hop,201.542615182421,Lauryn Hill,Interlude 5,r&b/soul,175.29892870459494,Eminem,My Darling,hip hop,170.29327336124425,Jodeci,I'm Still Waiting,r&b/soul,120.55521781839752,Keith Sweat,Whatever You Want (LP Version),r&b/soul,115.19031559879951,Anastacia,Club Megamix,rock,110.94287954449742,Slim Harpo,One More Day,blues,0.33865278248216935,Janet Jackson,It All Comes Down To Love (Interlude),r&b/soul,0.33847110332556357,Ginuwine,Only When ur Lonely,r&b/soul,0.31620275149945104,Ginuwine,Only When ur Lonely,r&b/soul,0.3703291869629826,Slim Harpo,One More Day,blues,0.3687422606021652,Keith Sweat,Whatever You Want (LP Version),r&b/soul,0.35525814894943936
TRAERPT128F931103E,SODLKUO12A8C13CA35,ARFCUN31187B9AD578,The Rolling Stones,Time Is On My Side,rock,Lauryn Hill,Interlude 5,r&b/soul,5512.0,Beastie Boys,B-Boy Bouillabaisse: A.W.O.L. (2009 Digital Remaster),hip hop,4177.0,Twista,I'm A Winner (Amended Album Version),hip hop,4150.0,Lauryn Hill,Interlude 5,r&b/soul,6.255200000000002,Twista,I'm A Winner (Amended Album Version),hip hop,4.772637499999999,Beastie Boys,B-Boy Bouillabaisse: A.W.O.L. (2009 Digital Remaster),hip hop,4.690381250000001,Rebelution,Bump,reggae,0.6174952333359106,Emiliana Torrini,Sunny Road,folk,0.6082963913390315,Pete Murray,My Time,folk,0.6046994239029908,Rebelution,Bump,reggae,0.6317245601863423,Emiliana Torrini,Sunny Road,folk,0.6220350993992969,Pete Murray,My Time,folk,0.6179537643526559,Lauryn Hill,Interlude 5,r&b/soul,214.6208393311095,Matisyahu,Close My Eyes,reggae,168.6567719637313,Beastie Boys,B-Boy Bouillabaisse: A.W.O.L. (2009 Digital Remaster),hip hop,165.67780179929264,Boyz II Men,A Song For Mama,r&b/soul,125.28892536231328,K-Ci & JoJo,Baby Come Back,blues,123.87971336180735,Robin Trower,Day Of The Eagle,blues,122.72351979203154,Kelly Clarkson,Anytime,pop,0.32562455120063494,K-Ci & JoJo,Baby Come Back,blues,0.30184697436431923,Boyz II Men,A Song For Mama,r&b/soul,0.2913991315031266,Kelly Clarkson,Anytime,pop,0.3710027060439447,K-Ci & JoJo,Baby Come Back,blues,0.3469099092669185,Boyz II Men,A Song For Mama,r&b/soul,0.3386671725872323
TRQXTQT128E0781DA7,SOOPTNE12A58A7A9C2,ARFCUN31187B9AD578,The Rolling Stones,Fight (1994 Digital Remaster),rock,Twista,I'm A Winner (Amended Album Version),hip hop,2633.0,Beastie Boys,B-Boy Bouillabaisse: A.W.O.L. (2009 Digital Remaster),hip hop,2473.0,Lauryn Hill,Interlude 5,r&b/soul,2374.0,Twista,I'm A Winner (Amended Album Version),hip hop,3.005656250000001,Beastie Boys,B-Boy Bouillabaisse: A.W.O.L. (2009 Digital Remaster),hip hop,2.7257968750000003,N-Dubz,Don't Get Nine,reggae,2.5717656250000003,Slick Rick,Let's Get Crazy,hip hop,0.5751465587010615,Black Eyed Peas,Boom Boom Guetta,hip hop,0.5719654414363775,Us3,Knowledge Of Self,jazz,0.5457789755293402,Slick Rick,Let's Get Crazy,hip hop,0.5869260451657785,Black Eyed Peas,Boom Boom Guetta,hip hop,0.5821427032702406,Us3,Knowledge Of Self,jazz,0.5641824284529502,Public Enemy,Fight The Power,hip hop,196.20071875185616,Beastie Boys,B-Boy Bouillabaisse: A.W.O.L. (2009 Digital Remaster),hip hop,194.54167325487194,Eminem,8 Mile,hip hop,180.49878615497374,Public Enemy,Fight The Power,hip hop,159.4985713728003,Ke$ha,TiK ToK,pop,110.59430698321987,Robin Thicke,Shadow of Doubt,r&b/soul,107.96638852108629,Public Enemy,Fight The Power,hip hop,0.29972835009864446,Adequate Seven,Protest Beat,reggae,0.27552294393982735,Robin McKelle,Something's Gotta Give,jazz,0.268091722677269,Public Enemy,Fight The Power,hip hop,0.34429651111524195,Adequate Seven,Protest Beat,reggae,0.30982097721786406,Robin McKelle,Something's Gotta Give,jazz,0.3055071868079065
TRAUYZG12903CDA4E9,SOFZXTF12AB018D64B,ARDVZTE1187FB5A0A1,Bon Jovi,This Ain't A Love Song,rock,Lauryn Hill,Interlude 5,r&b/soul,7508.0,Beastie Boys,B-Boy Bouillabaisse: A.W.O.L. (2009 Digital Remaster),hip hop,6756.0,Twista,I'm A Winner (Amended Album Version),hip hop,6284.0,Lauryn Hill,Interlude 5,r&b/soul,8.566200000000002,Beastie Boys,B-Boy Bouillabaisse: A.W.O.L. (2009 Digital Remaster),hip hop,7.760256250000001,Twista,I'm A Winner (Amended Album Version),hip hop,7.319887500000001,Less Than Jake,I Think I Love You,reggae,0.8051857329093687,Shai,Waiting For The Day,r&b/soul,0.788702998401361,A Tribe Called Quest,Hot Sex,hip hop,0.7808211700212823,Less Than Jake,I Think I Love You,reggae,0.811090689424452,Shai,Waiting For The Day,r&b/soul,0.7967035442383458,A Tribe Called Quest,Hot Sex,hip hop,0.7912724714500076,Lauryn Hill,Interlude 5,r&b/soul,288.4863481339311,Tech N9ne,One Good Time,hip hop,226.69557573769484,Beastie Boys,B-Boy Bouillabaisse: A.W.O.L. (2009 Digital Remaster),hip hop,221.04041914268103,Common,I Want You,hip hop,141.0754349553958,N-Dubz,Work Work,reggae,132.94523357312434,Tech N9ne,One Good Time,hip hop,127.95578896896038,As I Lay Dying,The Innocence Spilled,metal,0.2685956574067638,Common,I Want You,hip hop,0.26531110725005597,K-Ci & JoJo,Fee Fie Foe Fum,blues,0.262848124160406,Common,I Want You,hip hop,0.3469059117531473,K-Ci & JoJo,Fee Fie Foe Fum,blues,0.3273805631491612,Matthew Ryan,They Were Wrong,folk,0.320896153928784
TRGESLP12903CE31C8,SORXQLX12AB018DCD0,ARDVZTE1187FB5A0A1,Bon Jovi,Superman Tonight,rock,Lauryn Hill,Interlude 5,r&b/soul,6716.0,Twista,I'm A Winner (Amended Album Version),hip hop,6492.0,Eminem,My Darling,hip hop,4885.0,Lauryn Hill,Interlude 5,r&b/soul,7.762499999999996,Twista,I'm A Winner (Amended Album Version),hip hop,7.701640625000002,Erykah Badu,I Want You,r&b/soul,5.825039062499993,Harry Belafonte,Angelina,latin,0.744122709842728,Clawfinger,Revenge,metal,0.7378428684441034,Tom T. Hall,I Care,country,0.7168699987176261,Harry Belafonte,Angelina,latin,0.7536153983852064,Clawfinger,Revenge,metal,0.7473253085125915,Tom T. Hall,I Care,country,0.7251740232902367,Beastie Boys,B-Boy Bouillabaisse: A.W.O.L. (2009 Digital Remaster),hip hop,217.96399879387752,Lauryn Hill,Interlude 5,r&b/soul,211.79830668162396,Eminem,8 Mile,hip hop,205.6497376055973,Afroman,Let's All Get Drunk,hip hop,137.84111608535613,Aaron Neville,Don't Fall Apart On Me Tonight,country,126.0837666879763,Aesop Rock,Night Light,hip hop,118.16272539530647,Edge Of Dawn,Beauty Lies Within,electronic,0.3143106647153496,Bebo Norman,Other Side of Day,rock,0.2658591994098906,Lunascape,Praise Me,electronic,0.26311960189713685,Edge Of Dawn,Beauty Lies Within,electronic,0.35695410967711794,Bebo Norman,Other Side of Day,rock,0.32084322832318596,Aaron Neville,Don't Fall Apart On Me Tonight,country,0.3114968345559171
TRPAYRK128E0792986,SOINXHP12AF729AF64,ARM7EDF1187B9B3FA1,Guns N' Roses,Bad Obsession,rock,Lauryn Hill,Interlude 5,r&b/soul,4959.0,Vanilla Ice,Ice Is Workin' It,hip hop,4298.0,Daft Punk,Touch It / Technologic,electronic,4243.0,Lauryn Hill,Interlude 5,r&b/soul,5.6030500000000005,Vanilla Ice,Ice Is Workin' It,hip hop,5.090837499999996,Daft Punk,Touch It / Technologic,electronic,5.068626562500006,Robbie Williams,It's De-Lovely,jazz,0.6857242031990199,Eric B. & Rakim,I Know You Got Soul,hip hop,0.6686499151381711,Tanya Tucker,Complicated,country,0.668580471901754,Robbie Williams,It's De-Lovely,jazz,0.6938261070099185,Eric B. & Rakim,I Know You Got Soul,hip hop,0.6816632591373338,Tanya Tucker,Complicated,country,0.6806678579502222,Lauryn Hill,Interlude 5,r&b/soul,220.30824589571276,Twista,Overdose (Album Version),hip hop,219.5201220457499,Beastie Boys,B-Boy Bouillabaisse: A.W.O.L. (2009 Digital Remaster),hip hop,206.95337647040944,Joss Stone,Killing Time,r&b/soul,129.95730789649878,KMD,Plumskinzz (Loose Hoe_ God & Cupid),hip hop,121.06070616477047,Twista,Overdose (Album Version),hip hop,118.11818568424847,Empty Trash,Last Man In The Bar,rock,0.31800090750571763,Joss Stone,Killing Time,r&b/soul,0.29354113554734723,Sophie Zelmani,Foolish,pop,0.2614138950815935,Empty Trash,Last Man In The Bar,rock,0.3526212131816878,Joss Stone,Killing Time,r&b/soul,0.34139544633357805,Fiddler's Green,Kma Goodbye,folk,0.29823634342328487
TRKMXIA128F4299423,SOEOSFP12A8C137912,ARULZ741187B9AD2EF,Elvis Presley,Anything That's Part Of You,rock,Lauryn Hill,Interlude 5,r&b/soul,2391.0,Twista,I'm A Winner (Amended Album Version),hip hop,2099.0,Erykah Badu,I Want You,r&b/soul,1814.0,Lauryn Hill,Interlude 5,r&b/soul,2.7748500000000007,Twista,I'm A Winner (Amended Album Version),hip hop,2.4839593750000013,Erykah Badu,I Want You,r&b/soul,2.1888859374999994,Syleena Johnson,All Of Me,r&b/soul,0.746385788700174,Angela Bofill,I Try,r&b/soul,0.7363996244341061,Rachael Yamagata,Even So,folk,0.7299466100960953,Syleena Johnson,All Of Me,r&b/soul,0.7539599172690951,Angela Bofill,I Try,r&b/soul,0.7443406805485832,Rachael Yamagata,Even So,folk,0.7396256980430455,Lauryn Hill,Interlude 5,r&b/soul,116.1694125063013,N-Dubz,Work Work,reggae,83.89587812150123,Atmosphere,Hair,hip hop,82.22789580015248,Jessica Simpson,For Your Love,pop,64.43313882669355,Onelinedrawing,Smile,punk,62.52892128183462,Van Hunt,Highlights,r&b/soul,59.80285852739138,Ladyhawke,Love Don't Live Here,electronic,0.27446210521585973,City And Colour,Love Don't Live Here Anymore,folk,0.26839173593080884,Onelinedrawing,Smile,punk,0.2624225940430781,Ladyhawke,Love Don't Live Here,electronic,0.3067375770714575,City And Colour,Love Don't Live Here Anymore,folk,0.29587284037487227,Onelinedrawing,Smile,punk,0.29306405227337134
TRTQRHY128F4241AFD,SORQYLM12A8C132BCF,ARCVKG01187B9B3273,Flyleaf,So I Thought,rock,Lauryn Hill,Interlude 5,r&b/soul,5229.0,Beastie Boys,B-Boy Bouillabaisse: A.W.O.L. (2009 Digital Remaster),hip hop,4046.0,Nelly,Splurge,hip hop,3444.0,Lauryn Hill,Interlude 5,r&b/soul,5.9060500000000005,Beastie Boys,B-Boy Bouillabaisse: A.W.O.L. (2009 Digital Remaster),hip hop,4.530478124999999,Nelly,Splurge,hip hop,3.991184375000002,The Streets,The Irony Of It All (Album Version),electronic,0.6785511036899029,Manafest,Runaway,hip hop,0.6678015224582337,Jeffrey Lewis,Gold,folk,0.6651327804910286,The Streets,The Irony Of It All (Album Version),electronic,0.6995095732471781,Jeffrey Lewis,Gold,folk,0.6827983773603467,Manafest,Runaway,hip hop,0.6821591001210576,Lauryn Hill,Interlude 5,r&b/soul,297.18202113261697,Beastie Boys,B-Boy Bouillabaisse: A.W.O.L. (2009 Digital Remaster),hip hop,283.8741171662171,KRS-One,The Truth,hip hop,193.4908152460557,KRS-One,The Truth,hip hop,120.82095197165798,Maroon 5,Nothing Lasts Forever,pop,120.21345448315644,Lauryn Hill,Interlude 5,r&b/soul,116.45341004346707,Bayside,Don't Call Me Peanut,folk,0.24966481375741303,Gary Moore,With Love (Remember),blues,0.242594235045118,Tristan Prettyman,Song For The Rich,folk,0.24195586025360877,Bayside,Don't Call Me Peanut,folk,0.3051026455392991,Tristan Prettyman,Song For The Rich,folk,0.30492043236405975,Gary Moore,With Love (Remember),blues,0.2925568950997795
TRXIEYZ128E078891B,SOQQWFI12A67020F95,ARN5NHX1187FB4F755,The Smashing Pumpkins,You're All I've Got Tonight,rock,Lauryn Hill,Interlude 5,r&b/soul,4719.0,Twista,I'm A Winner (Amended Album Version),hip hop,4640.0,Erykah Badu,I Want You,r&b/soul,4321.0,Twista,I'm A Winner (Amended Album Version),hip hop,5.576034375000001,Lauryn Hill,Interlude 5,r&b/soul,5.556049999999999,Erykah Badu,I Want You,r&b/soul,5.275298437500001,Faithless,Flowerstand Man,electronic,0.7903152019747691,Edith Piaf,Dont Cry,punk,0.7866418999556828,Gabrielle,Don't Need The Sun To Shine (To Make Me Smile),r&b/soul,0.7833835714390923,Faithless,Flowerstand Man,electronic,0.7947222995250784,Edith Piaf,Dont Cry,punk,0.7910766026911562,Gabrielle,Don't Need The Sun To Shine (To Make Me Smile),r&b/soul,0.7877065265735056,Lloyd Cole,I Didn't Know That You Cared,electronic,102.44242251896485,Afroman,Let's All Get Drunk,hip hop,100.66777959591332,Avant,Out of Character,blues,93.8978257601632,Lloyd Cole,I Didn't Know That You Cared,electronic,91.40959695781991,Modern Lovers,Someone i care about,punk,79.57949047935598,Ledisi,Alright,r&b/soul,79.31347478024227,Lloyd Cole,I Didn't Know That You Cared,electronic,0.385383808813259,Modern Lovers,Someone i care about,punk,0.36020172491232616,Tony Bennett,Who Cares (So Long As You Care For Me),jazz,0.3139558253488516,Lloyd Cole,I Didn't Know That You Cared,electronic,0.41072733163090114,Modern Lovers,Someone i care about,punk,0.3841206571628474,Useless I.D.,It's Alright,punk,0.3405485902399533
TRTGMIX128EF35E2B9,SOBEQEO12A6D4F6589,ARVN9FZ1187FB393F1,Snow Patrol,Signal Fire,rock,Lauryn Hill,Interlude 5,r&b/soul,4296.0,Danity Kane,Hold Me Down (Album Version),r&b/soul,3898.0,Twista,I'm A Winner (Amended Album Version),hip hop,3534.0,Lauryn Hill,Interlude 5,r&b/soul,4.903100000000001,Danity Kane,Hold Me Down (Album Version),r&b/soul,4.656178125000001,Twista,I'm A Winner (Amended Album Version),hip hop,4.112365625000001,Voxtrot,Kid Gloves,pop,0.7561324751613742,Willie Nelson,There You Are,country,0.6880967283036866,Cephalic Carnage,Eradicate Authority,metal,0.6832185460613155,Voxtrot,Kid Gloves,pop,0.7653227497600648,Willie Nelson,There You Are,country,0.7006864206843921,Cephalic Carnage,Eradicate Authority,metal,0.6970056264866659,Kanye West,Diamonds From Sierra Leone,hip hop,154.52471869048898,Lauryn Hill,Interlude 5,r&b/soul,152.34778900942345,Mobb Deep,Trife Life,hip hop,142.65345293503458,Next,I Still Love You,r&b/soul,97.6480497180357,Kanye West,Diamonds From Sierra Leone,hip hop,93.7908479982173,STRATOVARIUS,Elements,metal,93.55165300199167,Willie Nelson,There You Are,country,0.298607322013849,Cracker,Forever,rock,0.2975050799508543,Watchout! Theres Ghosts,Remember Me_ Oh God_ For Good,electronic,0.2833771572517035,Willie Nelson,There You Are,country,0.3415864999955494,Cracker,Forever,rock,0.32933202966418107,Watchout! Theres Ghosts,Remember Me_ Oh God_ For Good,electronic,0.327584359367888
TRHPKWO128F92E01D5,SOSRIAT12AB017A92E,ARVN9FZ1187FB393F1,Snow Patrol,The Lightning Strike,rock,Lauryn Hill,Interlude 5,r&b/soul,9419.0,Beastie Boys,B-Boy Bouillabaisse: A.W.O.L. (2009 Digital Remaster),hip hop,6572.0,Twista,I'm A Winner (Amended Album Version),hip hop,6061.0,Lauryn Hill,Interlude 5,r&b/soul,10.773250000000004,Beastie Boys,B-Boy Bouillabaisse: A.W.O.L. (2009 Digital Remaster),hip hop,7.378304687499996,Twista,I'm A Winner (Amended Album Version),hip hop,6.922390625,Jeffrey Lewis,Gold,folk,0.7933645568083744,Momus,Closer To You,electronic,0.792145001387719,OutKast,ATLiens,hip hop,0.7825338473631468,Momus,Closer To You,electronic,0.8061828556434271,Jeffrey Lewis,Gold,folk,0.804429407966123,OutKast,ATLiens,hip hop,0.7972870340363347,Lauryn Hill,Interlude 5,r&b/soul,423.9230178354112,Eminem,8 Mile,hip hop,412.5907251709131,Savatage,The Hourglass,metal,379.2132861876628,Savatage,The Hourglass,metal,162.30392817792557,Ja Rule,One of Us,hip hop,160.87712557315055,Eminem,8 Mile,hip hop,160.63600042608556,The Flatliners,This Respirator,reggae,0.29820270839577945,Supreme Majesty,Towards The Northern Star,metal,0.23867458430061886,The Flatliners,Mastering The World's Smallest Violin,punk,0.23426304022950467,The Flatliners,This Respirator,reggae,0.3762801589889655,The Flatliners,Mastering The World's Smallest Violin,punk,0.32451859415470247,Savatage,The Hourglass,metal,0.32311350548653345
TRDMUWU128E078EDDB,SOSXSMM12B0B808B45,ARH3S5S1187FB4F76B,Nirvana,Dumb,rock,Eminem,8 Mile,hip hop,5761.0,Mario Vazquez,Everytime I...,r&b/soul,5532.0,Rufio,Over It (Acoustic),punk,5293.0,Eminem,8 Mile,hip hop,6.92835625,Mario Vazquez,Everytime I...,r&b/soul,6.782812499999998,Rufio,Over It (Acoustic),punk,6.469668750000006,Lucky Dube,Slave,reggae,0.8522499273895713,Björk,Hunter,electronic,0.8177266369576526,MNEMIC,Liquid,metal,0.8149460905084935,Lucky Dube,Slave,reggae,0.854320402942529,Björk,Hunter,electronic,0.8202833315542979,MNEMIC,Liquid,metal,0.8176680877007546,Aqua,Happy Boys & Girls,pop,142.38900708251722,Classified,All About U,hip hop,125.17750510831898,Edwin Starr,H.A.P.P.Y. Radio,r&b/soul,119.29956563019947,Aqua,Happy Boys & Girls,pop,120.51991092101147,Edwin Starr,H.A.P.P.Y. Radio,r&b/soul,99.36224788128033,Neil Sedaka,That's When The Music Takes Me,pop,92.66630493591371,Neil Sedaka,That's When The Music Takes Me,pop,0.3194762924141266,Toni Braxton,Snowflakes Of Love,jazz,0.2953192809923774,Aqua,Happy Boys & Girls,pop,0.28948874089006926,Neil Sedaka,That's When The Music Takes Me,pop,0.34902580601532535,Toni Braxton,Snowflakes Of Love,jazz,0.33112767084481226,Aqua,Happy Boys & Girls,pop,0.32478711829288587
TRXEAZB128E078EDCE,SOCUARC12A6701E94D,ARH3S5S1187FB4F76B,Nirvana,Something In The Way,rock,Beastie Boys,B-Boy Bouillabaisse: A.W.O.L. (2009 Digital Remaster),hip hop,1654.0,The Pharcyde,Otha Fish,hip hop,1620.0,Lauryn Hill,Interlude 5,r&b/soul,1569.0,The Pharcyde,Otha Fish,hip hop,1.8947109374999984,Beastie Boys,B-Boy Bouillabaisse: A.W.O.L. (2009 Digital Remaster),hip hop,1.8578453125,Lauryn Hill,Interlude 5,r&b/soul,1.710550000000001,The Mighty Mighty Bosstones,1-2-8,reggae,0.5351227047975473,Thomas Dolby,I Live In A Suitcase,electronic,0.4937410124053578,Sophie Milman,Something In The Air Between Us,jazz,0.4919137624436698,The Mighty Mighty Bosstones,1-2-8,reggae,0.5449923084908624,Sophie Milman,Something In The Air Between Us,jazz,0.5030027606581198,Thomas Dolby,I Live In A Suitcase,electronic,0.502848558997199,Whitney Houston,Thinking About You,pop,162.70602691447817,Kurupt,It Ain't About You,hip hop,149.04111699627452,Mos Def,The Easy Spell,hip hop,148.99969686245336,Whitney Houston,Thinking About You,pop,149.54692554267572,Mos Def,The Easy Spell,hip hop,127.44544055777266,Javier,Slow Motion,r&b/soul,124.0535515888458,Rory Gallagher,Out On The Western Plain,blues,0.41894217921686194,Reel Big Fish,I'm Cool,reggae,0.4144782074171043,T.Rex,London Boys,rock,0.40786743892453275,Rory Gallagher,Out On The Western Plain,blues,0.4289492249151803,Reel Big Fish,I'm Cool,reggae,0.42753047382327286,T.Rex,London Boys,rock,0.4185292448046304
TRLKNKC128F42BC213,SOBDDMF12A8C142F73,ART3U3E1187B99B1B8,Switchfoot,Oh! Gravity.,rock,Abba,Move On,pop,3476.0,Horace Andy,Horse With No Name,reggae,3220.0,Daft Punk,Touch It / Technologic,electronic,1979.0,Abba,Move On,pop,4.226134375000003,Horace Andy,Horse With No Name,reggae,3.918049999999992,Daft Punk,Touch It / Technologic,electronic,2.3048968749999994,Salif Keita,Tu Vas Me Manquer,reggae,0.586457326532364,Blur,This Is A Low,pop,0.5384004064993884,Horace Andy,Horse With No Name,reggae,0.5378811808018172,Salif Keita,Tu Vas Me Manquer,reggae,0.5984292252518563,Sanctus Real,Dear Heart,rock,0.5492418123628318,Blur,This Is A Low,pop,0.5465566391201769,Beastie Boys,B-Boy Bouillabaisse: A.W.O.L. (2009 Digital Remaster),hip hop,176.57692400929895,Lauryn Hill,Interlude 5,r&b/soul,144.74368819539492,Bran Van 3000,Carry On,hip hop,144.06959711034574,Bran Van 3000,Carry On,hip hop,108.38468349770834,Ray Davies,Next Door Neighbour,hip hop,101.61956509020922,Petey Pablo,La Di Da Da Da,hip hop,98.90982341404288,Bachman-Turner Overdrive,Can We All Come Together,rock,0.2677330465579868,Deana Carter,Brand New Key,country,0.25679107411856406,Ray Davies,Next Door Neighbour,hip hop,0.25473697683319035,Bachman-Turner Overdrive,Can We All Come Together,rock,0.29932103236840996,Ray Davies,Next Door Neighbour,hip hop,0.2976949243976112,Deana Carter,Brand New Key,country,0.29398840267381016
TRVQBRZ128F423EEDC,SOLTQZY12A8C13262F,AR8V1WA1187B9AD9E9,The White Stripes,Hotel Yorba,rock,Lauryn Hill,Interlude 5,r&b/soul,3474.0,Beastie Boys,B-Boy Bouillabaisse: A.W.O.L. (2009 Digital Remaster),hip hop,3262.0,Twista,I'm A Winner (Amended Album Version),hip hop,2985.0,Lauryn Hill,Interlude 5,r&b/soul,3.917,Beastie Boys,B-Boy Bouillabaisse: A.W.O.L. (2009 Digital Remaster),hip hop,3.721664062499999,Twista,I'm A Winner (Amended Album Version),hip hop,3.4531718750000007,RODNEY CROWELL,Preachin' To The Choir,country,0.7582330870357503,Eminem,Rabbit Run,hip hop,0.7562221914571842,Us3,It's Like That,jazz,0.7549613622930027,RODNEY CROWELL,Preachin' To The Choir,country,0.7702018377557985,Eminem,Rabbit Run,hip hop,0.7697022889326173,OutKast,Claimin' True,hip hop,0.7676113742511766,Lauryn Hill,Interlude 5,r&b/soul,264.37814506928487,Beastie Boys,B-Boy Bouillabaisse: A.W.O.L. (2009 Digital Remaster),hip hop,209.54344014978943,The Simpsons,Do The Bartman,hip hop,180.6654795170154,Lauryn Hill,Interlude 5,r&b/soul,130.84850048070678,Clipse,Dirty Money,hip hop,104.20578295249457,The Simpsons,Do The Bartman,hip hop,103.64067260295676,Calvin Harris,Merrymaking At My Place,electronic,0.28759260086746774,The Mavericks,I've Got This Feeling,country,0.2672498574000339,Joss Stone,Dirty Man,r&b/soul,0.24620435447823236,Biz Markie,Albee Square Mall,hip hop,0.32582054583107256,Lauryn Hill,Interlude 5,r&b/soul,0.3244821528173971,Calvin Harris,Merrymaking At My Place,electronic,0.32146837063344796
TRBNXZS12903D0A686,SOECMVP12AB018584E,AR8V1WA1187B9AD9E9,The White Stripes,Prickly Thorn_ But Sweetly Worn (Live),rock,Electrelane,Cut And Run,punk,2005.0,Tryo,Yakamonéyé,reggae,2000.0,Fonky Family,Sans Rémission,hip hop,1840.0,Electrelane,Cut And Run,punk,2.439987499999998,Tryo,Yakamonéyé,reggae,2.4081625,The Darkness,Givin' Up (Clean Version),rock,2.2588562500000022,Emilie Simon,Dame De Lotus,electronic,0.6943300423565748,Clannad,Newgrange,folk,0.6163463101539621,Desorden Público,Cachos De Vaca,reggae,0.6132659532173739,Emilie Simon,Dame De Lotus,electronic,0.696014386308457,Clannad,Newgrange,folk,0.6197551352362225,Desorden Público,Cachos De Vaca,reggae,0.6164114922991636,Prince,I Love U In Me ( LP Version),r&b/soul,83.79730184552692,Momus,Closer To You,electronic,81.1703874161026,Lauryn Hill,Interlude 5,r&b/soul,81.11178433128131,Terranova,Burbujas De Amor,latin,60.462134304369286,Richie Spice,Empress,reggae,59.78985676494101,Patsy Cline,I Can See An Angel,country,56.53565570278016,Cirque du Soleil,Aureus,classical,0.29272810600850335,Veronica Maggio,Gammal sång,pop,0.2484299959581501,Brooks & Dunn,You're My Angel,country,0.24197765894403703,Cirque du Soleil,Aureus,classical,0.31029066753893014,Brooks & Dunn,You're My Angel,country,0.2649470575356275,Veronica Maggio,Gammal sång,pop,0.25856912948032007
TRGGBKA128F428E461,SOUOWLT12B0B8090EE,AR8V1WA1187B9AD9E9,The White Stripes,St. Andrew (This Battle Is In The Air),rock,Beastie Boys,B-Boy Bouillabaisse: A.W.O.L. (2009 Digital Remaster),hip hop,1264.0,R. Kelly,I Mean (I Don't Mean It),r&b/soul,1222.0,Eminem,8 Mile,hip hop,1219.0,R. Kelly,I Mean (I Don't Mean It),r&b/soul,1.4720140625000009,Beastie Boys,B-Boy Bouillabaisse: A.W.O.L. (2009 Digital Remaster),hip hop,1.470364062499999,Eminem,8 Mile,hip hop,1.4410109374999995,Johnny Cash,I Don't Know Where I'm Bound,country,0.7244140790479021,Nancy Sinatra,Flowers On The Wall,pop,0.7160973949141465,K'Naan,Soobax,hip hop,0.7079455354299297,Johnny Cash,I Don't Know Where I'm Bound,country,0.7305466957501099,Nancy Sinatra,Flowers On The Wall,pop,0.7234409976117012,K'Naan,Soobax,hip hop,0.7154168297111289,Prince,I Love U In Me ( LP Version),r&b/soul,66.43499529158382,All-4-One,When I Needed an Angel,blues,56.53697506436717,Andrew Lloyd Webber,Wandering Child,classical,56.14283060761917,All-4-One,When I Needed an Angel,blues,49.466584271292525,Andrew Lloyd Webber,Wandering Child,classical,49.25038307862315,Steel Pulse,Sound Check,reggae,49.01467728636519,All-4-One,When I Needed an Angel,blues,0.322869403128849,Andrew Lloyd Webber,Wandering Child,classical,0.29846624519744236,Brooks & Dunn,You're My Angel,country,0.2873799018716117,All-4-One,When I Needed an Angel,blues,0.3500052399973628,Andrew Lloyd Webber,Wandering Child,classical,0.32499428275870024,Brooks & Dunn,You're My Angel,country,0.3081864383882161
TRICQHX128F93269FC,SOCBJHG12AB018221C,ARHWR8B1187FB557D3,The Decemberists,I Was Meant For the Stage,rock,Lauryn Hill,Interlude 5,r&b/soul,3248.0,Beastie Boys,B-Boy Bouillabaisse: A.W.O.L. (2009 Digital Remaster),hip hop,2799.0,Eminem,My Darling,hip hop,2409.0,Lauryn Hill,Interlude 5,r&b/soul,3.7104,Beastie Boys,B-Boy Bouillabaisse: A.W.O.L. (2009 Digital Remaster),hip hop,3.2063875000000017,Eminem,My Darling,hip hop,2.7972625,On Thorns I Lay,Unsung Songs,punk,0.6778851728936454,Snoop Dogg,Snoopafella (Edited),hip hop,0.674630242256838,Stephanie McIntosh,Overcome,pop,0.659759726639855,On Thorns I Lay,Unsung Songs,punk,0.6896120792620495,Snoop Dogg,Snoopafella (Edited),hip hop,0.68744313583429,Stephanie McIntosh,Overcome,pop,0.6718526262720028,Eminem,My Darling,hip hop,171.03839567746599,Mobb Deep,Trife Life,hip hop,160.10712042640918,The Maine,You Left Me,electronic,152.26869540570866,The Maine,You Left Me,electronic,128.39591786294343,Kelly Clarkson,Cry,pop,109.97153592255039,Mary J. Blige,Can't Get You Off My Mind,r&b/soul,105.89177087017326,The Beautiful Mistake,Stavesail,punk,0.2934728019446533,Alphaville,20th Century,pop,0.29167826678686304,Sia,Lentil (Live),punk,0.26824495978908885,Alphaville,20th Century,pop,0.32690647470676226,The Beautiful Mistake,Stavesail,punk,0.31275264745318765,Sia,Lentil (Live),punk,0.3088012687295238
TRAFWEV128F428D391,SOLUABP12AF72A2CD2,ARQRQRA12131B4B5A8,Cake,Alpha Beta Parking Lot,rock,Public Enemy,Go Cat Go,hip hop,1168.0,Bowling For Soup,Here We Go,punk,932.0,Jill Scott,Watching ME,r&b/soul,909.0,Public Enemy,Go Cat Go,hip hop,1.392574999999995,Bowling For Soup,Here We Go,punk,1.1019250000000005,Jill Scott,Watching ME,r&b/soul,1.0764375,Allure,When The Shades Go Down,r&b/soul,0.4937935301576605,Memphis Minnie,Down In The Alley,blues,0.4059407962643196,Status Quo,Going Down Town Tonight,blues,0.397399202728992,Allure,When The Shades Go Down,r&b/soul,0.5072720027291517,Memphis Minnie,Down In The Alley,blues,0.4217757702746407,Status Quo,Going Down Town Tonight,blues,0.4132216074206019,Atmosphere,Breathing,hip hop,123.10739078764252,Kurupt,It Ain't About You,hip hop,120.78723568455844,Dilated Peoples,Expansion Team Theme,hip hop,111.24979590364873,Atmosphere,Breathing,hip hop,85.94227396953964,Lupe Fiasco,I Gotcha (Amended Album Version),hip hop,76.24731532635279,Melanie,Baby Day,folk,76.18853152514993,Disco,Enemmän,pop,0.28549268952803103,Juha Tapio,Sitä jotakin,pop,0.26006122460842684,The Black Keys,When The Lights Go Out,blues,0.25984598016198474,Disco,Enemmän,pop,0.2899222336297087,The Black Keys,When The Lights Go Out,blues,0.28710156381688884,Juha Tapio,Sitä jotakin,pop,0.2654071157477848
TRJRIBM128E0788E18,SODMWLI12AF72A4B62,ARN5NHX1187FB4F755,The Smashing Pumpkins,An Ode To No One,rock,Lauryn Hill,Interlude 5,r&b/soul,5496.0,Twista,I'm A Winner (Amended Album Version),hip hop,4564.0,Beastie Boys,B-Boy Bouillabaisse: A.W.O.L. (2009 Digital Remaster),hip hop,4194.0,Lauryn Hill,Interlude 5,r&b/soul,6.3916,Twista,I'm A Winner (Amended Album Version),hip hop,5.392350000000002,Beastie Boys,B-Boy Bouillabaisse: A.W.O.L. (2009 Digital Remaster),hip hop,4.842425,Blues Traveler,Hook,blues,0.7951978809961535,Anastacia,Club Megamix,rock,0.7723695528503047,Eminem,My Darling,hip hop,0.7670884585037325,Blues Traveler,Hook,blues,0.8039964189580877,Anastacia,Club Megamix,rock,0.7826352889810418,Eminem,My Darling,hip hop,0.7773461322803495,Eminem,My Darling,hip hop,180.5935984353616,Beastie Boys,B-Boy Bouillabaisse: A.W.O.L. (2009 Digital Remaster),hip hop,168.12173827895893,Lauryn Hill,Interlude 5,r&b/soul,151.74766735840075,Eminem,My Darling,hip hop,103.674320059421,Black Eyed Peas,A8,hip hop,90.72585481071167,Lee Ryan,Real Love,pop,89.32327993255895,Iggy Pop,Sixteen,punk,0.3026332083411833,Bon Jovi,Come Back,rock,0.287501887489746,Kelly Clarkson,Anytime,pop,0.2697785967819258,Iggy Pop,Sixteen,punk,0.3407964155459447,Bon Jovi,Come Back,rock,0.33742427669425284,Kelly Clarkson,Anytime,pop,0.3267809030579962
TRIVTJA128F92C1E80,SOITHUR12D021B2253,AR4EQ231187B99368F,The Fray,Over My Head (Cable Car),rock,Beastie Boys,B-Boy Bouillabaisse: A.W.O.L. (2009 Digital Remaster),hip hop,5072.0,Lauryn Hill,Interlude 5,r&b/soul,4981.0,Eminem,8 Mile,hip hop,3802.0,Beastie Boys,B-Boy Bouillabaisse: A.W.O.L. (2009 Digital Remaster),hip hop,5.7725859375,Lauryn Hill,Interlude 5,r&b/soul,5.547749999999996,Rufio,Over It (Acoustic),punk,4.472492187499999,A Tribe Called Quest,Baby Phife's Return,hip hop,0.6687672182264233,Aztec Camera,Over My Head,jazz,0.6666687317476198,Aceyalone,Impact,hip hop,0.6627895203521763,A Tribe Called Quest,Baby Phife's Return,hip hop,0.6872381079484433,Aceyalone,Impact,hip hop,0.6811183880332392,Beastie Boys,B-Boy Bouillabaisse: A.W.O.L. (2009 Digital Remaster),hip hop,0.6807915148652416,Beastie Boys,B-Boy Bouillabaisse: A.W.O.L. (2009 Digital Remaster),hip hop,277.92667765937495,Lauryn Hill,Interlude 5,r&b/soul,217.11182780416365,N-Dubz,Sex,hip hop,210.0037522776183,N-Dubz,Sex,hip hop,136.93323569878117,Amy Studt,Seconds Away,folk,129.47365576967266,The Arrogant Sons Of Bitches,Kill The President,punk,118.34550919673934,Thursday,Beyond The Visible Spectrum,punk,0.27405233392905376,Amy Studt,Seconds Away,folk,0.2715007343521298,Strapping Young Lad,Detox,metal,0.2662945530562426,N-Dubz,Sex,hip hop,0.3251490959396633,Thursday,Beyond The Visible Spectrum,punk,0.31993276805138277,The Charlie Daniels Band,Sweetwater Texas,country,0.3197311966414819
TRFLRXQ128F4280CCC,SOSUBHV12AF72A4220,ARNBMT71187B993523,Interpol,No I In Threesome,rock,Lauryn Hill,Interlude 5,r&b/soul,3523.0,Beastie Boys,B-Boy Bouillabaisse: A.W.O.L. (2009 Digital Remaster),hip hop,2279.0,The Pharcyde,Otha Fish,hip hop,1809.0,Lauryn Hill,Interlude 5,r&b/soul,3.93455,Beastie Boys,B-Boy Bouillabaisse: A.W.O.L. (2009 Digital Remaster),hip hop,2.45636875,The Pharcyde,Otha Fish,hip hop,2.017406250000001,Digable Planets,Time & Space (A New Refutation Of),hip hop,0.6741674511813411,Jamiroquai,Virtual Insanity,r&b/soul,0.612532435202626,KRS ONE,I'm On The Mic,reggae,0.6025781309495514,Digable Planets,Time & Space (A New Refutation Of),hip hop,0.6941691458972855,Jamiroquai,Virtual Insanity,r&b/soul,0.6360508790162288,KRS ONE,I'm On The Mic,reggae,0.6276982836863315,Lauryn Hill,Interlude 5,r&b/soul,205.95394383667883,Ryan Leslie,Just Right,r&b/soul,187.5849047406912,Beastie Boys,B-Boy Bouillabaisse: A.W.O.L. (2009 Digital Remaster),hip hop,181.8695871461809,Bob Marley & The Wailers,Baby We've Got A Date (Rock It Baby),reggae,144.30797889716277,Ryan Leslie,Just Right,r&b/soul,143.57860100528768,Billie Piper,Day And Night,pop,125.65447030663655,T.Rex,The Street And Babe Shadow,rock,0.3093519832855615,Bob Marley & The Wailers,Baby We've Got A Date (Rock It Baby),reggae,0.3040347662516084,Billie Piper,Day And Night,pop,0.2955149993208797,Billie Piper,Day And Night,pop,0.335866846085898,Bob Marley & The Wailers,Baby We've Got A Date (Rock It Baby),reggae,0.3355565757920394,T.Rex,The Street And Babe Shadow,rock,0.33469847035633093
TRYBPGK128F4255BE3,SOMZRXL12A81C224B9,ARNBMT71187B993523,Interpol,Pace Is The Trick,rock,Lauryn Hill,Interlude 5,r&b/soul,7670.0,Twista,I'm A Winner (Amended Album Version),hip hop,6745.0,Erykah Badu,I Want You,r&b/soul,6282.0,Lauryn Hill,Interlude 5,r&b/soul,9.079199999999997,Twista,I'm A Winner (Amended Album Version),hip hop,8.099059375000001,Erykah Badu,I Want You,r&b/soul,7.665685937500004,Hello Saferide,Get Sick Soon,folk,0.8149429309249543,The Puppini Sisters,I Will Survive,jazz,0.8147521904392876,Next,I Still Love You,r&b/soul,0.812836057679905,Hello Saferide,Get Sick Soon,folk,0.8193274341404784,The Puppini Sisters,I Will Survive,jazz,0.8188116606805397,Next,I Still Love You,r&b/soul,0.817231008371945,UGK (Underground Kingz),She Luv It,hip hop,141.1228167731174,Collie Buddz,Mamacita,reggae,136.41648554920948,Beastie Boys,B-Boy Bouillabaisse: A.W.O.L. (2009 Digital Remaster),hip hop,133.9063174198266,Collie Buddz,Mamacita,reggae,116.11582969230894,UGK (Underground Kingz),She Luv It,hip hop,106.0874942995498,Boyz II Men,I'll Make Love To You,r&b/soul,88.90040437563677,Junkie XL,Today,electronic,0.2991716338918328,Collie Buddz,Mamacita,reggae,0.2859214867846022,Massive Attack,Saturday Come Slow,electronic,0.25647771552197324,Junkie XL,Today,electronic,0.3295784382183359,Collie Buddz,Mamacita,reggae,0.3198544655362285,Jon B.,Love Don't Do,blues,0.288083745852322
TRGXNCJ128F425FB1C,SOMUPLQ12A8C137A19,ARD4C1I1187FB4B0C3,Pink Floyd,Embryo,rock,Beastie Boys,B-Boy Bouillabaisse: A.W.O.L. (2009 Digital Remaster),hip hop,570.0,Eminem,8 Mile,hip hop,522.0,The Roots,Mellow My Man,hip hop,477.0,Beastie Boys,B-Boy Bouillabaisse: A.W.O.L. (2009 Digital Remaster),hip hop,0.6509500000000001,Eminem,8 Mile,hip hop,0.6060499999999996,The Roots,Mellow My Man,hip hop,0.5634000000000001,Jazzamor,a piece of my heart,electronic,0.633871215339536,Mos Def,Life Is Real,hip hop,0.5800623891708329,Z-RO,Pain,hip hop,0.563832577801047,Jazzamor,a piece of my heart,electronic,0.644044563029919,Mos Def,Life Is Real,hip hop,0.5921780421560326,Z-RO,Pain,hip hop,0.5784299846612481,Marques Houston,Cancel (Album Version),r&b/soul,56.85558563186577,Organized Konfusion,Releasing Hypnotical Gases,hip hop,54.165557217523634,Eminem,8 Mile,hip hop,48.01866708090246,Marques Houston,Cancel (Album Version),r&b/soul,47.19901692651064,Organized Konfusion,Releasing Hypnotical Gases,hip hop,39.42127753268545,Midnite,Bak Bone,reggae,38.77514283995884,Puppetmastaz,Re-Evolute,hip hop,0.24949885068583522,General Surgery,Viva ! blunt force trauma,metal,0.24618472945955377,Marques Houston,Cancel (Album Version),r&b/soul,0.21705342362011823,Puppetmastaz,Re-Evolute,hip hop,0.2667678376851668,General Surgery,Viva ! blunt force trauma,metal,0.2559140682024051,Marques Houston,Cancel (Album Version),r&b/soul,0.24843192478837733
TRFNRGN128E0791E0E,SOWIUZN12AF72A8206,AROAILX1187FB3F858,Buckcherry,Borderline,rock,Lauryn Hill,Interlude 5,r&b/soul,4443.0,Twista,I'm A Winner (Amended Album Version),hip hop,3252.0,Beastie Boys,B-Boy Bouillabaisse: A.W.O.L. (2009 Digital Remaster),hip hop,3012.0,Lauryn Hill,Interlude 5,r&b/soul,5.066149999999997,Twista,I'm A Winner (Amended Album Version),hip hop,3.746337499999999,Beastie Boys,B-Boy Bouillabaisse: A.W.O.L. (2009 Digital Remaster),hip hop,3.35723125,Blondie,Bang A Gong/Funtime (Live),punk,0.6322931374034679,Omarion,Slow Dancin',r&b/soul,0.6298289238099611,Del Amitri,Driving With The Brakes On,rock,0.6125180453386286,Omarion,Slow Dancin',r&b/soul,0.6478263358315635,Blondie,Bang A Gong/Funtime (Live),punk,0.6445612454740545,Del Amitri,Driving With The Brakes On,rock,0.6304138813128498,Mos Def,The Easy Spell,hip hop,287.67059513275706,Kurupt,It Ain't About You,hip hop,263.64053424815455,Beastie Boys,B-Boy Bouillabaisse: A.W.O.L. (2009 Digital Remaster),hip hop,244.54756575801645,Mos Def,The Easy Spell,hip hop,231.97398288659952,Whitney Houston,Thinking About You,pop,203.80756329281877,TLC,Shock Dat Monkey,r&b/soul,191.20240791422802,Rory Gallagher,Out On The Western Plain,blues,0.44991820256437215,T.Rex,London Boys,rock,0.4377988168720437,Dwight Yoakam,My Bucket's Got a Hole In It (2006 Remastered Live Version),country,0.4000437349054445,Rory Gallagher,Out On The Western Plain,blues,0.46515414541999806,T.Rex,London Boys,rock,0.4546274756807271,Dwight Yoakam,My Bucket's Got a Hole In It (2006 Remastered Live Version),country,0.4251838263537402
TROLTZX128E0791C1A,SOJMWLO12CF5CFD711,ARK9TRQ1187B99C095,Nine Inch Nails,March Of The Pigs,rock,Lauryn Hill,Interlude 5,r&b/soul,3227.0,Daft Punk,Touch It / Technologic,electronic,3205.0,Vanilla Ice,Ice Is Workin' It,hip hop,3145.0,Daft Punk,Touch It / Technologic,electronic,3.855553124999999,Vanilla Ice,Ice Is Workin' It,hip hop,3.750725,Lauryn Hill,Interlude 5,r&b/soul,3.651950000000001,Kosheen,I Want It All,electronic,0.8052932454843871,Incognito,Givin' It Up,jazz,0.7126312415649387,Utada,The Workout,pop,0.7124165491346326,Kosheen,I Want It All,electronic,0.8101077396977312,Utada,The Workout,pop,0.721850688965359,Incognito,Givin' It Up,jazz,0.7214450813240924,Twiztid,She Ain't Afraid,hip hop,168.76403710595483,Lauryn Hill,Interlude 5,r&b/soul,140.4352630696693,Set Your Goals,like you to me,punk,138.57045720947696,Twiztid,She Ain't Afraid,hip hop,106.4450852858389,Set Your Goals,like you to me,punk,95.73442255307022,Korn,Let's Do This Now,metal,95.16377075397376,Bad Boys Blue,Do What You Do,pop,0.2856109147766004,Korn,Let's Do This Now,metal,0.27921065462839406,Jonny Lang,Back For A Taste Of Your Love,blues,0.2652002004645901,Bad Boys Blue,Do What You Do,pop,0.3275358833804492,Korn,Let's Do This Now,metal,0.32561546217782694,Set Your Goals,like you to me,punk,0.3043279472224644
TRJZZCN128E07938C5,SOCKPDE12A8C142F18,ARK9TRQ1187B99C095,Nine Inch Nails,Burn,rock,Lauryn Hill,Interlude 5,r&b/soul,7001.0,Twista,I'm A Winner (Amended Album Version),hip hop,6435.0,Erykah Badu,I Want You,r&b/soul,5628.0,Lauryn Hill,Interlude 5,r&b/soul,8.118749999999999,Twista,I'm A Winner (Amended Album Version),hip hop,7.630390625000009,Erykah Badu,I Want You,r&b/soul,6.802539062499992,Leonard Cohen,Iodine,folk,0.68439788699927,Dawn of Relic,The Awakening,metal,0.6730086350221878,KATAKLYSM,Beyond Salvation,metal,0.6698055118746653,Leonard Cohen,Iodine,folk,0.6934422098783025,Dawn of Relic,The Awakening,metal,0.6826999556404979,Brian McKnight,The Biggest Part Of Me,r&b/soul,0.6781740625850733,Lauryn Hill,Interlude 5,r&b/soul,217.8850307700187,Eminem,8 Mile,hip hop,177.1476640912305,Recoil,Curse,electronic,173.18502070978016,Ill Niño,Re-Birth,metal,122.38878625011554,Ladyhawke,Crazy World,electronic,121.64679769329845,Seventh Day Slumber,Burning Bridges,rock,108.81078835986776,Shadows Fall,A Fire In Babylon,metal,0.31379791968076975,Ladyhawke,Crazy World,electronic,0.30903973927017153,Morcheeba,Part Of The Process,electronic,0.30545292409285396,Shadows Fall,A Fire In Babylon,metal,0.34660816841290354,Ladyhawke,Crazy World,electronic,0.33680073039527303,Morcheeba,Part Of The Process,electronic,0.33621684335833607
TRCZLLQ128E0792778,SOQQTFV12A6701C5F6,ARK9TRQ1187B99C095,Nine Inch Nails,Something I Can Never Have,rock,Lauryn Hill,Interlude 5,r&b/soul,5843.0,Twista,I'm A Winner (Amended Album Version),hip hop,5555.0,Erykah Badu,I Want You,r&b/soul,4630.0,Lauryn Hill,Interlude 5,r&b/soul,6.728750000000002,Twista,I'm A Winner (Amended Album Version),hip hop,6.567968749999999,Erykah Badu,I Want You,r&b/soul,5.576171875000007,Bouncing Souls_ The,Pervert,electronic,0.7097192879324549,Eminem,Rabbit Run,hip hop,0.7019291300778593,Alexandra Burke,Overcome,r&b/soul,0.6954959771666969,Bouncing Souls_ The,Pervert,electronic,0.7191572913316754,Eminem,Rabbit Run,hip hop,0.7142202978242902,Scars Of Life,Descending,rock,0.7064460518795056,Lauryn Hill,Interlude 5,r&b/soul,225.7761115544357,Eminem,8 Mile,hip hop,185.04805956399974,Beastie Boys,B-Boy Bouillabaisse: A.W.O.L. (2009 Digital Remaster),hip hop,173.83920565049195,Lauryn Hill,Interlude 5,r&b/soul,110.3566013906359,Amber Pacific,The Right to Write Me Off,punk,102.98381520530607,Alexandra Burke,Overcome,r&b/soul,100.83922688041612,Field Music,You're Not Supposed To,r&b/soul,0.30701484650230687,The Offspring,Get It Right (Album Version),punk,0.2996986669349994,Alexandra Burke,Overcome,r&b/soul,0.2933452907944297,The Offspring,Get It Right (Album Version),punk,0.3497786287695695,Alexandra Burke,Overcome,r&b/soul,0.34448317925452543,Field Music,You're Not Supposed To,r&b/soul,0.3347328997010867
TRUIAKW128F428C787,SOKFHMY12A8C13EB40,AR16GSC1187B9A6291,Eagles,It's Your World Now,rock,Lauryn Hill,Interlude 5,r&b/soul,2221.0,Beastie Boys,B-Boy Bouillabaisse: A.W.O.L. (2009 Digital Remaster),hip hop,1948.0,Vanilla Ice,Ice Is Workin' It,hip hop,1874.0,Lauryn Hill,Interlude 5,r&b/soul,2.39675,Vanilla Ice,Ice Is Workin' It,hip hop,2.163062500000001,Beastie Boys,B-Boy Bouillabaisse: A.W.O.L. (2009 Digital Remaster),hip hop,2.1176328125,M People,It's Your World,electronic,0.6498008704708494,Dungeon Family,Trans DF Express,r&b/soul,0.6334212423742768,Jeru The Damaja,Physical Stamina,hip hop,0.6295670587096441,M People,It's Your World,electronic,0.6596681150755037,Dungeon Family,Trans DF Express,r&b/soul,0.6553116452402609,Jeru The Damaja,Physical Stamina,hip hop,0.6538628246021678,Beastie Boys,B-Boy Bouillabaisse: A.W.O.L. (2009 Digital Remaster),hip hop,183.77214582843695,Lauryn Hill,Interlude 5,r&b/soul,178.28464862977103,Anastacia,Club Megamix,rock,155.59717040785745,Sia,Lentil (Live),punk,99.28682974290426,Anastacia,Club Megamix,rock,88.29673953345127,The Pharcyde,Passin' Me By,hip hop,80.78242309614548,Sia,Lentil (Live),punk,0.28269249792361,Marty Robbins,Ribbon Of Darkness,country,0.2550023113096756,Nightwish,Beauty And The Beast,metal,0.24773636992904724,Sia,Lentil (Live),punk,0.33851567562030105,Nightwish,Beauty And The Beast,metal,0.31568026581100816,Marty Robbins,Ribbon Of Darkness,country,0.3148420177864743
TRCRHFK128F427FD8F,SOLBZDL12CF5F88BE5,AR5FP401187FB523C9,Bob Dylan,Something There Is About You,rock,Lauryn Hill,Interlude 5,r&b/soul,3707.0,Beastie Boys,B-Boy Bouillabaisse: A.W.O.L. (2009 Digital Remaster),hip hop,2735.0,Twista,I'm A Winner (Amended Album Version),hip hop,2468.0,Lauryn Hill,Interlude 5,r&b/soul,4.2749500000000005,Beastie Boys,B-Boy Bouillabaisse: A.W.O.L. (2009 Digital Remaster),hip hop,3.11869375,Twista,I'm A Winner (Amended Album Version),hip hop,2.8505125,Momus,Closer To You,electronic,0.74361694019914,Bobby Bare,Numbers,country,0.730175397922587,AZ,Rebirth,hip hop,0.724128103468443,Momus,Closer To You,electronic,0.7577498803644956,Bobby Bare,Numbers,country,0.7458850623957862,AZ,Rebirth,hip hop,0.7401553649414182,Beastie Boys,B-Boy Bouillabaisse: A.W.O.L. (2009 Digital Remaster),hip hop,189.50465507593367,Lauryn Hill,Interlude 5,r&b/soul,169.70168944369357,Savatage,The Hourglass,metal,144.19056186000057,Kero One,My Story,jazz,84.70701361584268,Beastie Boys,B-Boy Bouillabaisse: A.W.O.L. (2009 Digital Remaster),hip hop,77.75103017771974,KRS-One,The Truth,hip hop,70.81044547677371,B.B. King,All Over Again,blues,0.21630762363368625,The Statler Brothers,How Great Thou Art,country,0.2060344860004994,Blind Pilot,Paint or Pollen,folk,0.2058163123548817,Kero One,My Story,jazz,0.29575181554392177,Blues Traveler,Hook,blues,0.2833028852246933,Mac Lethal,Rotten Apple Pie,hip hop,0.27931955230834976
TRMOUUU128F14ADE16,SOJFEHH12A6BD546BE,ART1UFU1187FB4C9B6,Hawk Nelson,From Underneath,rock,Lauryn Hill,Interlude 5,r&b/soul,5271.0,Twista,I'm A Winner (Amended Album Version),hip hop,4153.0,Beastie Boys,B-Boy Bouillabaisse: A.W.O.L. (2009 Digital Remaster),hip hop,3679.0,Lauryn Hill,Interlude 5,r&b/soul,6.144849999999999,Twista,I'm A Winner (Amended Album Version),hip hop,4.901146875,Erykah Badu,I Want You,r&b/soul,4.339354687500003,Clawfinger,Revenge,metal,0.8009023141441404,Angela Bofill,I Try,r&b/soul,0.7904405219413324,Rachael Yamagata,Even So,folk,0.787951820773056,Clawfinger,Revenge,metal,0.8082816309693984,Angela Bofill,I Try,r&b/soul,0.7967210771082904,Rachael Yamagata,Even So,folk,0.796042228096731,Lauryn Hill,Interlude 5,r&b/soul,216.8876534274578,Beastie Boys,B-Boy Bouillabaisse: A.W.O.L. (2009 Digital Remaster),hip hop,171.26667589756943,Eminem,8 Mile,hip hop,164.51182305143635,Lauryn Hill,Interlude 5,r&b/soul,93.43492560284025,Amerie,Can't Let Go,r&b/soul,88.26039709313312,Classified,Freezin In The Cold,hip hop,88.08399702470362,Buck-O-Nine,New Generation,reggae,0.27312700706536236,The Slackers,Dave's Friend,reggae,0.26568292074790145,Gil Scott-Heron,Me And The Devil,blues,0.25431392934234615,Gil Scott-Heron,Me And The Devil,blues,0.321884101747899,Buck-O-Nine,New Generation,reggae,0.3163261231531191,The Slackers,Dave's Friend,reggae,0.31484645258685795
TRCURQD128F427C75B,SORFOFF12A8C13B65E,ART1UFU1187FB4C9B6,Hawk Nelson,Turn It On,rock,Daft Punk,Touch It / Technologic,electronic,5163.0,Vanilla Ice,Ice Is Workin' It,hip hop,4137.0,Lauryn Hill,Interlude 5,r&b/soul,3732.0,Daft Punk,Touch It / Technologic,electronic,6.2004703125,Vanilla Ice,Ice Is Workin' It,hip hop,4.8678375,Vanilla Ice,It's A Party,hip hop,4.3336781250000005,7 Seconds,Still On It,metal,0.6198809405616665,Gregory Isaac,Soon Forward,reggae,0.6097171299105217,Daft Punk,Touch It / Technologic,electronic,0.6068337736836154,7 Seconds,Still On It,metal,0.628830735698054,Gregory Isaac,Soon Forward,reggae,0.6196653660624779,Daft Punk,Touch It / Technologic,electronic,0.6156384251057921,Lauryn Hill,Interlude 5,r&b/soul,267.10631992102026,Alicia Keys,Tell You Something (Nana's Reprise),r&b/soul,230.11727621602972,Beastie Boys,B-Boy Bouillabaisse: A.W.O.L. (2009 Digital Remaster),hip hop,211.51589746994097,Alicia Keys,Tell You Something (Nana's Reprise),r&b/soul,177.5919336658033,RBD,Wanna Play,latin,131.34937772928137,Lauryn Hill,Oh Jerusalem,r&b/soul,125.59854300095517,Travis,Turn,pop,0.28838066980001803,Alicia Keys,Tell You Something (Nana's Reprise),r&b/soul,0.2584077157411286,Gregory Isaac,Soon Forward,reggae,0.23824924457308427,Travis,Turn,pop,0.3263915710679241,Alicia Keys,Tell You Something (Nana's Reprise),r&b/soul,0.3108313792447694,Crystal Waters,100% Pure Love,electronic,0.28530469565240846
TRRKJGZ128F148128F,SOAQCXS12D02191FC1,ART1UFU1187FB4C9B6,Hawk Nelson,Something On My Mind,rock,Lauryn Hill,Interlude 5,r&b/soul,5348.0,Beastie Boys,B-Boy Bouillabaisse: A.W.O.L. (2009 Digital Remaster),hip hop,5240.0,Eminem,8 Mile,hip hop,4451.0,Lauryn Hill,Interlude 5,r&b/soul,5.978900000000001,Beastie Boys,B-Boy Bouillabaisse: A.W.O.L. (2009 Digital Remaster),hip hop,5.959504687500003,Eminem,8 Mile,hip hop,5.118120312500001,Violent Femmes,Add It Up,rock,0.6941411320428972,2Pac,Strictly 4 My N.I.G.G.A.Z.,hip hop,0.6924215499834865,Bad Cash Quartet,Valentine,rock,0.682566635235837,Violent Femmes,Add It Up,rock,0.7084196530693658,2Pac,Strictly 4 My N.I.G.G.A.Z.,hip hop,0.7072370898212105,Aesop Rock,Battery,hip hop,0.6977719503390314,Beastie Boys,B-Boy Bouillabaisse: A.W.O.L. (2009 Digital Remaster),hip hop,282.12235174966094,Lauryn Hill,Interlude 5,r&b/soul,248.36073773464764,Eminem,8 Mile,hip hop,216.3424124959524,Beastie Boys,B-Boy Bouillabaisse: A.W.O.L. (2009 Digital Remaster),hip hop,139.37643422281587,Michael Jackson,Man In The Mirror,pop,138.9141667324852,Kanye West,Diamonds From Sierra Leone,hip hop,132.54042321496647,Ferry Corsten,On My Mind,electronic,0.3376399909417921,Bad Cash Quartet,Valentine,rock,0.3084055047868884,Sammie,I Like It (Remix),hip hop,0.28375446681102706,Ferry Corsten,On My Mind,electronic,0.35668843048060195,Bad Cash Quartet,Valentine,rock,0.3519111176959091,Sammie,I Like It (Remix),hip hop,0.33546167128735865
